# source_table	Fill pass values
# rows	65
# snapshot_id	2026-10-06-values
# status	Second decoding pass over the values the corrected table lacked and nobody had read in game: decoded-baseline 57; unresolved 8. Rows left unresolved here were later read in game (In_Game_Observations.tsv).
# baseline	Compendium level 1 figures: character damage 10, healing 10, no talents, no Magical Objects.
# source_version	Steam PC 1.05.01.01.27384 2026/06/16 #773b656a63 (prior export attribution)
id	page	form	name	part	kind	text_key	tooltip_arg	field	game_text	unit	table_value	table_status	table_formula	table_source_property	table_notes	value	formula	status	evidence	notes
r6bf43a7f	Aladdin		Jinniya of the Lamp	Trait	value	Ability_Trait_Desc	0	power_wish_damage	POWER: Deals [?] damage all around	damage		missing	(Level Damage Selector{[State] Character_Common\Bhv Preview\Behaviour Preview => DMG; True => DMG} * (25.0 * runtime_operand[1341]) * (1.0 + AP + NO_TALENT_OBJECT_MODIFIER(Trait Ability AP Modifier Listener)))	formatter argument; kind=0; format=2	Formatter/configuration decoding only; engine-fed operands and runtime branches preserved.  Blocked: Runtime selector predicate [State] Character_Common\Bhv Preview\Behaviour Preview.0xfd2833c is not established by serialized flag initialization; Property access needs engine semantics; no fallback substitution (Behaviour Preview.0xfd2833c); Engine-fed operation operand binding; serialized fallback must not replace live operand (operand binding 1341)	250	DMG=10; HEALING=10; AP=0; add(1,0); multiply(25,1); add(1,0,0); multiply(10,25,1); raw_argument=250.0; kind-byte=0; formatter=2 => 250	decoded-baseline	codex-fill-evidence.json -> records[r6bf43a7f]; EntitySettings\Heroes\Hero_Aladdin!Hero_Aladdin.entity.ot.EntitySettingsResource.gen@0x6dd7f arg=0 kind-byte=0 padded-word=0x0 format=2 -> EntitySettings\Heroes\Hero_Aladdin!Hero_Aladdin.entity.ot.EntitySettingsResource.gen@0x5018d property=0x17ae7811 -> EntitySettings\Heroes\Hero_Aladdin!Hero_Aladdin.entity.ot.EntitySettingsResource.gen@0x50215 -> EntitySettings\Character_Common\Character_Common.entity.ot.EntitySettingsResource.gen@0x56f54 property=0xfd2c964 -> EntitySettings\Character_Common\Character_Common.entity.ot.EntitySettingsResource.gen@0x32ecd property=0x15879235 -> EntitySettings\Heroes\Hero_Aladdin!Hero_Aladdin.entity.ot.EntitySettingsResource.gen@0x4ff19 property=0x17ae7811 -> EntitySettings\Heroes\Hero_Aladdin!Hero_Aladdin.entity.ot.EntitySettingsResource.gen@0x4ffa8 -> EntitySettings\Heroes\Hero_Aladdin!Hero_Aladdin.entity.ot.EntitySettingsResource.gen@0xa57e4 property=0xfd2c964 -> EntitySettings\Heroes\Hero_Aladdin!Hero_Aladdin.entity.ot.EntitySettingsResource.gen@0xe1019 object-index=1341 -> EntitySettings\Heroes\Hero_Aladdin!Hero_Aladdin.entity.ot.EntitySettingsResource.gen@0xe1019 property=None -> EntitySettings\Heroes\Hero_Aladdin!Hero_Aladdin.entity.ot.EntitySettingsResource.gen@0xe1019 -> EntitySettings\Heroes\Hero_Aladdin!Hero_Aladdin.entity.ot.EntitySettingsResource.gen@0x8d40b property=0xfd2c964 -> add(1,0) -> multiply(25,1) -> EntitySettings\Heroes\Hero_Common!Hero_Common.entity.ot.EntitySettingsResource.gen@0x8fa2e property=0x17ae7811 -> EntitySettings\Heroes\Hero_Common!Hero_Common.entity.ot.EntitySettingsResource.gen@0x8faa2 -> EntitySettings\Character_Common\Character_Common.entity.ot.EntitySettingsResource.gen@0x59bde property=0xfd2c964 -> EntitySettings\Heroes\Hero_Common!Hero_Common.entity.ot.EntitySettingsResource.gen@0x99336 property=0x15a57291 -> add(1,0,0) -> multiply(10,25,1)	Compendium level 1, day, DMG=10, HEALING=10, AP=0, no talents/objects; untouched ability preview; Potency=0. Explicit Night calibration descriptions use night; YIN text uses Yin, paired descriptions use paired mode. Value derived from the typed argument graph, not an observed-value lookup.
r31bb897f	Aladdin		Jinniya of the Lamp	Trait	value	Ability_Trait_Desc	4	defense_wish_permanent_shield	DEFENSE: Revives all nearby Heroes or fully heals them with a permanent [?] SHIELD	shield		missing	(Level Healing Selector{[State] Character_Common\Bhv Preview\Behaviour Preview => HEALING; True => DMG} * 3.0 * runtime_operand[1353])	formatter argument; kind=0; format=2	Formatter/configuration decoding only; engine-fed operands and runtime branches preserved.  Blocked: Runtime selector predicate [State] Character_Common\Bhv Preview\Behaviour Preview.0xfd2833c is not established by serialized flag initialization; Property access needs engine semantics; no fallback substitution (Behaviour Preview.0xfd2833c); Engine-fed operation operand binding; serialized fallback must not replace live operand (operand binding 1353)	30	DMG=10; HEALING=10; AP=0; add(1,0); multiply(10,3,1); raw_argument=30.0; kind-byte=0; formatter=2 => 30	decoded-baseline	codex-fill-evidence.json -> records[r31bb897f]; EntitySettings\Heroes\Hero_Aladdin!Hero_Aladdin.entity.ot.EntitySettingsResource.gen@0x6dd7f arg=4 kind-byte=0 padded-word=0x0 format=2 -> EntitySettings\Heroes\Hero_Aladdin!Hero_Aladdin.entity.ot.EntitySettingsResource.gen@0x4c239 property=0x17ae7811 -> EntitySettings\Heroes\Hero_Aladdin!Hero_Aladdin.entity.ot.EntitySettingsResource.gen@0x4c2bd -> EntitySettings\Character_Common\Character_Common.entity.ot.EntitySettingsResource.gen@0x571a5 property=0xfd2c964 -> EntitySettings\Character_Common\Character_Common.entity.ot.EntitySettingsResource.gen@0x32ecd property=0x1b4416d9 -> EntitySettings\Heroes\Hero_Aladdin!Hero_Aladdin.entity.ot.EntitySettingsResource.gen@0xa195d property=0xfd2c964 -> EntitySettings\Heroes\Hero_Aladdin!Hero_Aladdin.entity.ot.EntitySettingsResource.gen@0xe1cae object-index=1353 -> EntitySettings\Heroes\Hero_Aladdin!Hero_Aladdin.entity.ot.EntitySettingsResource.gen@0xe1cae property=None -> EntitySettings\Heroes\Hero_Aladdin!Hero_Aladdin.entity.ot.EntitySettingsResource.gen@0xe1cae -> EntitySettings\Heroes\Hero_Aladdin!Hero_Aladdin.entity.ot.EntitySettingsResource.gen@0x8d8be property=0xfd2c964 -> add(1,0) -> multiply(10,3,1)	Compendium level 1, day, DMG=10, HEALING=10, AP=0, no talents/objects; untouched ability preview; Potency=0. Explicit Night calibration descriptions use night; YIN text uses Yin, paired descriptions use paired mode. Value derived from the typed argument graph, not an observed-value lookup.
r82557202	Aladdin		Enchanted Blades	Abilities	value	Ability_Special_Desc	1	max_total_damage	Throw scimitars: They move forward, stop to spin, then return to Aladdin, dealing up to [?] damage	damage		missing	((Level Damage Selector{[State] Character_Common\Bhv Preview\Behaviour Preview => DMG; True => DMG} * 1.5 * (1.0 + AP + NO_TALENT_OBJECT_MODIFIER(Secondary Ability AP Modifier Listener))) + (Level Damage Selector{[State] Character_Common\Bhv Preview\Behaviour Preview => DMG; True => DMG} * 1.5 * (1.0 + AP + NO_TALENT_OBJECT_MODIFIER(Secondary Ability AP Modifier Listener)) * runtime_operand[1351]) + (Level Damage Selector{[State] Character_Common\Bhv Preview\Behaviour Preview => DMG; True => DMG} * 1.5 * (1.0 + AP + NO_TALENT_OBJECT_MODIFIER(Secondary Ability AP Modifier Listener))))	formatter argument; kind=0; format=2	Formatter/configuration decoding only; engine-fed operands and runtime branches preserved.  Blocked: Runtime selector predicate [State] Character_Common\Bhv Preview\Behaviour Preview.0xfd2833c is not established by serialized flag initialization; Property access needs engine semantics; no fallback substitution (Behaviour Preview.0xfd2833c); Engine-fed operation operand binding; serialized fallback must not replace live operand (operand binding 1351)	90	DMG=10; HEALING=10; AP=0; add(1,0,0); multiply(10,1.5,1); add(1,0,0); divide(1,0.25); multiply(10,1.5,1,4); add(1,0,0); multiply(10,1.5,1); add(15,60,15); raw_argument=90.0; kind-byte=0; formatter=2 => 90	decoded-baseline	codex-fill-evidence.json -> records[r82557202]; EntitySettings\Heroes\Hero_Aladdin!Hero_Aladdin.entity.ot.EntitySettingsResource.gen@0x69229 arg=1 kind-byte=0 padded-word=0x0 format=2 -> EntitySettings\Heroes\Hero_Aladdin!Hero_Aladdin.entity.ot.EntitySettingsResource.gen@0x4d895 property=0x17ae7811 -> EntitySettings\Heroes\Hero_Aladdin!Hero_Aladdin.entity.ot.EntitySettingsResource.gen@0x4d921 -> EntitySettings\Heroes\Hero_Aladdin!Hero_Aladdin.entity.ot.EntitySettingsResource.gen@0x4d36c property=0x17ae7811 -> EntitySettings\Heroes\Hero_Aladdin!Hero_Aladdin.entity.ot.EntitySettingsResource.gen@0x4d3f7 -> EntitySettings\Character_Common\Character_Common.entity.ot.EntitySettingsResource.gen@0x56f54 property=0xfd2c964 -> EntitySettings\Character_Common\Character_Common.entity.ot.EntitySettingsResource.gen@0x32ecd property=0x15879235 -> EntitySettings\Heroes\Hero_Aladdin!Hero_Aladdin.entity.ot.EntitySettingsResource.gen@0xa32b3 property=0xfd2c964 -> EntitySettings\Heroes\Hero_Common!Hero_Common.entity.ot.EntitySettingsResource.gen@0x8f56d property=0x17ae7811 -> EntitySettings\Heroes\Hero_Common!Hero_Common.entity.ot.EntitySettingsResource.gen@0x8f5e5 -> EntitySettings\Character_Common\Character_Common.entity.ot.EntitySettingsResource.gen@0x59bde property=0xfd2c964 -> EntitySettings\Heroes\Hero_Common!Hero_Common.entity.ot.EntitySettingsResource.gen@0x987a7 property=0x15a57291 -> add(1,0,0) -> multiply(10,1.5,1) -> EntitySettings\Heroes\Hero_Aladdin!Hero_Aladdin.entity.ot.EntitySettingsResource.gen@0x4d5e4 property=0x17ae7811 -> EntitySettings\Heroes\Hero_Aladdin!Hero_Aladdin.entity.ot.EntitySettingsResource.gen@0x4d675 -> EntitySettings\Heroes\Hero_Aladdin!Hero_Aladdin.entity.ot.EntitySettingsResource.gen@0xa3521 property=0xfd2c964 -> EntitySettings\Heroes\Hero_Aladdin!Hero_Aladdin.entity.ot.EntitySettingsResource.gen@0xe1a4e object-index=1351 -> EntitySettings\Heroes\Hero_Aladdin!Hero_Aladdin.entity.ot.EntitySettingsResource.gen@0xe1a4e property=None -> EntitySettings\Heroes\Hero_Aladdin!Hero_Aladdin.entity.ot.EntitySettingsResource.gen@0xe1a4e -> EntitySettings\Heroes\Hero_Aladdin!Hero_Aladdin.entity.ot.EntitySettingsResource.gen@0x91ee0 property=0xfd2c964 -> EntitySettings\Heroes\Hero_Aladdin!Hero_Aladdin.entity.ot.EntitySettingsResource.gen@0xa35d5 property=0xfd2c964 -> EntitySettings\Heroes\Hero_Aladdin!Hero_Aladdin.entity.ot.EntitySettingsResource.gen@0xa3680 property=0xfd2c964 -> divide(1,0.25) -> multiply(10,1.5,1,4) -> add(15,60,15)	Compendium level 1, day, DMG=10, HEALING=10, AP=0, no talents/objects; untouched ability preview; Potency=0. Explicit Night calibration descriptions use night; YIN text uses Yin, paired descriptions use paired mode. Value derived from the typed argument graph, not an observed-value lookup.
r403f86ee	Aladdin		Dream Wish	Ultimates	value	Ability_Ultimate_1_Desc	0	dream_shard_cost	Consume [?] Dream Shards to earn an additional TRAIT charge	dream_shards		missing	(150 * runtime_operand[1352])	formatter argument; kind=1; format=0	Formatter/configuration decoding only; engine-fed operands and runtime branches preserved.  Blocked: Engine-fed operation operand binding; serialized fallback must not replace live operand (operand binding 1352); Runtime selector predicate [Dt Skill Controller] Hero_Aladdin\Skills\Skill Controller Ultimate 1 Upgrade 2.0x15fc6bf9 is not established by serialized flag initialization; Runtime selector predicate [Dt Skill Controller] Hero_Aladdin\Skills\Skill Controller Ultimate 1 Upgrade 2.0x15fc6bf1 is not established by serialized flag initialization; Runtime selector predicate [Dt Skill Contro	150	DMG=10; HEALING=10; AP=0; subtract(1,0); multiply(150,1); raw_argument=150.0; kind-byte=1; formatter=0 => 150	decoded-baseline	codex-fill-evidence.json -> records[r403f86ee]; EntitySettings\Heroes\Hero_Aladdin!Hero_Aladdin.entity.ot.EntitySettingsResource.gen@0x6e16d arg=0 kind-byte=1 padded-word=0x1 format=0 -> EntitySettings\Heroes\Hero_Aladdin!Hero_Aladdin.entity.ot.EntitySettingsResource.gen@0xa5c87 property=0xfd2c965 -> EntitySettings\Heroes\Hero_Aladdin!Hero_Aladdin.entity.ot.EntitySettingsResource.gen@0x4c5ab property=0x17ae780b -> EntitySettings\Heroes\Hero_Aladdin!Hero_Aladdin.entity.ot.EntitySettingsResource.gen@0x4c62b -> EntitySettings\Heroes\Hero_Aladdin!Hero_Aladdin.entity.ot.EntitySettingsResource.gen@0xa5b41 property=0xfd2c965 -> EntitySettings\Heroes\Hero_Aladdin!Hero_Aladdin.entity.ot.EntitySettingsResource.gen@0xe1bb8 object-index=1352 -> EntitySettings\Heroes\Hero_Aladdin!Hero_Aladdin.entity.ot.EntitySettingsResource.gen@0xe1bb8 property=None -> EntitySettings\Heroes\Hero_Aladdin!Hero_Aladdin.entity.ot.EntitySettingsResource.gen@0xe1bb8 -> EntitySettings\Heroes\Hero_Aladdin!Hero_Aladdin.entity.ot.EntitySettingsResource.gen@0x99e7f property=0xfd2c964 -> subtract(1,0) -> multiply(150,1)	Compendium level 1, day, DMG=10, HEALING=10, AP=0, no talents/objects; untouched ability preview; Potency=0. Explicit Night calibration descriptions use night; YIN text uses Yin, paired descriptions use paired mode. Value derived from the typed argument graph, not an observed-value lookup.
rc62785ce	Aladdin		Magic Carpet	Ultimates	cooldown	Ability_Ultimate_2_Desc		cooldown		seconds		missing	(15.0 0x17b29bf0 90.0 0x17b29bf0 unresolved(Ultimate Power 2 Active Timer))	Ultimate Power 2 Controller	Formatter/configuration decoding only; engine-fed operands and runtime branches preserved.  Blocked: Property access needs engine semantics; no fallback substitution (Ultimate Power 2 Active Timer.0xfd2825a)	90.0	90.0	decoded-baseline	codex-cooldown-analysis.json -> fill_cooldowns[rc62785ce]; EntitySettings\Heroes\Hero_Aladdin!Hero_Aladdin.entity.ot.EntitySettingsResource.gen@0x68308	Compendium level 1, day, DMG=10, HEALING=10, AP=0, no talents/objects; untouched ability preview; Potency=0. Explicit Night calibration descriptions use night; YIN text uses Yin, paired descriptions use paired mode. Controller selected by canonical title key and shared override GUID; Compendium maximum/display override takes precedence over runtime-state cooldown.
r1e3250a7	Melusine		Wisp Ballet	Ultimates	cooldown	Ability_Ultimate_2_Desc		cooldown		seconds		missing	(10.0 0x17b29bf0 60.0 0x17b29bf0 unresolved(Ultimate 2 Active Timer))	Ultimate Power 2 Controller	Formatter/configuration decoding only; engine-fed operands and runtime branches preserved.  Blocked: Property access needs engine semantics; no fallback substitution (Ultimate 2 Active Timer.0xfd2825a)	60.0	60.0	decoded-baseline	codex-cooldown-analysis.json -> fill_cooldowns[r1e3250a7]; EntitySettings\Heroes\Hero_Melusine!Hero_Melusine.entity.ot.EntitySettingsResource.gen@0x4b2b6	Compendium level 1, day, DMG=10, HEALING=10, AP=0, no talents/objects; untouched ability preview; Potency=0. Explicit Night calibration descriptions use night; YIN text uses Yin, paired descriptions use paired mode. Controller selected by canonical title key and shared override GUID; Compendium maximum/display override takes precedence over runtime-state cooldown.
r31734c2c	Geppetto		Meca-Puppet	Ultimates	value	Ability_Ultimate_1_Desc	0	damage_per_second	Create an autonomous PUPPET that will attack the closest target and deal up to [?] damage per second	damage_per_second		missing	(Level Damage Selector{[State] Character_Common\Bhv Preview\Behaviour Preview => DMG; True => DMG} * runtime_operand[871] * (1.0 + AP + NO_TALENT_OBJECT_MODIFIER(Basic Attack AP Modifier Listener)))	formatter argument; kind=0; format=2	Formatter/configuration decoding only; engine-fed operands and runtime branches preserved.  Blocked: Runtime selector predicate [State] Character_Common\Bhv Preview\Behaviour Preview.0xfd2833c is not established by serialized flag initialization; Property access needs engine semantics; no fallback substitution (Behaviour Preview.0xfd2833c); Engine-fed operation operand binding; serialized fallback must not replace live operand (operand binding 871); Referenced component GUID not found in explicitly loaded owner/shared files		Unresolved: Fractional damage display is not calibrated by the supplied observations: raw=77.1869634, formatter=2. Rounding or decimal presentation cannot be independently established from these files.; raw argument=77.18696341123412	unresolved	codex-fill-evidence.json -> records[r31734c2c]; EntitySettings\Heroes\Hero_Geppetto!Hero_Geppetto.entity.ot.EntitySettingsResource.gen@0x3b665 arg=0 kind-byte=0 padded-word=0x0 format=2 -> EntitySettings\Heroes\Hero_Geppetto!Hero_Geppetto.entity.ot.EntitySettingsResource.gen@0x2979d property=0x17ae7811 -> EntitySettings\Heroes\Hero_Geppetto!Hero_Geppetto.entity.ot.EntitySettingsResource.gen@0x29818 -> EntitySettings\Character_Common\Character_Common.entity.ot.EntitySettingsResource.gen@0x56f54 property=0xfd2c964 -> EntitySettings\Character_Common\Character_Common.entity.ot.EntitySettingsResource.gen@0x32ecd property=0x15879235 -> EntitySettings\Heroes\Hero_Geppetto!Hero_Geppetto.entity.ot.EntitySettingsResource.gen@0x8cb54 object-index=871 -> EntitySettings\Heroes\Hero_Geppetto!Hero_Geppetto.entity.ot.EntitySettingsResource.gen@0x8cb54 property=None -> EntitySettings\Heroes\Hero_Geppetto!Hero_Geppetto.entity.ot.EntitySettingsResource.gen@0x8cb54 -> EntitySettings\Heroes\Hero_Geppetto!Hero_Geppetto.entity.ot.EntitySettingsResource.gen@0x695d1 property=0xfd2c964 -> divide(9,1.16600001) -> EntitySettings\Heroes\Hero_Common!Hero_Common.entity.ot.EntitySettingsResource.gen@0x8cd6e property=0x17ae7811 -> EntitySettings\Heroes\Hero_Common!Hero_Common.entity.ot.EntitySettingsResource.gen@0x8cde1 -> EntitySettings\Character_Common\Character_Common.entity.ot.EntitySettingsResource.gen@0x59bde property=0xfd2c964 -> EntitySettings\Heroes\Hero_Common!Hero_Common.entity.ot.EntitySettingsResource.gen@0x95da8 property=0x15a57291 -> add(1,0,0) -> multiply(10,7.71869634,1)	Compendium level 1, day, DMG=10, HEALING=10, AP=0, no talents/objects; untouched ability preview; Potency=0. Explicit Night calibration descriptions use night; YIN text uses Yin, paired descriptions use paired mode. Blocked: Fractional damage display is not calibrated by the supplied observations: raw=77.1869634, formatter=2. Rounding or decimal presentation cannot be independently established from these files.
r8029bce0	Geppetto		Overclock	Ultimates	value	Ability_Ultimate_2_Desc	0	damage_per_second	Make all DUMMIES spin around and track nearby enemies, each one dealing [?] damage per second all around	damage_per_second		missing	(Level Damage Selector{[State] Character_Common\Bhv Preview\Behaviour Preview => DMG; True => DMG} * 1.0 * runtime_operand[870] * (1.0 + AP + NO_TALENT_OBJECT_MODIFIER(Ultimate AP Modifier Listener)))	formatter argument; kind=0; format=2	Formatter/configuration decoding only; engine-fed operands and runtime branches preserved.  Blocked: Runtime selector predicate [State] Character_Common\Bhv Preview\Behaviour Preview.0xfd2833c is not established by serialized flag initialization; Property access needs engine semantics; no fallback substitution (Behaviour Preview.0xfd2833c); Engine-fed operation operand binding; serialized fallback must not replace live operand (operand binding 870)	50	DMG=10; HEALING=10; AP=0; divide(1,0.200000003); add(1,0,0); multiply(10,1,4.99999993,1); raw_argument=49.99999925494195; kind-byte=0; formatter=2 => 50	decoded-baseline	codex-fill-evidence.json -> records[r8029bce0]; EntitySettings\Heroes\Hero_Geppetto!Hero_Geppetto.entity.ot.EntitySettingsResource.gen@0x3b924 arg=0 kind-byte=0 padded-word=0x0 format=2 -> EntitySettings\Heroes\Hero_Geppetto!Hero_Geppetto.entity.ot.EntitySettingsResource.gen@0x299b1 property=0x17ae7811 -> EntitySettings\Heroes\Hero_Geppetto!Hero_Geppetto.entity.ot.EntitySettingsResource.gen@0x29a2c -> EntitySettings\Character_Common\Character_Common.entity.ot.EntitySettingsResource.gen@0x56f54 property=0xfd2c964 -> EntitySettings\Character_Common\Character_Common.entity.ot.EntitySettingsResource.gen@0x32ecd property=0x15879235 -> EntitySettings\Heroes\Hero_Geppetto!Hero_Geppetto.entity.ot.EntitySettingsResource.gen@0x69919 property=0xfd2c964 -> EntitySettings\Heroes\Hero_Geppetto!Hero_Geppetto.entity.ot.EntitySettingsResource.gen@0x8ca7b object-index=870 -> EntitySettings\Heroes\Hero_Geppetto!Hero_Geppetto.entity.ot.EntitySettingsResource.gen@0x8ca7b property=None -> EntitySettings\Heroes\Hero_Geppetto!Hero_Geppetto.entity.ot.EntitySettingsResource.gen@0x8ca7b -> EntitySettings\Heroes\Hero_Geppetto!Hero_Geppetto.entity.ot.EntitySettingsResource.gen@0x69a6a property=0xfd2c964 -> divide(1,0.200000003) -> EntitySettings\Heroes\Hero_Common!Hero_Common.entity.ot.EntitySettingsResource.gen@0x8fbf8 property=0x17ae7811 -> EntitySettings\Heroes\Hero_Common!Hero_Common.entity.ot.EntitySettingsResource.gen@0x8fc67 -> EntitySettings\Character_Common\Character_Common.entity.ot.EntitySettingsResource.gen@0x59bde property=0xfd2c964 -> EntitySettings\Heroes\Hero_Common!Hero_Common.entity.ot.EntitySettingsResource.gen@0x994b9 property=0x15a57291 -> add(1,0,0) -> multiply(10,1,4.99999993,1)	Compendium level 1, day, DMG=10, HEALING=10, AP=0, no talents/objects; untouched ability preview; Potency=0. Explicit Night calibration descriptions use night; YIN text uses Yin, paired descriptions use paired mode. Value derived from the typed argument graph, not an observed-value lookup.
r6588beb5	Geppetto		Overclock	Ultimates	cooldown	Ability_Ultimate_2_Desc		cooldown		seconds		missing	(10.0 + runtime_operand[869])	Ultimate Power 2 Controller	Formatter/configuration decoding only; engine-fed operands and runtime branches preserved.  Blocked: Engine-fed operation operand binding; serialized fallback must not replace live operand (operand binding 869)	70.0	add(10.0,multiply(Trait Ability Max Controllable Dummies Selector{False => 4; True => 3},20.0))	decoded-baseline	codex-cooldown-analysis.json -> fill_cooldowns[r6588beb5]; EntitySettings\Heroes\Hero_Geppetto!Hero_Geppetto.entity.ot.EntitySettingsResource.gen@0x3a0c9	Compendium level 1, day, DMG=10, HEALING=10, AP=0, no talents/objects; untouched ability preview; Potency=0. Explicit Night calibration descriptions use night; YIN text uses Yin, paired descriptions use paired mode. Controller selected by canonical title key and shared override GUID; Compendium maximum/display override takes precedence over runtime-state cooldown.
rf9537418	Sun Wukong		Taiji	Trait	value	Ability_Trait_Desc	1	nearby_hero_shield	YIN: All abilities gain 10% LIFE ON HIT, all heroes around gain [?] SHIELD for ? seconds	shield		missing	(Level Healing Selector{[State] Character_Common\Bhv Preview\Behaviour Preview => HEALING; True => DMG} * 1.5 * Stance Amplification Factor Selector{[State] Hero_SunWukong\Ability Common\State Stance Is Amplified => 1.5; True => 1.0} * runtime_operand[1456])	formatter argument; kind=0; format=2	Formatter/configuration decoding only; engine-fed operands and runtime branches preserved.  Blocked: Runtime selector predicate [State] Character_Common\Bhv Preview\Behaviour Preview.0xfd2833c is not established by serialized flag initialization; Property access needs engine semantics; no fallback substitution (Behaviour Preview.0xfd2833c); Runtime selector predicate [State] Hero_SunWukong\Ability Common\State Stance Is Amplified.0xfd2832a is not established by serialized flag initialization; Property access needs engine semantics; no fallback substitution (State Stance Is Amplified.0xfd2832a)	15	DMG=10; HEALING=10; AP=0; add(1,0); divide(1,1); multiply(10,1.5,1,1); raw_argument=15.0; kind-byte=0; formatter=2 => 15	decoded-baseline	codex-fill-evidence.json -> records[rf9537418]; EntitySettings\Heroes\Hero_SunWukong!Hero_SunWukong.entity.ot.EntitySettingsResource.gen@0x64709 arg=1 kind-byte=0 padded-word=0x0 format=2 -> EntitySettings\Heroes\Hero_SunWukong!Hero_SunWukong.entity.ot.EntitySettingsResource.gen@0x51214 property=0x17ae7811 -> EntitySettings\Heroes\Hero_SunWukong!Hero_SunWukong.entity.ot.EntitySettingsResource.gen@0x51281 -> EntitySettings\Character_Common\Character_Common.entity.ot.EntitySettingsResource.gen@0x571a5 property=0xfd2c964 -> EntitySettings\Character_Common\Character_Common.entity.ot.EntitySettingsResource.gen@0x32ecd property=0x1b4416d9 -> EntitySettings\Heroes\Hero_SunWukong!Hero_SunWukong.entity.ot.EntitySettingsResource.gen@0xa8cb1 property=0xfd2c964 -> EntitySettings\Heroes\Hero_SunWukong!Hero_SunWukong.entity.ot.EntitySettingsResource.gen@0x9c12d property=0xfd2c964 -> EntitySettings\Heroes\Hero_SunWukong!Hero_SunWukong.entity.ot.EntitySettingsResource.gen@0x100243 object-index=1456 -> EntitySettings\Heroes\Hero_SunWukong!Hero_SunWukong.entity.ot.EntitySettingsResource.gen@0x100243 property=None -> EntitySettings\Heroes\Hero_SunWukong!Hero_SunWukong.entity.ot.EntitySettingsResource.gen@0x100243 -> EntitySettings\Heroes\Hero_SunWukong!Hero_SunWukong.entity.ot.EntitySettingsResource.gen@0x1002b1 object-index=1457 -> EntitySettings\Heroes\Hero_SunWukong!Hero_SunWukong.entity.ot.EntitySettingsResource.gen@0x1002b1 property=None -> EntitySettings\Heroes\Hero_SunWukong!Hero_SunWukong.entity.ot.EntitySettingsResource.gen@0x1002b1 -> EntitySettings\Heroes\Hero_SunWukong!Hero_SunWukong.entity.ot.EntitySettingsResource.gen@0x9da9c property=0xfd2c964 -> add(1,0) -> divide(1,1) -> multiply(10,1.5,1,1)	Compendium level 1, day, DMG=10, HEALING=10, AP=0, no talents/objects; untouched ability preview; Potency=0. Explicit Night calibration descriptions use night; YIN text uses Yin, paired descriptions use paired mode. Value derived from the typed argument graph, not an observed-value lookup. Evaluates the explicitly described YIN branch; unamplified Shield=15.
r2a1fb1be	Sun Wukong		Taiji	Trait	value	Ability_Trait_Desc	2	shield_duration	YIN: All abilities gain 10% LIFE ON HIT, all heroes around gain ? SHIELD for [?] seconds	seconds		missing	(6.0 * runtime_operand[1458])	formatter argument; kind=0; format=0	Formatter/configuration decoding only; engine-fed operands and runtime branches preserved.  Blocked: Engine-fed operation operand binding; serialized fallback must not replace live operand (operand binding 1458)	6	DMG=10; HEALING=10; AP=0; add(1,0); multiply(6,1); raw_argument=6.0; kind-byte=0; formatter=0 => 6	decoded-baseline	codex-fill-evidence.json -> records[r2a1fb1be]; EntitySettings\Heroes\Hero_SunWukong!Hero_SunWukong.entity.ot.EntitySettingsResource.gen@0x64709 arg=2 kind-byte=0 padded-word=0x0 format=0 -> EntitySettings\Heroes\Hero_SunWukong!Hero_SunWukong.entity.ot.EntitySettingsResource.gen@0x510ce property=0x17ae7811 -> EntitySettings\Heroes\Hero_SunWukong!Hero_SunWukong.entity.ot.EntitySettingsResource.gen@0x51144 -> EntitySettings\Heroes\Hero_SunWukong!Hero_SunWukong.entity.ot.EntitySettingsResource.gen@0xa8c1b property=0xfd2c964 -> EntitySettings\Heroes\Hero_SunWukong!Hero_SunWukong.entity.ot.EntitySettingsResource.gen@0x100395 object-index=1458 -> EntitySettings\Heroes\Hero_SunWukong!Hero_SunWukong.entity.ot.EntitySettingsResource.gen@0x100395 property=None -> EntitySettings\Heroes\Hero_SunWukong!Hero_SunWukong.entity.ot.EntitySettingsResource.gen@0x100395 -> EntitySettings\Heroes\Hero_SunWukong!Hero_SunWukong.entity.ot.EntitySettingsResource.gen@0x99ba1 property=0xfd2c964 -> add(1,0) -> multiply(6,1)	Compendium level 1, day, DMG=10, HEALING=10, AP=0, no talents/objects; untouched ability preview; Potency=0. Explicit Night calibration descriptions use night; YIN text uses Yin, paired descriptions use paired mode. Value derived from the typed argument graph, not an observed-value lookup.
r84903d89	Sun Wukong		Taiji	Trait	value	Ability_Trait_Desc	5	strength_buff_duration	YANG: Sun Wukong Deals and takes 100% more damage, all heroes around gain STRENGTH for [?] seconds	seconds		missing	(4.0 * runtime_operand[1459])	formatter argument; kind=0; format=0	Formatter/configuration decoding only; engine-fed operands and runtime branches preserved.  Blocked: Engine-fed operation operand binding; serialized fallback must not replace live operand (operand binding 1459); Runtime selector predicate [State] Hero_SunWukong\Ability Common\State Stance Is Amplified.0xfd2832a is not established by serialized flag initialization; Property access needs engine semantics; no fallback substitution (State Stance Is Amplified.0xfd2832a)	4	DMG=10; HEALING=10; AP=0; add(1,0); multiply(4,1); raw_argument=4.0; kind-byte=0; formatter=0 => 4	decoded-baseline	codex-fill-evidence.json -> records[r84903d89]; EntitySettings\Heroes\Hero_SunWukong!Hero_SunWukong.entity.ot.EntitySettingsResource.gen@0x64709 arg=5 kind-byte=0 padded-word=0x0 format=0 -> EntitySettings\Heroes\Hero_SunWukong!Hero_SunWukong.entity.ot.EntitySettingsResource.gen@0x50d80 property=0x17ae7811 -> EntitySettings\Heroes\Hero_SunWukong!Hero_SunWukong.entity.ot.EntitySettingsResource.gen@0x50df9 -> EntitySettings\Heroes\Hero_SunWukong!Hero_SunWukong.entity.ot.EntitySettingsResource.gen@0xa8ae5 property=0xfd2c964 -> EntitySettings\Heroes\Hero_SunWukong!Hero_SunWukong.entity.ot.EntitySettingsResource.gen@0x100497 object-index=1459 -> EntitySettings\Heroes\Hero_SunWukong!Hero_SunWukong.entity.ot.EntitySettingsResource.gen@0x100497 property=None -> EntitySettings\Heroes\Hero_SunWukong!Hero_SunWukong.entity.ot.EntitySettingsResource.gen@0x100497 -> EntitySettings\Heroes\Hero_SunWukong!Hero_SunWukong.entity.ot.EntitySettingsResource.gen@0x99ba1 property=0xfd2c964 -> add(1,0) -> multiply(4,1)	Compendium level 1, day, DMG=10, HEALING=10, AP=0, no talents/objects; untouched ability preview; Potency=0. Explicit Night calibration descriptions use night; YIN text uses Yin, paired descriptions use paired mode. Value derived from the typed argument graph, not an observed-value lookup.
r1e661082	Sun Wukong		Ruyi Jingu Bang	Abilities	value	Ability_Attack_Desc	0	combo_sequence_damage	The full chain deals a total of [?] damage	damage		missing	(Level Damage Selector{[State] Character_Common\Bhv Preview\Behaviour Preview => DMG; True => DMG} * (1.0 + AP + NO_TALENT_OBJECT_MODIFIER(Basic Attack AP Modifier Listener)) * runtime_operand[1496])	formatter argument; kind=0; format=2	Formatter/configuration decoding only; engine-fed operands and runtime branches preserved.  Blocked: Runtime selector predicate [State] Character_Common\Bhv Preview\Behaviour Preview.0xfd2833c is not established by serialized flag initialization; Property access needs engine semantics; no fallback substitution (Behaviour Preview.0xfd2833c); Engine-fed operation operand binding; serialized fallback must not replace live operand (operand binding 1496)	81	DMG=10; HEALING=10; AP=0; add(1,0,0); multiply(3,0.899999976); multiply(3,0.899999976); multiply(1,2.70000005); add(2.69999993,2.69999993,2.70000005); multiply(10,1,8.0999999); raw_argument=80.99999904632568; kind-byte=0; formatter=2 => 81	decoded-baseline	codex-fill-evidence.json -> records[r1e661082]; EntitySettings\Heroes\Hero_SunWukong!Hero_SunWukong.entity.ot.EntitySettingsResource.gen@0x63d9d arg=0 kind-byte=0 padded-word=0x0 format=2 -> EntitySettings\Heroes\Hero_SunWukong!Hero_SunWukong.entity.ot.EntitySettingsResource.gen@0x4a3ad property=0x17ae7811 -> EntitySettings\Heroes\Hero_SunWukong!Hero_SunWukong.entity.ot.EntitySettingsResource.gen@0x4a42d -> EntitySettings\Character_Common\Character_Common.entity.ot.EntitySettingsResource.gen@0x56f54 property=0xfd2c964 -> EntitySettings\Character_Common\Character_Common.entity.ot.EntitySettingsResource.gen@0x32ecd property=0x15879235 -> EntitySettings\Heroes\Hero_Common!Hero_Common.entity.ot.EntitySettingsResource.gen@0x8cd6e property=0x17ae7811 -> EntitySettings\Heroes\Hero_Common!Hero_Common.entity.ot.EntitySettingsResource.gen@0x8cde1 -> EntitySettings\Character_Common\Character_Common.entity.ot.EntitySettingsResource.gen@0x59bde property=0xfd2c964 -> EntitySettings\Heroes\Hero_Common!Hero_Common.entity.ot.EntitySettingsResource.gen@0x95da8 property=0x15a57291 -> add(1,0,0) -> EntitySettings\Heroes\Hero_SunWukong!Hero_SunWukong.entity.ot.EntitySettingsResource.gen@0x1025c1 object-index=1496 -> EntitySettings\Heroes\Hero_SunWukong!Hero_SunWukong.entity.ot.EntitySettingsResource.gen@0x1025c1 property=None -> EntitySettings\Heroes\Hero_SunWukong!Hero_SunWukong.entity.ot.EntitySettingsResource.gen@0x1025c1 -> EntitySettings\Heroes\Hero_SunWukong!Hero_SunWukong.entity.ot.EntitySettingsResource.gen@0x10265c object-index=1497 -> EntitySettings\Heroes\Hero_SunWukong!Hero_SunWukong.entity.ot.EntitySettingsResource.gen@0x10265c property=None -> EntitySettings\Heroes\Hero_SunWukong!Hero_SunWukong.entity.ot.EntitySettingsResource.gen@0x10265c -> EntitySettings\Heroes\Hero_SunWukong!Hero_SunWukong.entity.ot.EntitySettingsResource.gen@0xa4009 property=0xfd2c964 -> multiply(3,0.899999976) -> EntitySettings\Heroes\Hero_SunWukong!Hero_SunWukong.entity.ot.EntitySettingsResource.gen@0x10273a object-index=1498 -> EntitySettings\Heroes\Hero_SunWukong!Hero_SunWukong.entity.ot.EntitySettingsResource.gen@0x10273a property=None -> EntitySettings\Heroes\Hero_SunWukong!Hero_SunWukong.entity.ot.EntitySettingsResource.gen@0x10273a -> EntitySettings\Heroes\Hero_SunWukong!Hero_SunWukong.entity.ot.EntitySettingsResource.gen@0xa3ec5 property=0xfd2c964 -> EntitySettings\Heroes\Hero_SunWukong!Hero_SunWukong.entity.ot.EntitySettingsResource.gen@0x102812 object-index=1499 -> EntitySettings\Heroes\Hero_SunWukong!Hero_SunWukong.entity.ot.EntitySettingsResource.gen@0x102812 property=None -> EntitySettings\Heroes\Hero_SunWukong!Hero_SunWukong.entity.ot.EntitySettingsResource.gen@0x102812 -> EntitySettings\Heroes\Hero_SunWukong!Hero_SunWukong.entity.ot.EntitySettingsResource.gen@0xa3f67 property=0xfd2c964 -> multiply(1,2.70000005) -> add(2.69999993,2.69999993,2.70000005) -> multiply(10,1,8.0999999)	Compendium level 1, day, DMG=10, HEALING=10, AP=0, no talents/objects; untouched ability preview; Potency=0. Explicit Night calibration descriptions use night; YIN text uses Yin, paired descriptions use paired mode. Value derived from the typed argument graph, not an observed-value lookup.
re79426a8	Sun Wukong		Mantra	Abilities	value	Ability_Special_Desc	2	damage_per_second	Launch prayer beads that orbit Sun Wukong for 5 second(s), dealing [?] damage per second to enemies affected	damage_per_second		missing	(Level Damage Selector{[State] Character_Common\Bhv Preview\Behaviour Preview => DMG; True => DMG} * (1.0 + AP + NO_TALENT_OBJECT_MODIFIER(Secondary Ability AP Modifier Listener)) * runtime_operand[1486])	formatter argument; kind=0; format=2	Formatter/configuration decoding only; engine-fed operands and runtime branches preserved.  Blocked: Runtime selector predicate [State] Character_Common\Bhv Preview\Behaviour Preview.0xfd2833c is not established by serialized flag initialization; Property access needs engine semantics; no fallback substitution (Behaviour Preview.0xfd2833c); Engine-fed operation operand binding; serialized fallback must not replace live operand (operand binding 1486)	16	DMG=10; HEALING=10; AP=0; add(1,0,0); divide(0.400000006,0.25); multiply(10,1,1.60000002); raw_argument=16.00000023841858; kind-byte=0; formatter=2 => 16	decoded-baseline	codex-fill-evidence.json -> records[re79426a8]; EntitySettings\Heroes\Hero_SunWukong!Hero_SunWukong.entity.ot.EntitySettingsResource.gen@0x6443b arg=2 kind-byte=0 padded-word=0x0 format=2 -> EntitySettings\Heroes\Hero_SunWukong!Hero_SunWukong.entity.ot.EntitySettingsResource.gen@0x4c1e1 property=0x17ae7811 -> EntitySettings\Heroes\Hero_SunWukong!Hero_SunWukong.entity.ot.EntitySettingsResource.gen@0x4c266 -> EntitySettings\Character_Common\Character_Common.entity.ot.EntitySettingsResource.gen@0x56f54 property=0xfd2c964 -> EntitySettings\Character_Common\Character_Common.entity.ot.EntitySettingsResource.gen@0x32ecd property=0x15879235 -> EntitySettings\Heroes\Hero_Common!Hero_Common.entity.ot.EntitySettingsResource.gen@0x8f56d property=0x17ae7811 -> EntitySettings\Heroes\Hero_Common!Hero_Common.entity.ot.EntitySettingsResource.gen@0x8f5e5 -> EntitySettings\Character_Common\Character_Common.entity.ot.EntitySettingsResource.gen@0x59bde property=0xfd2c964 -> EntitySettings\Heroes\Hero_Common!Hero_Common.entity.ot.EntitySettingsResource.gen@0x987a7 property=0x15a57291 -> add(1,0,0) -> EntitySettings\Heroes\Hero_SunWukong!Hero_SunWukong.entity.ot.EntitySettingsResource.gen@0x1019c9 object-index=1486 -> EntitySettings\Heroes\Hero_SunWukong!Hero_SunWukong.entity.ot.EntitySettingsResource.gen@0x1019c9 property=None -> EntitySettings\Heroes\Hero_SunWukong!Hero_SunWukong.entity.ot.EntitySettingsResource.gen@0x1019c9 -> EntitySettings\Heroes\Hero_SunWukong!Hero_SunWukong.entity.ot.EntitySettingsResource.gen@0xa5581 property=0xfd2c964 -> EntitySettings\Heroes\Hero_SunWukong!Hero_SunWukong.entity.ot.EntitySettingsResource.gen@0xa562a property=0xfd2c964 -> divide(0.400000006,0.25) -> multiply(10,1,1.60000002)	Compendium level 1, day, DMG=10, HEALING=10, AP=0, no talents/objects; untouched ability preview; Potency=0. Explicit Night calibration descriptions use night; YIN text uses Yin, paired descriptions use paired mode. Value derived from the typed argument graph, not an observed-value lookup.
rc00baafa	Carmilla		Dhampir	Trait	value	Ability_Trait_Desc	2	movement_speed_bonus	Activate to enter Winged Form, draining 10 BLOOD per second to gain +[?]% MOVE SPEED and BLOOD-free abilities	percent		missing	formatter(kind=1060061184, format=1, raw=0.30000001192092896)	formatter argument; kind=1060061184; format=1	Formatter/configuration decoding only; engine-fed operands and runtime branches preserved.  Blocked: Unrecognized formatter argument kind 1060061184; display conversion is not guessed	30	DMG=10; HEALING=10; AP=0; ; raw_argument=0.30000001192092896; kind-byte=0; formatter=1 => 30	decoded-baseline	codex-fill-evidence.json -> records[rc00baafa]; EntitySettings\Heroes\Hero_Carmilla!Hero_Carmilla.entity.ot.EntitySettingsResource.gen@0x62118 arg=2 kind-byte=0 padded-word=0x3f2f4000 format=1 -> EntitySettings\Heroes\Hero_Carmilla!Hero_Carmilla.entity.ot.EntitySettingsResource.gen@0x9f531 property=0xfd2c964	Compendium level 1, day, DMG=10, HEALING=10, AP=0, no talents/objects; untouched ability preview; Potency=0. Explicit Night calibration descriptions use night; YIN text uses Yin, paired descriptions use paired mode. Value derived from the typed argument graph, not an observed-value lookup.
r82cfd2ca	Carmilla		Tearing	Abilities	value	Ability_Attack_Desc	1	final_hit_bonus	Chain a series of 5 attacks with clawed hands, with the last attack dealing +[?]% damage	percent		missing	formatter(kind=1041864960, format=1, raw=3.0)	formatter argument; kind=1041864960; format=1	Formatter/configuration decoding only; engine-fed operands and runtime branches preserved.  Blocked: Unrecognized formatter argument kind 1041864960; display conversion is not guessed	300	DMG=10; HEALING=10; AP=0; ; raw_argument=3.0; kind-byte=0; formatter=1 => 300	decoded-baseline	codex-fill-evidence.json -> records[r82cfd2ca]; EntitySettings\Heroes\Hero_Carmilla!Hero_Carmilla.entity.ot.EntitySettingsResource.gen@0x5cfe6 arg=1 kind-byte=0 padded-word=0x3e199900 format=1 -> EntitySettings\Heroes\Hero_Carmilla!Hero_Carmilla.entity.ot.EntitySettingsResource.gen@0x99f81 property=0xfd2c964	Compendium level 1, day, DMG=10, HEALING=10, AP=0, no talents/objects; untouched ability preview; Potency=0. Explicit Night calibration descriptions use night; YIN text uses Yin, paired descriptions use paired mode. Value derived from the typed argument graph, not an observed-value lookup.
r8fc37733	Carmilla		Tearing	Abilities	value	Ability_Attack_Desc	2	full_combo_damage	The combo overall deals a total of [?] damage and earns ? BLOOD point(s)	damage		missing	(Level Damage Selector{[State] Character_Common\Bhv Preview\Behaviour Preview => DMG; True => DMG} * (1.0 + AP + NO_TALENT_OBJECT_MODIFIER(Basic Attack AP Modifier Listener)) * runtime_operand[1453])	formatter argument; kind=1060061185; format=0	Formatter/configuration decoding only; engine-fed operands and runtime branches preserved.  Blocked: Runtime selector predicate [State] Character_Common\Bhv Preview\Behaviour Preview.0xfd2833c is not established by serialized flag initialization; Property access needs engine semantics; no fallback substitution (Behaviour Preview.0xfd2833c); Engine-fed operation operand binding; serialized fallback must not replace live operand (operand binding 1453)	48	DMG=10; HEALING=10; AP=0; add(1,0,0); multiply(4,0.600000024); add(1,3); multiply(0.600000024,4); add(2.4000001,2.4000001); multiply(10,1,4.80000019); raw_argument=48.00000190734863; kind-byte=1; formatter=0 => 48	decoded-baseline	codex-fill-evidence.json -> records[r8fc37733]; EntitySettings\Heroes\Hero_Carmilla!Hero_Carmilla.entity.ot.EntitySettingsResource.gen@0x5cfe6 arg=2 kind-byte=1 padded-word=0x3f2f4001 format=0 -> EntitySettings\Heroes\Hero_Carmilla!Hero_Carmilla.entity.ot.EntitySettingsResource.gen@0x3fb23 property=0x17ae780b -> EntitySettings\Heroes\Hero_Carmilla!Hero_Carmilla.entity.ot.EntitySettingsResource.gen@0x3fba3 -> EntitySettings\Character_Common\Character_Common.entity.ot.EntitySettingsResource.gen@0x56f54 property=0xfd2c964 -> EntitySettings\Character_Common\Character_Common.entity.ot.EntitySettingsResource.gen@0x32ecd property=0x15879235 -> EntitySettings\Heroes\Hero_Common!Hero_Common.entity.ot.EntitySettingsResource.gen@0x8cd6e property=0x17ae7811 -> EntitySettings\Heroes\Hero_Common!Hero_Common.entity.ot.EntitySettingsResource.gen@0x8cde1 -> EntitySettings\Character_Common\Character_Common.entity.ot.EntitySettingsResource.gen@0x59bde property=0xfd2c964 -> EntitySettings\Heroes\Hero_Common!Hero_Common.entity.ot.EntitySettingsResource.gen@0x95da8 property=0x15a57291 -> add(1,0,0) -> EntitySettings\Heroes\Hero_Carmilla!Hero_Carmilla.entity.ot.EntitySettingsResource.gen@0xf1331 object-index=1453 -> EntitySettings\Heroes\Hero_Carmilla!Hero_Carmilla.entity.ot.EntitySettingsResource.gen@0xf1331 property=None -> EntitySettings\Heroes\Hero_Carmilla!Hero_Carmilla.entity.ot.EntitySettingsResource.gen@0xf1331 -> EntitySettings\Heroes\Hero_Carmilla!Hero_Carmilla.entity.ot.EntitySettingsResource.gen@0xf139f object-index=1454 -> EntitySettings\Heroes\Hero_Carmilla!Hero_Carmilla.entity.ot.EntitySettingsResource.gen@0xf139f property=None -> EntitySettings\Heroes\Hero_Carmilla!Hero_Carmilla.entity.ot.EntitySettingsResource.gen@0xf139f -> EntitySettings\Heroes\Hero_Carmilla!Hero_Carmilla.entity.ot.EntitySettingsResource.gen@0x99ed3 property=0xfd2c964 -> multiply(4,0.600000024) -> EntitySettings\Heroes\Hero_Carmilla!Hero_Carmilla.entity.ot.EntitySettingsResource.gen@0xf1482 object-index=1455 -> EntitySettings\Heroes\Hero_Carmilla!Hero_Carmilla.entity.ot.EntitySettingsResource.gen@0xf1482 property=None -> EntitySettings\Heroes\Hero_Carmilla!Hero_Carmilla.entity.ot.EntitySettingsResource.gen@0xf1482 -> EntitySettings\Heroes\Hero_Carmilla!Hero_Carmilla.entity.ot.EntitySettingsResource.gen@0xf15f0 object-index=1456 -> EntitySettings\Heroes\Hero_Carmilla!Hero_Carmilla.entity.ot.EntitySettingsResource.gen@0xf15f0 property=None -> EntitySettings\Heroes\Hero_Carmilla!Hero_Carmilla.entity.ot.EntitySettingsResource.gen@0xf15f0 -> EntitySettings\Heroes\Hero_Carmilla!Hero_Carmilla.entity.ot.EntitySettingsResource.gen@0x99f81 property=0xfd2c964 -> add(1,3) -> multiply(0.600000024,4) -> add(2.4000001,2.4000001) -> multiply(10,1,4.80000019)	Compendium level 1, day, DMG=10, HEALING=10, AP=0, no talents/objects; untouched ability preview; Potency=0. Explicit Night calibration descriptions use night; YIN text uses Yin, paired descriptions use paired mode. Value derived from the typed argument graph, not an observed-value lookup.
r5c3029a5	Carmilla		Tearing	Abilities	value	Ability_Attack_Desc	3	blood_earned	The combo overall deals a total of ? damage and earns [?] BLOOD point(s)	blood		missing	(runtime_operand[1457] + 4)	formatter argument; kind=1041864961; format=0	Formatter/configuration decoding only; engine-fed operands and runtime branches preserved.  Blocked: Engine-fed operation operand binding; serialized fallback must not replace live operand (operand binding 1457)	12	DMG=10; HEALING=10; AP=0; multiply(2,4); add(8,4); raw_argument=12.0; kind-byte=1; formatter=0 => 12	decoded-baseline	codex-fill-evidence.json -> records[r5c3029a5]; EntitySettings\Heroes\Hero_Carmilla!Hero_Carmilla.entity.ot.EntitySettingsResource.gen@0x5cfe6 arg=3 kind-byte=1 padded-word=0x3e199901 format=0 -> EntitySettings\Heroes\Hero_Carmilla!Hero_Carmilla.entity.ot.EntitySettingsResource.gen@0x3f9c3 property=0x17ae780b -> EntitySettings\Heroes\Hero_Carmilla!Hero_Carmilla.entity.ot.EntitySettingsResource.gen@0x3fa47 -> EntitySettings\Heroes\Hero_Carmilla!Hero_Carmilla.entity.ot.EntitySettingsResource.gen@0xf16da object-index=1457 -> EntitySettings\Heroes\Hero_Carmilla!Hero_Carmilla.entity.ot.EntitySettingsResource.gen@0xf16da property=None -> EntitySettings\Heroes\Hero_Carmilla!Hero_Carmilla.entity.ot.EntitySettingsResource.gen@0xf16da -> EntitySettings\Heroes\Hero_Carmilla!Hero_Carmilla.entity.ot.EntitySettingsResource.gen@0x9a50d property=0xfd2c965 -> multiply(2,4) -> EntitySettings\Heroes\Hero_Carmilla!Hero_Carmilla.entity.ot.EntitySettingsResource.gen@0x9a46a property=0xfd2c965 -> add(8,4)	Compendium level 1, day, DMG=10, HEALING=10, AP=0, no talents/objects; untouched ability preview; Potency=0. Explicit Night calibration descriptions use night; YIN text uses Yin, paired descriptions use paired mode. Value derived from the typed argument graph, not an observed-value lookup.
r391dadd9	Carmilla		Blood Orb	Abilities	value	Ability_Power_Desc	2	held_damage_per_second	Carmilla sends a blood orb forward; holding the action consumes BLOOD to fuel it, dealing [?] area damage per second	damage_per_second		missing	(Level Damage Selector{[State] Character_Common\Bhv Preview\Behaviour Preview => DMG; True => DMG} * (1.0 + AP + NO_TALENT_OBJECT_MODIFIER(Primary Ability AP Modifier Listener)) * runtime_operand[1444])	formatter argument; kind=1061847040; format=2	Formatter/configuration decoding only; engine-fed operands and runtime branches preserved.  Blocked: Runtime selector predicate [State] Character_Common\Bhv Preview\Behaviour Preview.0xfd2833c is not established by serialized flag initialization; Property access needs engine semantics; no fallback substitution (Behaviour Preview.0xfd2833c); Engine-fed operation operand binding; serialized fallback must not replace live operand (operand binding 1444)	80	DMG=10; HEALING=10; AP=0; add(1,0,0); multiply(2,1); divide(2,0.25); multiply(10,1,8); raw_argument=80.0; kind-byte=0; formatter=2 => 80	decoded-baseline	codex-fill-evidence.json -> records[r391dadd9]; EntitySettings\Heroes\Hero_Carmilla!Hero_Carmilla.entity.ot.EntitySettingsResource.gen@0x5d604 arg=2 kind-byte=0 padded-word=0x3f4a8000 format=2 -> EntitySettings\Heroes\Hero_Carmilla!Hero_Carmilla.entity.ot.EntitySettingsResource.gen@0x41677 property=0x17ae7811 -> EntitySettings\Heroes\Hero_Carmilla!Hero_Carmilla.entity.ot.EntitySettingsResource.gen@0x41704 -> EntitySettings\Character_Common\Character_Common.entity.ot.EntitySettingsResource.gen@0x56f54 property=0xfd2c964 -> EntitySettings\Character_Common\Character_Common.entity.ot.EntitySettingsResource.gen@0x32ecd property=0x15879235 -> EntitySettings\Heroes\Hero_Common!Hero_Common.entity.ot.EntitySettingsResource.gen@0x8ef33 property=0x17ae7811 -> EntitySettings\Heroes\Hero_Common!Hero_Common.entity.ot.EntitySettingsResource.gen@0x8efa9 -> EntitySettings\Character_Common\Character_Common.entity.ot.EntitySettingsResource.gen@0x59bde property=0xfd2c964 -> EntitySettings\Heroes\Hero_Common!Hero_Common.entity.ot.EntitySettingsResource.gen@0x9807d property=0x15a57291 -> add(1,0,0) -> EntitySettings\Heroes\Hero_Carmilla!Hero_Carmilla.entity.ot.EntitySettingsResource.gen@0xf0887 object-index=1444 -> EntitySettings\Heroes\Hero_Carmilla!Hero_Carmilla.entity.ot.EntitySettingsResource.gen@0xf0887 property=None -> EntitySettings\Heroes\Hero_Carmilla!Hero_Carmilla.entity.ot.EntitySettingsResource.gen@0xf0887 -> EntitySettings\Heroes\Hero_Carmilla!Hero_Carmilla.entity.ot.EntitySettingsResource.gen@0x419df property=0x17ae7811 -> EntitySettings\Heroes\Hero_Carmilla!Hero_Carmilla.entity.ot.EntitySettingsResource.gen@0x41a64 -> EntitySettings\Heroes\Hero_Carmilla!Hero_Carmilla.entity.ot.EntitySettingsResource.gen@0x9bc76 property=0xfd2c964 -> multiply(2,1) -> EntitySettings\Heroes\Hero_Carmilla!Hero_Carmilla.entity.ot.EntitySettingsResource.gen@0x9be56 property=0xfd2c964 -> divide(2,0.25) -> multiply(10,1,8)	Compendium level 1, day, DMG=10, HEALING=10, AP=0, no talents/objects; untouched ability preview; Potency=0. Explicit Night calibration descriptions use night; YIN text uses Yin, paired descriptions use paired mode. Value derived from the typed argument graph, not an observed-value lookup.
r128c7aad	Carmilla		Bat Swarm	Abilities	value	Ability_Defense_Desc	1	bleed_damage	Carmilla transforms into an INTANGIBLE bat swarm, dealing [?] damage to enemies passed through as BLEED	damage		missing	(Level Damage Selector{[State] Character_Common\Bhv Preview\Behaviour Preview => DMG; True => DMG} * (1.0 + AP + NO_TALENT_OBJECT_MODIFIER(Defensive Ability AP Modifier Listener)) * runtime_operand[1445])	formatter argument; kind=1056964609; format=0	Formatter/configuration decoding only; engine-fed operands and runtime branches preserved.  Blocked: Runtime selector predicate [State] Character_Common\Bhv Preview\Behaviour Preview.0xfd2833c is not established by serialized flag initialization; Property access needs engine semantics; no fallback substitution (Behaviour Preview.0xfd2833c); Engine-fed operation operand binding; serialized fallback must not replace live operand (operand binding 1445)	30	DMG=10; HEALING=10; AP=0; add(1,0,0); divide(3,1); multiply(10,1,3); raw_argument=30.0; kind-byte=1; formatter=0 => 30	decoded-baseline	codex-fill-evidence.json -> records[r128c7aad]; EntitySettings\Heroes\Hero_Carmilla!Hero_Carmilla.entity.ot.EntitySettingsResource.gen@0x5d336 arg=1 kind-byte=1 padded-word=0x3f000001 format=0 -> EntitySettings\Heroes\Hero_Carmilla!Hero_Carmilla.entity.ot.EntitySettingsResource.gen@0x411b2 property=0x17ae780b -> EntitySettings\Heroes\Hero_Carmilla!Hero_Carmilla.entity.ot.EntitySettingsResource.gen@0x41237 -> EntitySettings\Character_Common\Character_Common.entity.ot.EntitySettingsResource.gen@0x56f54 property=0xfd2c964 -> EntitySettings\Character_Common\Character_Common.entity.ot.EntitySettingsResource.gen@0x32ecd property=0x15879235 -> EntitySettings\Heroes\Hero_Common!Hero_Common.entity.ot.EntitySettingsResource.gen@0x8dbe8 property=0x17ae7811 -> EntitySettings\Heroes\Hero_Common!Hero_Common.entity.ot.EntitySettingsResource.gen@0x8dc60 -> EntitySettings\Character_Common\Character_Common.entity.ot.EntitySettingsResource.gen@0x59bde property=0xfd2c964 -> EntitySettings\Heroes\Hero_Common!Hero_Common.entity.ot.EntitySettingsResource.gen@0x972f2 property=0x15a57291 -> add(1,0,0) -> EntitySettings\Heroes\Hero_Carmilla!Hero_Carmilla.entity.ot.EntitySettingsResource.gen@0xf09e9 object-index=1445 -> EntitySettings\Heroes\Hero_Carmilla!Hero_Carmilla.entity.ot.EntitySettingsResource.gen@0xf09e9 property=None -> EntitySettings\Heroes\Hero_Carmilla!Hero_Carmilla.entity.ot.EntitySettingsResource.gen@0xf09e9 -> EntitySettings\Heroes\Hero_Carmilla!Hero_Carmilla.entity.ot.EntitySettingsResource.gen@0x9aeb1 property=0xfd2c964 -> EntitySettings\Heroes\Hero_Carmilla!Hero_Carmilla.entity.ot.EntitySettingsResource.gen@0x9b33e property=0xfd2c964 -> divide(3,1) -> multiply(10,1,3)	Compendium level 1, day, DMG=10, HEALING=10, AP=0, no talents/objects; untouched ability preview; Potency=0. Explicit Night calibration descriptions use night; YIN text uses Yin, paired descriptions use paired mode. Value derived from the typed argument graph, not an observed-value lookup.
rb256f42d	Carmilla		Impalement	Ultimates	value	Ability_Ultimate_1_Desc	0	damage_per_second	Consume all BLOOD to launch a series of blood spikes erupting from the ground in front, dealing [?] damage per second to enemies in the area	damage_per_second		missing	(Level Damage Selector{[State] Character_Common\Bhv Preview\Behaviour Preview => DMG; True => DMG} * runtime_operand[1426] * (1.0 + AP + NO_TALENT_OBJECT_MODIFIER(Ultimate AP Modifier Listener)))	formatter argument; kind=0; format=2	Formatter/configuration decoding only; engine-fed operands and runtime branches preserved.  Blocked: Runtime selector predicate [State] Character_Common\Bhv Preview\Behaviour Preview.0xfd2833c is not established by serialized flag initialization; Property access needs engine semantics; no fallback substitution (Behaviour Preview.0xfd2833c); Engine-fed operation operand binding; serialized fallback must not replace live operand (operand binding 1426)	450	DMG=10; HEALING=10; AP=0; divide(9,0.200000003); add(1,0,0); multiply(10,44.9999993,1); raw_argument=449.9999932944775; kind-byte=0; formatter=2 => 450	decoded-baseline	codex-fill-evidence.json -> records[rb256f42d]; EntitySettings\Heroes\Hero_Carmilla!Hero_Carmilla.entity.ot.EntitySettingsResource.gen@0x62b7b arg=0 kind-byte=0 padded-word=0x0 format=2 -> EntitySettings\Heroes\Hero_Carmilla!Hero_Carmilla.entity.ot.EntitySettingsResource.gen@0x457fb property=0x17ae7811 -> EntitySettings\Heroes\Hero_Carmilla!Hero_Carmilla.entity.ot.EntitySettingsResource.gen@0x45876 -> EntitySettings\Character_Common\Character_Common.entity.ot.EntitySettingsResource.gen@0x56f54 property=0xfd2c964 -> EntitySettings\Character_Common\Character_Common.entity.ot.EntitySettingsResource.gen@0x32ecd property=0x15879235 -> EntitySettings\Heroes\Hero_Carmilla!Hero_Carmilla.entity.ot.EntitySettingsResource.gen@0xef5ca object-index=1426 -> EntitySettings\Heroes\Hero_Carmilla!Hero_Carmilla.entity.ot.EntitySettingsResource.gen@0xef5ca property=None -> EntitySettings\Heroes\Hero_Carmilla!Hero_Carmilla.entity.ot.EntitySettingsResource.gen@0xef5ca -> EntitySettings\Heroes\Hero_Carmilla!Hero_Carmilla.entity.ot.EntitySettingsResource.gen@0x9f9f5 property=0xfd2c964 -> EntitySettings\Heroes\Hero_Carmilla!Hero_Carmilla.entity.ot.EntitySettingsResource.gen@0x9fca2 property=0xfd2c964 -> divide(9,0.200000003) -> EntitySettings\Heroes\Hero_Common!Hero_Common.entity.ot.EntitySettingsResource.gen@0x8fbf8 property=0x17ae7811 -> EntitySettings\Heroes\Hero_Common!Hero_Common.entity.ot.EntitySettingsResource.gen@0x8fc67 -> EntitySettings\Character_Common\Character_Common.entity.ot.EntitySettingsResource.gen@0x59bde property=0xfd2c964 -> EntitySettings\Heroes\Hero_Common!Hero_Common.entity.ot.EntitySettingsResource.gen@0x994b9 property=0x15a57291 -> add(1,0,0) -> multiply(10,44.9999993,1)	Compendium level 1, day, DMG=10, HEALING=10, AP=0, no talents/objects; untouched ability preview; Potency=0. Explicit Night calibration descriptions use night; YIN text uses Yin, paired descriptions use paired mode. Value derived from the typed argument graph, not an observed-value lookup.
re72f0388	Carmilla		Impalement	Ultimates	value	Ability_Ultimate_1_Desc	1	damage_bonus_per_blood	Each BLOOD point consumed increases damage by [?]%	percent		missing	formatter(kind=2668181248, format=1, raw=0.009999999776482582)	formatter argument; kind=2668181248; format=1	Formatter/configuration decoding only; engine-fed operands and runtime branches preserved.  Blocked: Unrecognized formatter argument kind 2668181248; display conversion is not guessed	1	DMG=10; HEALING=10; AP=0; ; raw_argument=0.009999999776482582; kind-byte=0; formatter=1 => 1	decoded-baseline	codex-fill-evidence.json -> records[re72f0388]; EntitySettings\Heroes\Hero_Carmilla!Hero_Carmilla.entity.ot.EntitySettingsResource.gen@0x62b7b arg=1 kind-byte=0 padded-word=0x9f093700 format=1 -> EntitySettings\Heroes\Hero_Carmilla!Hero_Carmilla.entity.ot.EntitySettingsResource.gen@0x9fbed property=0xfd2c964	Compendium level 1, day, DMG=10, HEALING=10, AP=0, no talents/objects; untouched ability preview; Potency=0. Explicit Night calibration descriptions use night; YIN text uses Yin, paired descriptions use paired mode. Value derived from the typed argument graph, not an observed-value lookup.
re142e298	Carmilla		Impalement	Ultimates	cooldown	Ability_Ultimate_1_Desc		cooldown		seconds		missing	unresolved(Ultimate Power 1 Controller)	Ultimate Power 1 Controller	Formatter/configuration decoding only; engine-fed operands and runtime branches preserved.  Blocked: Exact ability controller not found (Ultimate Power 1 Controller.)	60.0	60.0	decoded-baseline	codex-cooldown-analysis.json -> fill_cooldowns[re142e298]; EntitySettings\Heroes\Hero_Carmilla!Hero_Carmilla.entity.ot.EntitySettingsResource.gen@0x5c0bd	Compendium level 1, day, DMG=10, HEALING=10, AP=0, no talents/objects; untouched ability preview; Potency=0. Explicit Night calibration descriptions use night; YIN text uses Yin, paired descriptions use paired mode. Controller selected by canonical title key and shared override GUID; Compendium maximum/display override takes precedence over runtime-state cooldown.
r578eef4d	Carmilla		Blood Lash	Ultimates	value	Ability_Ultimate_2_Desc	2	empowered_combo_total_damage	Next 12 ATTACKS use the whip to strike in large areas, with the combo overall dealing a total of [?] damage	damage		missing	(Level Damage Selector{[State] Character_Common\Bhv Preview\Behaviour Preview => DMG; True => DMG} * runtime_operand[1424] * (1.0 + AP + NO_TALENT_OBJECT_MODIFIER(Ultimate AP Modifier Listener)))	formatter argument; kind=589327872; format=2	Formatter/configuration decoding only; engine-fed operands and runtime branches preserved.  Blocked: Runtime selector predicate [State] Character_Common\Bhv Preview\Behaviour Preview.0xfd2833c is not established by serialized flag initialization; Property access needs engine semantics; no fallback substitution (Behaviour Preview.0xfd2833c); Engine-fed operation operand binding; serialized fallback must not replace live operand (operand binding 1424)	140	DMG=10; HEALING=10; AP=0; add(1,1); multiply(3.5,2); add(3.5,3.5,7); add(1,0,0); multiply(10,14,1); raw_argument=140.0; kind-byte=0; formatter=2 => 140	decoded-baseline	codex-fill-evidence.json -> records[r578eef4d]; EntitySettings\Heroes\Hero_Carmilla!Hero_Carmilla.entity.ot.EntitySettingsResource.gen@0x62dd5 arg=2 kind-byte=0 padded-word=0x23206e00 format=2 -> EntitySettings\Heroes\Hero_Carmilla!Hero_Carmilla.entity.ot.EntitySettingsResource.gen@0x45e04 property=0x17ae7811 -> EntitySettings\Heroes\Hero_Carmilla!Hero_Carmilla.entity.ot.EntitySettingsResource.gen@0x45e88 -> EntitySettings\Character_Common\Character_Common.entity.ot.EntitySettingsResource.gen@0x56f54 property=0xfd2c964 -> EntitySettings\Character_Common\Character_Common.entity.ot.EntitySettingsResource.gen@0x32ecd property=0x15879235 -> EntitySettings\Heroes\Hero_Carmilla!Hero_Carmilla.entity.ot.EntitySettingsResource.gen@0xef2b4 object-index=1424 -> EntitySettings\Heroes\Hero_Carmilla!Hero_Carmilla.entity.ot.EntitySettingsResource.gen@0xef2b4 property=None -> EntitySettings\Heroes\Hero_Carmilla!Hero_Carmilla.entity.ot.EntitySettingsResource.gen@0xef2b4 -> EntitySettings\Heroes\Hero_Carmilla!Hero_Carmilla.entity.ot.EntitySettingsResource.gen@0x9fdfc property=0xfd2c964 -> EntitySettings\Heroes\Hero_Carmilla!Hero_Carmilla.entity.ot.EntitySettingsResource.gen@0x45c81 property=0x17ae7811 -> EntitySettings\Heroes\Hero_Carmilla!Hero_Carmilla.entity.ot.EntitySettingsResource.gen@0x45d1a -> EntitySettings\Heroes\Hero_Carmilla!Hero_Carmilla.entity.ot.EntitySettingsResource.gen@0xef4db object-index=1425 -> EntitySettings\Heroes\Hero_Carmilla!Hero_Carmilla.entity.ot.EntitySettingsResource.gen@0xef4db property=None -> EntitySettings\Heroes\Hero_Carmilla!Hero_Carmilla.entity.ot.EntitySettingsResource.gen@0xef4db -> EntitySettings\Heroes\Hero_Carmilla!Hero_Carmilla.entity.ot.EntitySettingsResource.gen@0x9fead property=0xfd2c964 -> add(1,1) -> multiply(3.5,2) -> add(3.5,3.5,7) -> EntitySettings\Heroes\Hero_Common!Hero_Common.entity.ot.EntitySettingsResource.gen@0x8fbf8 property=0x17ae7811 -> EntitySettings\Heroes\Hero_Common!Hero_Common.entity.ot.EntitySettingsResource.gen@0x8fc67 -> EntitySettings\Character_Common\Character_Common.entity.ot.EntitySettingsResource.gen@0x59bde property=0xfd2c964 -> EntitySettings\Heroes\Hero_Common!Hero_Common.entity.ot.EntitySettingsResource.gen@0x994b9 property=0x15a57291 -> add(1,0,0) -> multiply(10,14,1)	Compendium level 1, day, DMG=10, HEALING=10, AP=0, no talents/objects; untouched ability preview; Potency=0. Explicit Night calibration descriptions use night; YIN text uses Yin, paired descriptions use paired mode. Value derived from the typed argument graph, not an observed-value lookup.
r0a37d23d	Carmilla		Blood Lash	Ultimates, Empowered attack	value	Ability_Attack_Ultimate_2_Desc	1	final_hit_bonus	Chain a series of 3 attacks with the blood whip, with the last attack dealing +[?]% damage	percent		missing	formatter(kind=1041864960, format=1, raw=1.0)	formatter argument; kind=1041864960; format=1	Formatter/configuration decoding only; engine-fed operands and runtime branches preserved.  Blocked: Unrecognized formatter argument kind 1041864960; display conversion is not guessed	100	DMG=10; HEALING=10; AP=0; ; raw_argument=1.0; kind-byte=0; formatter=1 => 100	decoded-baseline	codex-fill-evidence.json -> records[r0a37d23d]; EntitySettings\Heroes\Hero_Carmilla!Hero_Carmilla.entity.ot.EntitySettingsResource.gen@0x628cc arg=1 kind-byte=0 padded-word=0x3e199900 format=1 -> EntitySettings\Heroes\Hero_Carmilla!Hero_Carmilla.entity.ot.EntitySettingsResource.gen@0x9fead property=0xfd2c964	Compendium level 1, day, DMG=10, HEALING=10, AP=0, no talents/objects; untouched ability preview; Potency=0. Explicit Night calibration descriptions use night; YIN text uses Yin, paired descriptions use paired mode. Value derived from the typed argument graph, not an observed-value lookup.
r5c7d9c33	Carmilla		Blood Lash	Ultimates, Empowered attack	value	Ability_Attack_Ultimate_2_Desc	2	combo_damage	The combo overall deals a total of [?] damage	damage		missing	(Level Damage Selector{[State] Character_Common\Bhv Preview\Behaviour Preview => DMG; True => DMG} * runtime_operand[1424] * (1.0 + AP + NO_TALENT_OBJECT_MODIFIER(Ultimate AP Modifier Listener)))	formatter argument; kind=1060061185; format=0	Formatter/configuration decoding only; engine-fed operands and runtime branches preserved.  Blocked: Runtime selector predicate [State] Character_Common\Bhv Preview\Behaviour Preview.0xfd2833c is not established by serialized flag initialization; Property access needs engine semantics; no fallback substitution (Behaviour Preview.0xfd2833c); Engine-fed operation operand binding; serialized fallback must not replace live operand (operand binding 1424)	140	DMG=10; HEALING=10; AP=0; add(1,1); multiply(3.5,2); add(3.5,3.5,7); add(1,0,0); multiply(10,14,1); raw_argument=140.0; kind-byte=1; formatter=0 => 140	decoded-baseline	codex-fill-evidence.json -> records[r5c7d9c33]; EntitySettings\Heroes\Hero_Carmilla!Hero_Carmilla.entity.ot.EntitySettingsResource.gen@0x628cc arg=2 kind-byte=1 padded-word=0x3f2f4001 format=0 -> EntitySettings\Heroes\Hero_Carmilla!Hero_Carmilla.entity.ot.EntitySettingsResource.gen@0x45e04 property=0x17ae780b -> EntitySettings\Heroes\Hero_Carmilla!Hero_Carmilla.entity.ot.EntitySettingsResource.gen@0x45e88 -> EntitySettings\Character_Common\Character_Common.entity.ot.EntitySettingsResource.gen@0x56f54 property=0xfd2c964 -> EntitySettings\Character_Common\Character_Common.entity.ot.EntitySettingsResource.gen@0x32ecd property=0x15879235 -> EntitySettings\Heroes\Hero_Carmilla!Hero_Carmilla.entity.ot.EntitySettingsResource.gen@0xef2b4 object-index=1424 -> EntitySettings\Heroes\Hero_Carmilla!Hero_Carmilla.entity.ot.EntitySettingsResource.gen@0xef2b4 property=None -> EntitySettings\Heroes\Hero_Carmilla!Hero_Carmilla.entity.ot.EntitySettingsResource.gen@0xef2b4 -> EntitySettings\Heroes\Hero_Carmilla!Hero_Carmilla.entity.ot.EntitySettingsResource.gen@0x9fdfc property=0xfd2c964 -> EntitySettings\Heroes\Hero_Carmilla!Hero_Carmilla.entity.ot.EntitySettingsResource.gen@0x45c81 property=0x17ae7811 -> EntitySettings\Heroes\Hero_Carmilla!Hero_Carmilla.entity.ot.EntitySettingsResource.gen@0x45d1a -> EntitySettings\Heroes\Hero_Carmilla!Hero_Carmilla.entity.ot.EntitySettingsResource.gen@0xef4db object-index=1425 -> EntitySettings\Heroes\Hero_Carmilla!Hero_Carmilla.entity.ot.EntitySettingsResource.gen@0xef4db property=None -> EntitySettings\Heroes\Hero_Carmilla!Hero_Carmilla.entity.ot.EntitySettingsResource.gen@0xef4db -> EntitySettings\Heroes\Hero_Carmilla!Hero_Carmilla.entity.ot.EntitySettingsResource.gen@0x9fead property=0xfd2c964 -> add(1,1) -> multiply(3.5,2) -> add(3.5,3.5,7) -> EntitySettings\Heroes\Hero_Common!Hero_Common.entity.ot.EntitySettingsResource.gen@0x8fbf8 property=0x17ae7811 -> EntitySettings\Heroes\Hero_Common!Hero_Common.entity.ot.EntitySettingsResource.gen@0x8fc67 -> EntitySettings\Character_Common\Character_Common.entity.ot.EntitySettingsResource.gen@0x59bde property=0xfd2c964 -> EntitySettings\Heroes\Hero_Common!Hero_Common.entity.ot.EntitySettingsResource.gen@0x994b9 property=0x15a57291 -> add(1,0,0) -> multiply(10,14,1)	Compendium level 1, day, DMG=10, HEALING=10, AP=0, no talents/objects; untouched ability preview; Potency=0. Explicit Night calibration descriptions use night; YIN text uses Yin, paired descriptions use paired mode. Value derived from the typed argument graph, not an observed-value lookup.
r9e7b20c0	Romeo		Until death do us part	Trait	value	Ability_Trait_Desc	3	heal_ratio_pct	Active: Consume Health equivalent to 15% of Maximum Health to make Juliet heal for [?]% of the amount (healing above Maximum Health is converted into SHIELD)	percent		missing	100 * (unresolved(Multiple distinct formatter bindings for same canonical key; owning selector not proven))	formatter argument; kind=0; format=1	Formatter/configuration decoding only; engine-fed operands and runtime branches preserved.  Blocked: Multiple distinct formatter bindings for same canonical key; owning selector not proven	200	DMG=10; HEALING=10; AP=0; ; raw_argument=2.0; kind-byte=0; formatter=1 => 200	decoded-baseline	codex-fill-evidence.json -> records[r9e7b20c0]; EntitySettings\Heroes\Hero_Romeo!Hero_Romeo.entity.ot.EntitySettingsResource.gen@0x47c49 arg=3 kind-byte=0 padded-word=0x0 format=1 -> EntitySettings\Heroes\Hero_Juliet!Hero_Romeo_Juliet_Common.entity.ot.EntitySettingsResource.gen@0x61c9e property=0xfd2c964	Compendium level 1, day, DMG=10, HEALING=10, AP=0, no talents/objects; untouched ability preview; Potency=0. Explicit Night calibration descriptions use night; YIN text uses Yin, paired descriptions use paired mode. Value derived from the typed argument graph, not an observed-value lookup.
rd0a6bc34	Romeo		Rapier	Abilities	value	Ability_Attack_Desc	2	full_combo_damage	Whole combo deals a total of [?] damage	damage		missing	(Level Damage Selector{[State] Character_Common\Bhv Preview\Behaviour Preview => DMG; True => DMG} * runtime_operand[1063] * (1.0 + AP + NO_TALENT_OBJECT_MODIFIER(Basic Attack AP Modifier Listener)))	formatter argument; kind=2100232448; format=2	Formatter/configuration decoding only; engine-fed operands and runtime branches preserved.  Blocked: Runtime selector predicate [State] Character_Common\Bhv Preview\Behaviour Preview.0xfd2833c is not established by serialized flag initialization; Property access needs engine semantics; no fallback substitution (Behaviour Preview.0xfd2833c); Engine-fed operation operand binding; serialized fallback must not replace live operand (operand binding 1063)		Unresolved: Fractional damage display is not calibrated by the supplied observations: raw=67.1000017, formatter=2. Rounding or decimal presentation cannot be independently established from these files.; raw argument=67.10000171661378	unresolved	codex-fill-evidence.json -> records[rd0a6bc34]; EntitySettings\Heroes\Hero_Romeo!Hero_Romeo.entity.ot.EntitySettingsResource.gen@0x47197 arg=2 kind-byte=0 padded-word=0x7d2f0100 format=2 -> EntitySettings\Heroes\Hero_Romeo!Hero_Romeo.entity.ot.EntitySettingsResource.gen@0x2e1c5 property=0x17ae7811 -> EntitySettings\Heroes\Hero_Romeo!Hero_Romeo.entity.ot.EntitySettingsResource.gen@0x2e24b -> EntitySettings\Character_Common\Character_Common.entity.ot.EntitySettingsResource.gen@0x56f54 property=0xfd2c964 -> EntitySettings\Character_Common\Character_Common.entity.ot.EntitySettingsResource.gen@0x32ecd property=0x15879235 -> EntitySettings\Heroes\Hero_Romeo!Hero_Romeo.entity.ot.EntitySettingsResource.gen@0xb196b object-index=1063 -> EntitySettings\Heroes\Hero_Romeo!Hero_Romeo.entity.ot.EntitySettingsResource.gen@0xb196b property=None -> EntitySettings\Heroes\Hero_Romeo!Hero_Romeo.entity.ot.EntitySettingsResource.gen@0xb196b -> EntitySettings\Heroes\Hero_Romeo!Hero_Romeo.entity.ot.EntitySettingsResource.gen@0xb1a63 object-index=1064 -> EntitySettings\Heroes\Hero_Romeo!Hero_Romeo.entity.ot.EntitySettingsResource.gen@0xb1a63 property=None -> EntitySettings\Heroes\Hero_Romeo!Hero_Romeo.entity.ot.EntitySettingsResource.gen@0xb1a63 -> EntitySettings\Heroes\Hero_Romeo!Hero_Romeo.entity.ot.EntitySettingsResource.gen@0x79649 property=0xfd2c964 -> multiply(1.10000002,3) -> EntitySettings\Heroes\Hero_Romeo!Hero_Romeo.entity.ot.EntitySettingsResource.gen@0x2dbb9 property=0x17ae7811 -> EntitySettings\Heroes\Hero_Romeo!Hero_Romeo.entity.ot.EntitySettingsResource.gen@0x2dc43 -> EntitySettings\Heroes\Hero_Romeo!Hero_Romeo.entity.ot.EntitySettingsResource.gen@0xb1e58 object-index=1068 -> EntitySettings\Heroes\Hero_Romeo!Hero_Romeo.entity.ot.EntitySettingsResource.gen@0xb1e58 property=None -> EntitySettings\Heroes\Hero_Romeo!Hero_Romeo.entity.ot.EntitySettingsResource.gen@0xb1e58 -> EntitySettings\Heroes\Hero_Romeo!Hero_Romeo.entity.ot.EntitySettingsResource.gen@0x796f2 property=0xfd2c964 -> add(1.10000002,2) -> multiply(1.10000002,3.10000002) -> add(3.30000007,3.4100001) -> EntitySettings\Heroes\Hero_Common!Hero_Common.entity.ot.EntitySettingsResource.gen@0x8cd6e property=0x17ae7811 -> EntitySettings\Heroes\Hero_Common!Hero_Common.entity.ot.EntitySettingsResource.gen@0x8cde1 -> EntitySettings\Character_Common\Character_Common.entity.ot.EntitySettingsResource.gen@0x59bde property=0xfd2c964 -> EntitySettings\Heroes\Hero_Common!Hero_Common.entity.ot.EntitySettingsResource.gen@0x95da8 property=0x15a57291 -> add(1,0,0) -> multiply(10,6.71000017,1)	Compendium level 1, day, DMG=10, HEALING=10, AP=0, no talents/objects; untouched ability preview; Potency=0. Explicit Night calibration descriptions use night; YIN text uses Yin, paired descriptions use paired mode. Blocked: Fractional damage display is not calibrated by the supplied observations: raw=67.1000017, formatter=2. Rounding or decimal presentation cannot be independently established from these files.
r44fd2f5f	Romeo		Red Rose	Abilities	value	Ability_Power_Desc	1	max_total_damage	The Rose can deal up to [?] damage in total	damage		missing	((Level Damage Selector{[State] Character_Common\Bhv Preview\Behaviour Preview => DMG; True => DMG} * 1.0 * (1.0 + AP + NO_TALENT_OBJECT_MODIFIER(Primary Ability AP Modifier Listener))) + runtime_operand[1059])	formatter argument; kind=657745408; format=2	Formatter/configuration decoding only; engine-fed operands and runtime branches preserved.  Blocked: Runtime selector predicate [State] Character_Common\Bhv Preview\Behaviour Preview.0xfd2833c is not established by serialized flag initialization; Property access needs engine semantics; no fallback substitution (Behaviour Preview.0xfd2833c); Engine-fed operation operand binding; serialized fallback must not replace live operand (operand binding 1059)	70	DMG=10; HEALING=10; AP=0; add(1,0,0); multiply(10,1,1); divide(1,0.5); add(1,0,0); multiply(10,2,1); multiply(20,3); add(10,60); raw_argument=70.0; kind-byte=0; formatter=2 => 70	decoded-baseline	codex-fill-evidence.json -> records[r44fd2f5f]; EntitySettings\Heroes\Hero_Romeo!Hero_Romeo.entity.ot.EntitySettingsResource.gen@0x476b9 arg=1 kind-byte=0 padded-word=0x27346600 format=2 -> EntitySettings\Heroes\Hero_Romeo!Hero_Romeo.entity.ot.EntitySettingsResource.gen@0x2f65e property=0x17ae7811 -> EntitySettings\Heroes\Hero_Romeo!Hero_Romeo.entity.ot.EntitySettingsResource.gen@0x2f6e7 -> EntitySettings\Heroes\Hero_Romeo!Hero_Romeo.entity.ot.EntitySettingsResource.gen@0x2ec8d property=0x17ae7811 -> EntitySettings\Heroes\Hero_Romeo!Hero_Romeo.entity.ot.EntitySettingsResource.gen@0x2ed1b -> EntitySettings\Character_Common\Character_Common.entity.ot.EntitySettingsResource.gen@0x56f54 property=0xfd2c964 -> EntitySettings\Character_Common\Character_Common.entity.ot.EntitySettingsResource.gen@0x32ecd property=0x15879235 -> EntitySettings\Heroes\Hero_Romeo!Hero_Romeo.entity.ot.EntitySettingsResource.gen@0x7acc2 property=0xfd2c964 -> EntitySettings\Heroes\Hero_Common!Hero_Common.entity.ot.EntitySettingsResource.gen@0x8ef33 property=0x17ae7811 -> EntitySettings\Heroes\Hero_Common!Hero_Common.entity.ot.EntitySettingsResource.gen@0x8efa9 -> EntitySettings\Character_Common\Character_Common.entity.ot.EntitySettingsResource.gen@0x59bde property=0xfd2c964 -> EntitySettings\Heroes\Hero_Common!Hero_Common.entity.ot.EntitySettingsResource.gen@0x9807d property=0x15a57291 -> add(1,0,0) -> multiply(10,1,1) -> EntitySettings\Heroes\Hero_Romeo!Hero_Romeo.entity.ot.EntitySettingsResource.gen@0xb14fd object-index=1059 -> EntitySettings\Heroes\Hero_Romeo!Hero_Romeo.entity.ot.EntitySettingsResource.gen@0xb14fd property=None -> EntitySettings\Heroes\Hero_Romeo!Hero_Romeo.entity.ot.EntitySettingsResource.gen@0xb14fd -> EntitySettings\Heroes\Hero_Romeo!Hero_Romeo.entity.ot.EntitySettingsResource.gen@0x2f3e8 property=0x17ae7811 -> EntitySettings\Heroes\Hero_Romeo!Hero_Romeo.entity.ot.EntitySettingsResource.gen@0x2f473 -> EntitySettings\Heroes\Hero_Romeo!Hero_Romeo.entity.ot.EntitySettingsResource.gen@0xb1667 object-index=1060 -> EntitySettings\Heroes\Hero_Romeo!Hero_Romeo.entity.ot.EntitySettingsResource.gen@0xb1667 property=None -> EntitySettings\Heroes\Hero_Romeo!Hero_Romeo.entity.ot.EntitySettingsResource.gen@0xb1667 -> EntitySettings\Heroes\Hero_Romeo!Hero_Romeo.entity.ot.EntitySettingsResource.gen@0x7ae24 property=0xfd2c964 -> EntitySettings\Heroes\Hero_Romeo!Hero_Romeo.entity.ot.EntitySettingsResource.gen@0x7af81 property=0xfd2c964 -> divide(1,0.5) -> multiply(10,2,1) -> EntitySettings\Heroes\Hero_Romeo!Hero_Romeo.entity.ot.EntitySettingsResource.gen@0x7aed4 property=0xfd2c964 -> multiply(20,3) -> add(10,60)	Compendium level 1, day, DMG=10, HEALING=10, AP=0, no talents/objects; untouched ability preview; Potency=0. Explicit Night calibration descriptions use night; YIN text uses Yin, paired descriptions use paired mode. Value derived from the typed argument graph, not an observed-value lookup.
r004df135	Romeo		Passionate Kiss	Abilities	value	Ability_Special_Desc	2	kiss_area_damage	Answering the call makes both heroes dash towards each other and kiss at half-distance dealing [?] area damage, then they move back in opposite directions	damage		missing	(Level Damage Selector{[State] Character_Common\Bhv Preview\Behaviour Preview => DMG; True => DMG} * Secondary Ability Damage Multiplier Value Selector{[State] Hero_Romeo_Juliet_Common\Base\State Is Solo => (12.5 * 0.6000000238418579); True => 12.5} * (1.0 + AP + NO_TALENT_OBJECT_MODIFIER(Secondary Ability AP Modifier Listener)) * runtime_operand[1058])	formatter argument; kind=0; format=2	Formatter/configuration decoding only; engine-fed operands and runtime branches preserved.  Blocked: Runtime selector predicate [State] Character_Common\Bhv Preview\Behaviour Preview.0xfd2833c is not established by serialized flag initialization; Property access needs engine semantics; no fallback substitution (Behaviour Preview.0xfd2833c); Runtime selector predicate [State] Hero_Romeo_Juliet_Common\Base\State Is Solo.0xfd2832a is not established by serialized flag initialization; Property access needs engine semantics; no fallback substitution (State Is Solo.0xfd2832a); Engine-fed operation o	125	DMG=10; HEALING=10; AP=0; add(1,0,0); add(1,0); multiply(10,12.5,1,1); raw_argument=125.0; kind-byte=0; formatter=2 => 125	decoded-baseline	codex-fill-evidence.json -> records[r004df135]; EntitySettings\Heroes\Hero_Romeo!Hero_Romeo.entity.ot.EntitySettingsResource.gen@0x4797e arg=2 kind-byte=0 padded-word=0x0 format=2 -> EntitySettings\Heroes\Hero_Romeo!Hero_Romeo.entity.ot.EntitySettingsResource.gen@0x2f85b property=0x17ae7811 -> EntitySettings\Heroes\Hero_Romeo!Hero_Romeo.entity.ot.EntitySettingsResource.gen@0x2f8e0 -> EntitySettings\Character_Common\Character_Common.entity.ot.EntitySettingsResource.gen@0x56f54 property=0xfd2c964 -> EntitySettings\Character_Common\Character_Common.entity.ot.EntitySettingsResource.gen@0x32ecd property=0x15879235 -> EntitySettings\Heroes\Hero_Juliet!Hero_Romeo_Juliet_Common.entity.ot.EntitySettingsResource.gen@0x55a7f property=0xfd2c964 -> EntitySettings\Heroes\Hero_Juliet!Hero_Romeo_Juliet_Common.entity.ot.EntitySettingsResource.gen@0x6011f property=0xfd2c964 -> EntitySettings\Heroes\Hero_Common!Hero_Common.entity.ot.EntitySettingsResource.gen@0x8f56d property=0x17ae7811 -> EntitySettings\Heroes\Hero_Common!Hero_Common.entity.ot.EntitySettingsResource.gen@0x8f5e5 -> EntitySettings\Character_Common\Character_Common.entity.ot.EntitySettingsResource.gen@0x59bde property=0xfd2c964 -> EntitySettings\Heroes\Hero_Common!Hero_Common.entity.ot.EntitySettingsResource.gen@0x987a7 property=0x15a57291 -> add(1,0,0) -> EntitySettings\Heroes\Hero_Romeo!Hero_Romeo.entity.ot.EntitySettingsResource.gen@0xb146a object-index=1058 -> EntitySettings\Heroes\Hero_Romeo!Hero_Romeo.entity.ot.EntitySettingsResource.gen@0xb146a property=None -> EntitySettings\Heroes\Hero_Romeo!Hero_Romeo.entity.ot.EntitySettingsResource.gen@0xb146a -> EntitySettings\Heroes\Hero_Juliet!Hero_Romeo_Juliet_Common.entity.ot.EntitySettingsResource.gen@0x5782c property=0xfd2c964 -> add(1,0) -> multiply(10,12.5,1,1)	Compendium level 1, day, DMG=10, HEALING=10, AP=0, no talents/objects; untouched ability preview; Potency=0. Explicit Night calibration descriptions use night; YIN text uses Yin, paired descriptions use paired mode. Value derived from the typed argument graph, not an observed-value lookup. Paired ability description: State Is Solo=false; this is not the solo fallback.
r9d395eb3	Romeo		Deflect	Abilities	value	Ability_Defense_Desc	1	riposte_damage	ATTACK used during or right after DEFENSE triggers an INTANGIBLE Ripost launching a flurry of attacks, dealing up to [?] damage	damage		missing	(Level Damage Selector{[State] Character_Common\Bhv Preview\Behaviour Preview => DMG; True => DMG} * runtime_operand[1062] * (1.0 + AP + NO_TALENT_OBJECT_MODIFIER(Basic Attack AP Modifier Listener)))	formatter argument; kind=3342336; format=2	Formatter/configuration decoding only; engine-fed operands and runtime branches preserved.  Blocked: Runtime selector predicate [State] Character_Common\Bhv Preview\Behaviour Preview.0xfd2833c is not established by serialized flag initialization; Property access needs engine semantics; no fallback substitution (Behaviour Preview.0xfd2833c); Engine-fed operation operand binding; serialized fallback must not replace live operand (operand binding 1062)	80	DMG=10; HEALING=10; AP=0; multiply(2,4); add(1,0,0); multiply(10,8,1); raw_argument=80.0; kind-byte=0; formatter=2 => 80	decoded-baseline	codex-fill-evidence.json -> records[r9d395eb3]; EntitySettings\Heroes\Hero_Romeo!Hero_Romeo.entity.ot.EntitySettingsResource.gen@0x4749d arg=1 kind-byte=0 padded-word=0x330000 format=2 -> EntitySettings\Heroes\Hero_Romeo!Hero_Romeo.entity.ot.EntitySettingsResource.gen@0x2e42c property=0x17ae7811 -> EntitySettings\Heroes\Hero_Romeo!Hero_Romeo.entity.ot.EntitySettingsResource.gen@0x2e4b3 -> EntitySettings\Character_Common\Character_Common.entity.ot.EntitySettingsResource.gen@0x56f54 property=0xfd2c964 -> EntitySettings\Character_Common\Character_Common.entity.ot.EntitySettingsResource.gen@0x32ecd property=0x15879235 -> EntitySettings\Heroes\Hero_Romeo!Hero_Romeo.entity.ot.EntitySettingsResource.gen@0xb1891 object-index=1062 -> EntitySettings\Heroes\Hero_Romeo!Hero_Romeo.entity.ot.EntitySettingsResource.gen@0xb1891 property=None -> EntitySettings\Heroes\Hero_Romeo!Hero_Romeo.entity.ot.EntitySettingsResource.gen@0xb1891 -> EntitySettings\Heroes\Hero_Romeo!Hero_Romeo.entity.ot.EntitySettingsResource.gen@0x7979c property=0xfd2c964 -> multiply(2,4) -> EntitySettings\Heroes\Hero_Common!Hero_Common.entity.ot.EntitySettingsResource.gen@0x8cd6e property=0x17ae7811 -> EntitySettings\Heroes\Hero_Common!Hero_Common.entity.ot.EntitySettingsResource.gen@0x8cde1 -> EntitySettings\Character_Common\Character_Common.entity.ot.EntitySettingsResource.gen@0x59bde property=0xfd2c964 -> EntitySettings\Heroes\Hero_Common!Hero_Common.entity.ot.EntitySettingsResource.gen@0x95da8 property=0x15a57291 -> add(1,0,0) -> multiply(10,8,1)	Compendium level 1, day, DMG=10, HEALING=10, AP=0, no talents/objects; untouched ability preview; Potency=0. Explicit Night calibration descriptions use night; YIN text uses Yin, paired descriptions use paired mode. Value derived from the typed argument graph, not an observed-value lookup.
r81c0b1fc	Romeo		Wild Waltz	Ultimates	value	Ability_Ultimate_1_Desc	3	min_area_dps	Deal between [?] and ? area damage per second (according to their movement speed)	damage_per_second		missing	(Level Damage Selector{[State] Character_Common\Bhv Preview\Behaviour Preview => DMG; True => DMG} * runtime_operand[826] * (1.0 + AP + NO_TALENT_OBJECT_MODIFIER(Ultimate AP Modifier Listener)))	formatter argument; kind=3149200385; format=2	Formatter/configuration decoding only; engine-fed operands and runtime branches preserved.  Blocked: Runtime selector predicate [State] Character_Common\Bhv Preview\Behaviour Preview.0xfd2833c is not established by serialized flag initialization; Property access needs engine semantics; no fallback substitution (Behaviour Preview.0xfd2833c); Engine-fed operation operand binding; serialized fallback must not replace live operand (operand binding 826)	130	DMG=10; HEALING=10; AP=0; divide(6.5,0.5); add(1,0,0); multiply(10,13,1); raw_argument=130.0; kind-byte=1; formatter=2 => 130	decoded-baseline	codex-fill-evidence.json -> records[r81c0b1fc]; EntitySettings\Heroes\Hero_Romeo!Hero_Romeo.entity.ot.EntitySettingsResource.gen@0x47fbb arg=3 kind-byte=1 padded-word=0xbbb4fc01 format=2 -> EntitySettings\Heroes\Hero_Juliet!Hero_Romeo_Juliet_Common.entity.ot.EntitySettingsResource.gen@0x32f45 property=0x17ae780b -> EntitySettings\Heroes\Hero_Juliet!Hero_Romeo_Juliet_Common.entity.ot.EntitySettingsResource.gen@0x32fc4 -> EntitySettings\Character_Common\Character_Common.entity.ot.EntitySettingsResource.gen@0x56f54 property=0xfd2c964 -> EntitySettings\Character_Common\Character_Common.entity.ot.EntitySettingsResource.gen@0x32ecd property=0x15879235 -> EntitySettings\Heroes\Hero_Juliet!Hero_Romeo_Juliet_Common.entity.ot.EntitySettingsResource.gen@0x84088 object-index=826 -> EntitySettings\Heroes\Hero_Juliet!Hero_Romeo_Juliet_Common.entity.ot.EntitySettingsResource.gen@0x84088 property=None -> EntitySettings\Heroes\Hero_Juliet!Hero_Romeo_Juliet_Common.entity.ot.EntitySettingsResource.gen@0x84088 -> EntitySettings\Heroes\Hero_Juliet!Hero_Romeo_Juliet_Common.entity.ot.EntitySettingsResource.gen@0x5ac79 property=0xfd2c964 -> EntitySettings\Heroes\Hero_Juliet!Hero_Romeo_Juliet_Common.entity.ot.EntitySettingsResource.gen@0x62475 property=0xfd2c964 -> EntitySettings\Heroes\Hero_Juliet!Hero_Romeo_Juliet_Common.entity.ot.EntitySettingsResource.gen@0x63105 property=0xfd2c964 -> divide(6.5,0.5) -> EntitySettings\Heroes\Hero_Common!Hero_Common.entity.ot.EntitySettingsResource.gen@0x8fbf8 property=0x17ae7811 -> EntitySettings\Heroes\Hero_Common!Hero_Common.entity.ot.EntitySettingsResource.gen@0x8fc67 -> EntitySettings\Character_Common\Character_Common.entity.ot.EntitySettingsResource.gen@0x59bde property=0xfd2c964 -> EntitySettings\Heroes\Hero_Common!Hero_Common.entity.ot.EntitySettingsResource.gen@0x994b9 property=0x15a57291 -> add(1,0,0) -> multiply(10,13,1)	Compendium level 1, day, DMG=10, HEALING=10, AP=0, no talents/objects; untouched ability preview; Potency=0. Explicit Night calibration descriptions use night; YIN text uses Yin, paired descriptions use paired mode. Value derived from the typed argument graph, not an observed-value lookup.
radfe4dbc	Romeo		Wild Waltz	Ultimates	value	Ability_Ultimate_1_Desc	4	max_area_dps	Deal between ? and [?] area damage per second (according to their movement speed)	damage_per_second		missing	(Level Damage Selector{[State] Character_Common\Bhv Preview\Behaviour Preview => DMG; True => DMG} * runtime_operand[827] * (1.0 + AP + NO_TALENT_OBJECT_MODIFIER(Ultimate AP Modifier Listener)))	formatter argument; kind=1; format=2	Formatter/configuration decoding only; engine-fed operands and runtime branches preserved.  Blocked: Runtime selector predicate [State] Character_Common\Bhv Preview\Behaviour Preview.0xfd2833c is not established by serialized flag initialization; Property access needs engine semantics; no fallback substitution (Behaviour Preview.0xfd2833c); Engine-fed operation operand binding; serialized fallback must not replace live operand (operand binding 827)	260	DMG=10; HEALING=10; AP=0; divide(6.5,0.25); add(1,0,0); multiply(10,26,1); raw_argument=260.0; kind-byte=1; formatter=2 => 260	decoded-baseline	codex-fill-evidence.json -> records[radfe4dbc]; EntitySettings\Heroes\Hero_Romeo!Hero_Romeo.entity.ot.EntitySettingsResource.gen@0x47fbb arg=4 kind-byte=1 padded-word=0x1 format=2 -> EntitySettings\Heroes\Hero_Juliet!Hero_Romeo_Juliet_Common.entity.ot.EntitySettingsResource.gen@0x32d55 property=0x17ae780b -> EntitySettings\Heroes\Hero_Juliet!Hero_Romeo_Juliet_Common.entity.ot.EntitySettingsResource.gen@0x32dd5 -> EntitySettings\Character_Common\Character_Common.entity.ot.EntitySettingsResource.gen@0x56f54 property=0xfd2c964 -> EntitySettings\Character_Common\Character_Common.entity.ot.EntitySettingsResource.gen@0x32ecd property=0x15879235 -> EntitySettings\Heroes\Hero_Juliet!Hero_Romeo_Juliet_Common.entity.ot.EntitySettingsResource.gen@0x841fc object-index=827 -> EntitySettings\Heroes\Hero_Juliet!Hero_Romeo_Juliet_Common.entity.ot.EntitySettingsResource.gen@0x841fc property=None -> EntitySettings\Heroes\Hero_Juliet!Hero_Romeo_Juliet_Common.entity.ot.EntitySettingsResource.gen@0x841fc -> EntitySettings\Heroes\Hero_Juliet!Hero_Romeo_Juliet_Common.entity.ot.EntitySettingsResource.gen@0x5ac79 property=0xfd2c964 -> EntitySettings\Heroes\Hero_Juliet!Hero_Romeo_Juliet_Common.entity.ot.EntitySettingsResource.gen@0x62475 property=0xfd2c964 -> EntitySettings\Heroes\Hero_Juliet!Hero_Romeo_Juliet_Common.entity.ot.EntitySettingsResource.gen@0x62679 property=0xfd2c964 -> divide(6.5,0.25) -> EntitySettings\Heroes\Hero_Common!Hero_Common.entity.ot.EntitySettingsResource.gen@0x8fbf8 property=0x17ae7811 -> EntitySettings\Heroes\Hero_Common!Hero_Common.entity.ot.EntitySettingsResource.gen@0x8fc67 -> EntitySettings\Character_Common\Character_Common.entity.ot.EntitySettingsResource.gen@0x59bde property=0xfd2c964 -> EntitySettings\Heroes\Hero_Common!Hero_Common.entity.ot.EntitySettingsResource.gen@0x994b9 property=0x15a57291 -> add(1,0,0) -> multiply(10,26,1)	Compendium level 1, day, DMG=10, HEALING=10, AP=0, no talents/objects; untouched ability preview; Potency=0. Explicit Night calibration descriptions use night; YIN text uses Yin, paired descriptions use paired mode. Value derived from the typed argument graph, not an observed-value lookup.
r4d16e59d	Romeo		Wild Waltz	Ultimates	cooldown	Ability_Ultimate_1_Desc		cooldown		seconds		missing	(10.0 0x17b29bf0 90.0 0x17b29bf0 unresolved(Ultimate Power 1 Dance Duration Timer))	Ultimate Power 1 Controller	Formatter/configuration decoding only; engine-fed operands and runtime branches preserved.  Blocked: Property access needs engine semantics; no fallback substitution (Ultimate Power 1 Dance Duration Timer.0xfd2825a)	90.0	90.0	decoded-baseline	codex-cooldown-analysis.json -> fill_cooldowns[r4d16e59d]; EntitySettings\Heroes\Hero_Romeo!Hero_Romeo.entity.ot.EntitySettingsResource.gen@0x46016	Compendium level 1, day, DMG=10, HEALING=10, AP=0, no talents/objects; untouched ability preview; Potency=0. Explicit Night calibration descriptions use night; YIN text uses Yin, paired descriptions use paired mode. Controller selected by canonical title key and shared override GUID; Compendium maximum/display override takes precedence over runtime-state cooldown.
r1016df75	Romeo		Black Roses	Ultimates	cooldown	Ability_Ultimate_2_Desc		cooldown		seconds		missing	(10.0 0x17b29bf0 75.0 0x17b29bf0 unresolved(Ultimate Power 2 Active Timer))	Ultimate Power 2 Controller	Formatter/configuration decoding only; engine-fed operands and runtime branches preserved.  Blocked: Property access needs engine semantics; no fallback substitution (Ultimate Power 2 Active Timer.0xfd2825a)	75.0	75.0	decoded-baseline	codex-cooldown-analysis.json -> fill_cooldowns[r1016df75]; EntitySettings\Heroes\Hero_Romeo!Hero_Romeo.entity.ot.EntitySettingsResource.gen@0x468f1	Compendium level 1, day, DMG=10, HEALING=10, AP=0, no talents/objects; untouched ability preview; Potency=0. Explicit Night calibration descriptions use night; YIN text uses Yin, paired descriptions use paired mode. Controller selected by canonical title key and shared override GUID; Compendium maximum/display override takes precedence over runtime-state cooldown.
r34e41d95	Juliet		Until death do us part	Trait	value	Ability_Trait_Desc	3	heal_ratio_pct	Active: Consume Health equivalent to 15% of Maximum Health to make Romeo heal for [?]% of the amount (healing above Maximum Health is converted into SHIELD)	percent		missing	100 * (unresolved(Multiple distinct formatter bindings for same canonical key; owning selector not proven))	formatter argument; kind=0; format=1	Formatter/configuration decoding only; engine-fed operands and runtime branches preserved.  Blocked: Multiple distinct formatter bindings for same canonical key; owning selector not proven	200	DMG=10; HEALING=10; AP=0; ; raw_argument=2.0; kind-byte=0; formatter=1 => 200	decoded-baseline	codex-fill-evidence.json -> records[r34e41d95]; EntitySettings\Heroes\Hero_Juliet!Hero_Juliet.entity.ot.EntitySettingsResource.gen@0x4797e arg=3 kind-byte=0 padded-word=0x0 format=1 -> EntitySettings\Heroes\Hero_Juliet!Hero_Romeo_Juliet_Common.entity.ot.EntitySettingsResource.gen@0x61c9e property=0xfd2c964	Compendium level 1, day, DMG=10, HEALING=10, AP=0, no talents/objects; untouched ability preview; Potency=0. Explicit Night calibration descriptions use night; YIN text uses Yin, paired descriptions use paired mode. Value derived from the typed argument graph, not an observed-value lookup.
r8fa0dccd	Juliet		Broken Heart	Trait	cooldown	Ability_Trait_Solo_Desc		cooldown		seconds		missing	unresolved(Applicable passive/solo controller selector not proven)	Trait Ability Controller	Formatter/configuration decoding only; engine-fed operands and runtime branches preserved. Applicable passive/solo controller selector not proven Blocked: Applicable passive/solo controller selector not proven	15.0	15.0	decoded-baseline	codex-cooldown-analysis.json -> fill_cooldowns[r8fa0dccd]; EntitySettings\Heroes\Hero_Juliet!Hero_Juliet.entity.ot.EntitySettingsResource.gen@0x45797	Compendium level 1, day, DMG=10, HEALING=10, AP=0, no talents/objects; untouched ability preview; Potency=0. Explicit Night calibration descriptions use night; YIN text uses Yin, paired descriptions use paired mode. Controller selected by canonical title key and shared override GUID; Compendium maximum/display override takes precedence over runtime-state cooldown.
r3c563980	Juliet		Power Shot	Abilities	value	Ability_Power_Desc	1	perfect_shot_bonus	Release at key moment to trigger a PERFECT SHOT dealing +[?]% damage	percent		missing	formatter(kind=1416392192, format=1, raw=0.5)	formatter argument; kind=1416392192; format=1	Formatter/configuration decoding only; engine-fed operands and runtime branches preserved.  Blocked: Unrecognized formatter argument kind 1416392192; display conversion is not guessed	50	DMG=10; HEALING=10; AP=0; ; raw_argument=0.5; kind-byte=0; formatter=1 => 50	decoded-baseline	codex-fill-evidence.json -> records[r3c563980]; EntitySettings\Heroes\Hero_Juliet!Hero_Juliet.entity.ot.EntitySettingsResource.gen@0x4732b arg=1 kind-byte=0 padded-word=0x546c6e00 format=1 -> EntitySettings\Heroes\Hero_Juliet!Hero_Juliet.entity.ot.EntitySettingsResource.gen@0x723fc property=0xfd2c964	Compendium level 1, day, DMG=10, HEALING=10, AP=0, no talents/objects; untouched ability preview; Potency=0. Explicit Night calibration descriptions use night; YIN text uses Yin, paired descriptions use paired mode. Value derived from the typed argument graph, not an observed-value lookup.
r44347429	Juliet		Passionate Kiss	Abilities	value	Ability_Special_Desc	2	kiss_area_damage	Answering the call makes both heroes dash towards each other and kiss at half-distance dealing [?] area damage, then they move back in opposite directions	damage		missing	(Level Damage Selector{[State] Character_Common\Bhv Preview\Behaviour Preview => DMG; True => DMG} * Secondary Ability Damage Multiplier Value Selector{[State] Hero_Romeo_Juliet_Common\Base\State Is Solo => (12.5 * 0.6000000238418579); True => 12.5} * (1.0 + AP + NO_TALENT_OBJECT_MODIFIER(Secondary Ability AP Modifier Listener)) * runtime_operand[805])	formatter argument; kind=0; format=2	Formatter/configuration decoding only; engine-fed operands and runtime branches preserved.  Blocked: Runtime selector predicate [State] Character_Common\Bhv Preview\Behaviour Preview.0xfd2833c is not established by serialized flag initialization; Property access needs engine semantics; no fallback substitution (Behaviour Preview.0xfd2833c); Runtime selector predicate [State] Hero_Romeo_Juliet_Common\Base\State Is Solo.0xfd2832a is not established by serialized flag initialization; Property access needs engine semantics; no fallback substitution (State Is Solo.0xfd2832a); Engine-fed operation o	125	DMG=10; HEALING=10; AP=0; add(1,0,0); add(1,0); multiply(10,12.5,1,1); raw_argument=125.0; kind-byte=0; formatter=2 => 125	decoded-baseline	codex-fill-evidence.json -> records[r44347429]; EntitySettings\Heroes\Hero_Juliet!Hero_Juliet.entity.ot.EntitySettingsResource.gen@0x476b2 arg=2 kind-byte=0 padded-word=0x0 format=2 -> EntitySettings\Heroes\Hero_Juliet!Hero_Juliet.entity.ot.EntitySettingsResource.gen@0x357ec property=0x17ae7811 -> EntitySettings\Heroes\Hero_Juliet!Hero_Juliet.entity.ot.EntitySettingsResource.gen@0x35871 -> EntitySettings\Character_Common\Character_Common.entity.ot.EntitySettingsResource.gen@0x56f54 property=0xfd2c964 -> EntitySettings\Character_Common\Character_Common.entity.ot.EntitySettingsResource.gen@0x32ecd property=0x15879235 -> EntitySettings\Heroes\Hero_Juliet!Hero_Romeo_Juliet_Common.entity.ot.EntitySettingsResource.gen@0x55a7f property=0xfd2c964 -> EntitySettings\Heroes\Hero_Juliet!Hero_Romeo_Juliet_Common.entity.ot.EntitySettingsResource.gen@0x6011f property=0xfd2c964 -> EntitySettings\Heroes\Hero_Common!Hero_Common.entity.ot.EntitySettingsResource.gen@0x8f56d property=0x17ae7811 -> EntitySettings\Heroes\Hero_Common!Hero_Common.entity.ot.EntitySettingsResource.gen@0x8f5e5 -> EntitySettings\Character_Common\Character_Common.entity.ot.EntitySettingsResource.gen@0x59bde property=0xfd2c964 -> EntitySettings\Heroes\Hero_Common!Hero_Common.entity.ot.EntitySettingsResource.gen@0x987a7 property=0x15a57291 -> add(1,0,0) -> EntitySettings\Heroes\Hero_Juliet!Hero_Juliet.entity.ot.EntitySettingsResource.gen@0x95ca4 object-index=805 -> EntitySettings\Heroes\Hero_Juliet!Hero_Juliet.entity.ot.EntitySettingsResource.gen@0x95ca4 property=None -> EntitySettings\Heroes\Hero_Juliet!Hero_Juliet.entity.ot.EntitySettingsResource.gen@0x95ca4 -> EntitySettings\Heroes\Hero_Juliet!Hero_Romeo_Juliet_Common.entity.ot.EntitySettingsResource.gen@0x5782c property=0xfd2c964 -> add(1,0) -> multiply(10,12.5,1,1)	Compendium level 1, day, DMG=10, HEALING=10, AP=0, no talents/objects; untouched ability preview; Potency=0. Explicit Night calibration descriptions use night; YIN text uses Yin, paired descriptions use paired mode. Value derived from the typed argument graph, not an observed-value lookup. Paired ability description: State Is Solo=false; this is not the solo fallback.
r9b27db85	Juliet		Wild Waltz	Ultimates	value	Ability_Ultimate_1_Desc	3	min_area_dps	Deal between [?] and ? area damage per second (according to their movement speed)	damage_per_second		missing	(Level Damage Selector{[State] Character_Common\Bhv Preview\Behaviour Preview => DMG; True => DMG} * runtime_operand[826] * (1.0 + AP + NO_TALENT_OBJECT_MODIFIER(Ultimate AP Modifier Listener)))	formatter argument; kind=3149200384; format=2	Formatter/configuration decoding only; engine-fed operands and runtime branches preserved.  Blocked: Runtime selector predicate [State] Character_Common\Bhv Preview\Behaviour Preview.0xfd2833c is not established by serialized flag initialization; Property access needs engine semantics; no fallback substitution (Behaviour Preview.0xfd2833c); Engine-fed operation operand binding; serialized fallback must not replace live operand (operand binding 826)	130	DMG=10; HEALING=10; AP=0; divide(6.5,0.5); add(1,0,0); multiply(10,13,1); raw_argument=130.0; kind-byte=0; formatter=2 => 130	decoded-baseline	codex-fill-evidence.json -> records[r9b27db85]; EntitySettings\Heroes\Hero_Juliet!Hero_Juliet.entity.ot.EntitySettingsResource.gen@0x47cf0 arg=3 kind-byte=0 padded-word=0xbbb4fc00 format=2 -> EntitySettings\Heroes\Hero_Juliet!Hero_Romeo_Juliet_Common.entity.ot.EntitySettingsResource.gen@0x32f45 property=0x17ae7811 -> EntitySettings\Heroes\Hero_Juliet!Hero_Romeo_Juliet_Common.entity.ot.EntitySettingsResource.gen@0x32fc4 -> EntitySettings\Character_Common\Character_Common.entity.ot.EntitySettingsResource.gen@0x56f54 property=0xfd2c964 -> EntitySettings\Character_Common\Character_Common.entity.ot.EntitySettingsResource.gen@0x32ecd property=0x15879235 -> EntitySettings\Heroes\Hero_Juliet!Hero_Romeo_Juliet_Common.entity.ot.EntitySettingsResource.gen@0x84088 object-index=826 -> EntitySettings\Heroes\Hero_Juliet!Hero_Romeo_Juliet_Common.entity.ot.EntitySettingsResource.gen@0x84088 property=None -> EntitySettings\Heroes\Hero_Juliet!Hero_Romeo_Juliet_Common.entity.ot.EntitySettingsResource.gen@0x84088 -> EntitySettings\Heroes\Hero_Juliet!Hero_Romeo_Juliet_Common.entity.ot.EntitySettingsResource.gen@0x5ac79 property=0xfd2c964 -> EntitySettings\Heroes\Hero_Juliet!Hero_Romeo_Juliet_Common.entity.ot.EntitySettingsResource.gen@0x62475 property=0xfd2c964 -> EntitySettings\Heroes\Hero_Juliet!Hero_Romeo_Juliet_Common.entity.ot.EntitySettingsResource.gen@0x63105 property=0xfd2c964 -> divide(6.5,0.5) -> EntitySettings\Heroes\Hero_Common!Hero_Common.entity.ot.EntitySettingsResource.gen@0x8fbf8 property=0x17ae7811 -> EntitySettings\Heroes\Hero_Common!Hero_Common.entity.ot.EntitySettingsResource.gen@0x8fc67 -> EntitySettings\Character_Common\Character_Common.entity.ot.EntitySettingsResource.gen@0x59bde property=0xfd2c964 -> EntitySettings\Heroes\Hero_Common!Hero_Common.entity.ot.EntitySettingsResource.gen@0x994b9 property=0x15a57291 -> add(1,0,0) -> multiply(10,13,1)	Compendium level 1, day, DMG=10, HEALING=10, AP=0, no talents/objects; untouched ability preview; Potency=0. Explicit Night calibration descriptions use night; YIN text uses Yin, paired descriptions use paired mode. Value derived from the typed argument graph, not an observed-value lookup.
r8b965309	Juliet		Wild Waltz	Ultimates	value	Ability_Ultimate_1_Desc	4	max_area_dps	Deal between ? and [?] area damage per second (according to their movement speed)	damage_per_second		missing	(Level Damage Selector{[State] Character_Common\Bhv Preview\Behaviour Preview => DMG; True => DMG} * runtime_operand[827] * (1.0 + AP + NO_TALENT_OBJECT_MODIFIER(Ultimate AP Modifier Listener)))	formatter argument; kind=0; format=2	Formatter/configuration decoding only; engine-fed operands and runtime branches preserved.  Blocked: Runtime selector predicate [State] Character_Common\Bhv Preview\Behaviour Preview.0xfd2833c is not established by serialized flag initialization; Property access needs engine semantics; no fallback substitution (Behaviour Preview.0xfd2833c); Engine-fed operation operand binding; serialized fallback must not replace live operand (operand binding 827)	260	DMG=10; HEALING=10; AP=0; divide(6.5,0.25); add(1,0,0); multiply(10,26,1); raw_argument=260.0; kind-byte=0; formatter=2 => 260	decoded-baseline	codex-fill-evidence.json -> records[r8b965309]; EntitySettings\Heroes\Hero_Juliet!Hero_Juliet.entity.ot.EntitySettingsResource.gen@0x47cf0 arg=4 kind-byte=0 padded-word=0x0 format=2 -> EntitySettings\Heroes\Hero_Juliet!Hero_Romeo_Juliet_Common.entity.ot.EntitySettingsResource.gen@0x32d55 property=0x17ae7811 -> EntitySettings\Heroes\Hero_Juliet!Hero_Romeo_Juliet_Common.entity.ot.EntitySettingsResource.gen@0x32dd5 -> EntitySettings\Character_Common\Character_Common.entity.ot.EntitySettingsResource.gen@0x56f54 property=0xfd2c964 -> EntitySettings\Character_Common\Character_Common.entity.ot.EntitySettingsResource.gen@0x32ecd property=0x15879235 -> EntitySettings\Heroes\Hero_Juliet!Hero_Romeo_Juliet_Common.entity.ot.EntitySettingsResource.gen@0x841fc object-index=827 -> EntitySettings\Heroes\Hero_Juliet!Hero_Romeo_Juliet_Common.entity.ot.EntitySettingsResource.gen@0x841fc property=None -> EntitySettings\Heroes\Hero_Juliet!Hero_Romeo_Juliet_Common.entity.ot.EntitySettingsResource.gen@0x841fc -> EntitySettings\Heroes\Hero_Juliet!Hero_Romeo_Juliet_Common.entity.ot.EntitySettingsResource.gen@0x5ac79 property=0xfd2c964 -> EntitySettings\Heroes\Hero_Juliet!Hero_Romeo_Juliet_Common.entity.ot.EntitySettingsResource.gen@0x62475 property=0xfd2c964 -> EntitySettings\Heroes\Hero_Juliet!Hero_Romeo_Juliet_Common.entity.ot.EntitySettingsResource.gen@0x62679 property=0xfd2c964 -> divide(6.5,0.25) -> EntitySettings\Heroes\Hero_Common!Hero_Common.entity.ot.EntitySettingsResource.gen@0x8fbf8 property=0x17ae7811 -> EntitySettings\Heroes\Hero_Common!Hero_Common.entity.ot.EntitySettingsResource.gen@0x8fc67 -> EntitySettings\Character_Common\Character_Common.entity.ot.EntitySettingsResource.gen@0x59bde property=0xfd2c964 -> EntitySettings\Heroes\Hero_Common!Hero_Common.entity.ot.EntitySettingsResource.gen@0x994b9 property=0x15a57291 -> add(1,0,0) -> multiply(10,26,1)	Compendium level 1, day, DMG=10, HEALING=10, AP=0, no talents/objects; untouched ability preview; Potency=0. Explicit Night calibration descriptions use night; YIN text uses Yin, paired descriptions use paired mode. Value derived from the typed argument graph, not an observed-value lookup.
ra896be89	Juliet		Wild Waltz	Ultimates	cooldown	Ability_Ultimate_1_Desc		cooldown		seconds		missing	(10.0 0x17b29bf0 90.0 0x17b29bf0 unresolved(Ultimate Power 1 Dance Duration Timer))	Ultimate Power 1 Controller	Formatter/configuration decoding only; engine-fed operands and runtime branches preserved.  Blocked: Property access needs engine semantics; no fallback substitution (Ultimate Power 1 Dance Duration Timer.0xfd2825a)	90.0	90.0	decoded-baseline	codex-cooldown-analysis.json -> fill_cooldowns[ra896be89]; EntitySettings\Heroes\Hero_Juliet!Hero_Juliet.entity.ot.EntitySettingsResource.gen@0x45ef8	Compendium level 1, day, DMG=10, HEALING=10, AP=0, no talents/objects; untouched ability preview; Potency=0. Explicit Night calibration descriptions use night; YIN text uses Yin, paired descriptions use paired mode. Controller selected by canonical title key and shared override GUID; Compendium maximum/display override takes precedence over runtime-state cooldown.
raa86f111	Juliet		Poison Flask	Ultimates	cooldown	Ability_Ultimate_2_Desc		cooldown		seconds		missing	Ultimate Power 2 Cooldown Selector{[Value] Character_Common\Base\Is In Preview Scene => 60.0; [State] Hero_Juliet\Ability Ultimate 2\State Ultimate Power 2 Has Shot Flag => 60.0; True => 10.0}	Ultimate Power 2 Controller	Formatter/configuration decoding only; engine-fed operands and runtime branches preserved.  Blocked: Runtime selector predicate [Value] Character_Common\Base\Is In Preview Scene.0xfd2c966 is not established by serialized flag initialization; Runtime selector predicate [State] Hero_Juliet\Ability Ultimate 2\State Ultimate Power 2 Has Shot Flag.0xfd2832a is not established by serialized flag initialization; Property access needs engine semantics; no fallback substitution (State Ultimate Power 2 Has Shot Flag.0xfd2832a)	60.0	Ultimate Power 2 Cooldown Selector{True => 60.0; unresolved(State Ultimate Power 2 Has Shot Flag) => 60.0; True => 10.0}	decoded-baseline	codex-cooldown-analysis.json -> fill_cooldowns[raa86f111]; EntitySettings\Heroes\Hero_Juliet!Hero_Juliet.entity.ot.EntitySettingsResource.gen@0x46856	Compendium level 1, day, DMG=10, HEALING=10, AP=0, no talents/objects; untouched ability preview; Potency=0. Explicit Night calibration descriptions use night; YIN text uses Yin, paired descriptions use paired mode. Controller selected by canonical title key and shared override GUID; Compendium maximum/display override takes precedence over runtime-state cooldown.
rfe17cc78	Merlin		Magic Strikes	Abilities	value	Ability_Attack_Desc	0	full_combo_damage	Chains a series of magic strikes, dealing a total of [?] damage	damage		missing	(Level Damage Selector{[State] Character_Common\Bhv Preview\Behaviour Preview => DMG; True => DMG} * (1.0 + AP + NO_TALENT_OBJECT_MODIFIER(Basic Attack AP Modifier Listener)) * runtime_operand[1659])	formatter argument; kind=0; format=2	Formatter/configuration decoding only; engine-fed operands and runtime branches preserved.  Blocked: Runtime selector predicate [State] Character_Common\Bhv Preview\Behaviour Preview.0xfd2833c is not established by serialized flag initialization; Property access needs engine semantics; no fallback substitution (Behaviour Preview.0xfd2833c); Engine-fed operation operand binding; serialized fallback must not replace live operand (operand binding 1659)	56	DMG=10; HEALING=10; AP=0; add(1,0,0); multiply(2,1.39999998); multiply(1.39999998,2,1); multiply(1,2.79999995); add(2.79999995,2.79999995); multiply(10,1,5.5999999); raw_argument=55.999999046325684; kind-byte=0; formatter=2 => 56	decoded-baseline	codex-fill-evidence.json -> records[rfe17cc78]; EntitySettings\Heroes\Hero_Merlin!Hero_Merlin.entity.ot.EntitySettingsResource.gen@0x829ec arg=0 kind-byte=0 padded-word=0x0 format=2 -> EntitySettings\Heroes\Hero_Merlin!Hero_Merlin.entity.ot.EntitySettingsResource.gen@0x5dd01 property=0x17ae7811 -> EntitySettings\Heroes\Hero_Merlin!Hero_Merlin.entity.ot.EntitySettingsResource.gen@0x5dd81 -> EntitySettings\Character_Common\Character_Common.entity.ot.EntitySettingsResource.gen@0x56f54 property=0xfd2c964 -> EntitySettings\Character_Common\Character_Common.entity.ot.EntitySettingsResource.gen@0x32ecd property=0x15879235 -> EntitySettings\Heroes\Hero_Common!Hero_Common.entity.ot.EntitySettingsResource.gen@0x8cd6e property=0x17ae7811 -> EntitySettings\Heroes\Hero_Common!Hero_Common.entity.ot.EntitySettingsResource.gen@0x8cde1 -> EntitySettings\Character_Common\Character_Common.entity.ot.EntitySettingsResource.gen@0x59bde property=0xfd2c964 -> EntitySettings\Heroes\Hero_Common!Hero_Common.entity.ot.EntitySettingsResource.gen@0x95da8 property=0x15a57291 -> add(1,0,0) -> EntitySettings\Heroes\Hero_Merlin!Hero_Merlin.entity.ot.EntitySettingsResource.gen@0x12600f object-index=1659 -> EntitySettings\Heroes\Hero_Merlin!Hero_Merlin.entity.ot.EntitySettingsResource.gen@0x12600f property=None -> EntitySettings\Heroes\Hero_Merlin!Hero_Merlin.entity.ot.EntitySettingsResource.gen@0x12600f -> EntitySettings\Heroes\Hero_Merlin!Hero_Merlin.entity.ot.EntitySettingsResource.gen@0x12607d object-index=1660 -> EntitySettings\Heroes\Hero_Merlin!Hero_Merlin.entity.ot.EntitySettingsResource.gen@0x12607d property=None -> EntitySettings\Heroes\Hero_Merlin!Hero_Merlin.entity.ot.EntitySettingsResource.gen@0x12607d -> EntitySettings\Heroes\Hero_Merlin!Hero_Merlin.entity.ot.EntitySettingsResource.gen@0xcfd31 property=0xfd2c964 -> multiply(2,1.39999998) -> EntitySettings\Heroes\Hero_Merlin!Hero_Merlin.entity.ot.EntitySettingsResource.gen@0x12615f object-index=1661 -> EntitySettings\Heroes\Hero_Merlin!Hero_Merlin.entity.ot.EntitySettingsResource.gen@0x12615f property=None -> EntitySettings\Heroes\Hero_Merlin!Hero_Merlin.entity.ot.EntitySettingsResource.gen@0x12615f -> EntitySettings\Heroes\Hero_Merlin!Hero_Merlin.entity.ot.EntitySettingsResource.gen@0x5d819 property=0x17ae7811 -> EntitySettings\Heroes\Hero_Merlin!Hero_Merlin.entity.ot.EntitySettingsResource.gen@0x5d8a3 -> EntitySettings\Heroes\Hero_Merlin!Hero_Merlin.entity.ot.EntitySettingsResource.gen@0xcfde0 property=0xfd2c964 -> EntitySettings\Heroes\Hero_Merlin!Hero_Merlin.entity.ot.EntitySettingsResource.gen@0xc0c61 property=0xfd2c964 -> multiply(1.39999998,2,1) -> multiply(1,2.79999995) -> add(2.79999995,2.79999995) -> multiply(10,1,5.5999999)	Compendium level 1, day, DMG=10, HEALING=10, AP=0, no talents/objects; untouched ability preview; Potency=0. Explicit Night calibration descriptions use night; YIN text uses Yin, paired descriptions use paired mode. Value derived from the typed argument graph, not an observed-value lookup.
rb176dfb3	Merlin	Nature	Giant Brambles	Spells	value	Ability_Power_Power_Desc	0	damage	Causes two giant brambles to grow and hit one another, dealing [?] damage	damage		missing	(Level Damage Selector{[State] Character_Common\Bhv Preview\Behaviour Preview => DMG; True => DMG} * (1.0 + AP + NO_TALENT_OBJECT_MODIFIER(Primary Ability AP Modifier Listener)) * (1.0 + runtime_operand[1658]) * 5.0 * runtime_operand[1643])	formatter argument; kind=3452816640; format=2	Formatter/configuration decoding only; engine-fed operands and runtime branches preserved.  Blocked: Runtime selector predicate [State] Character_Common\Bhv Preview\Behaviour Preview.0xfd2833c is not established by serialized flag initialization; Property access needs engine semantics; no fallback substitution (Behaviour Preview.0xfd2833c); Engine-fed operation operand binding; serialized fallback must not replace live operand (operand binding 1658); Engine-fed operation operand binding; serialized fallback must not replace live operand (operand binding 1643)	50	DMG=10; HEALING=10; AP=0; add(1,0,0); multiply(0,1); add(1,0); multiply(0,0.319999993); add(1,0); multiply(10,1,1,5,1); raw_argument=50.0; kind-byte=0; formatter=2 => 50	decoded-baseline	codex-fill-evidence.json -> records[rb176dfb3]; EntitySettings\Heroes\Hero_Merlin!Hero_Merlin.entity.ot.EntitySettingsResource.gen@0x83d36 arg=0 kind-byte=0 padded-word=0xcdcdcd00 format=2 -> EntitySettings\Heroes\Hero_Merlin!Hero_Merlin.entity.ot.EntitySettingsResource.gen@0x60563 property=0x17ae7811 -> EntitySettings\Heroes\Hero_Merlin!Hero_Merlin.entity.ot.EntitySettingsResource.gen@0x605fe -> EntitySettings\Character_Common\Character_Common.entity.ot.EntitySettingsResource.gen@0x56f54 property=0xfd2c964 -> EntitySettings\Character_Common\Character_Common.entity.ot.EntitySettingsResource.gen@0x32ecd property=0x15879235 -> EntitySettings\Heroes\Hero_Common!Hero_Common.entity.ot.EntitySettingsResource.gen@0x8ef33 property=0x17ae7811 -> EntitySettings\Heroes\Hero_Common!Hero_Common.entity.ot.EntitySettingsResource.gen@0x8efa9 -> EntitySettings\Character_Common\Character_Common.entity.ot.EntitySettingsResource.gen@0x59bde property=0xfd2c964 -> EntitySettings\Heroes\Hero_Common!Hero_Common.entity.ot.EntitySettingsResource.gen@0x9807d property=0x15a57291 -> add(1,0,0) -> EntitySettings\Heroes\Hero_Merlin!Hero_Merlin.entity.ot.EntitySettingsResource.gen@0x5def5 property=0x17ae7811 -> EntitySettings\Heroes\Hero_Merlin!Hero_Merlin.entity.ot.EntitySettingsResource.gen@0x5df79 -> EntitySettings\Heroes\Hero_Merlin!Hero_Merlin.entity.ot.EntitySettingsResource.gen@0x125edd object-index=1658 -> EntitySettings\Heroes\Hero_Merlin!Hero_Merlin.entity.ot.EntitySettingsResource.gen@0x125edd property=None -> EntitySettings\Heroes\Hero_Merlin!Hero_Merlin.entity.ot.EntitySettingsResource.gen@0x125edd -> EntitySettings\Heroes\Hero_Merlin!Hero_Merlin.entity.ot.EntitySettingsResource.gen@0xf0d7 property=0x1163b1e9 -> EntitySettings\Heroes\Hero_Merlin!Hero_Merlin.entity.ot.EntitySettingsResource.gen@0xd1e4a property=0xfd2c964 -> multiply(0,1) -> add(1,0) -> EntitySettings\Heroes\Hero_Merlin!Hero_Merlin.entity.ot.EntitySettingsResource.gen@0xd2b1a property=0xfd2c964 -> EntitySettings\Heroes\Hero_Merlin!Hero_Merlin.entity.ot.EntitySettingsResource.gen@0x124fde object-index=1643 -> EntitySettings\Heroes\Hero_Merlin!Hero_Merlin.entity.ot.EntitySettingsResource.gen@0x124fde property=None -> EntitySettings\Heroes\Hero_Merlin!Hero_Merlin.entity.ot.EntitySettingsResource.gen@0x124fde -> EntitySettings\Heroes\Hero_Merlin!Hero_Merlin.entity.ot.EntitySettingsResource.gen@0x12504c object-index=1644 -> EntitySettings\Heroes\Hero_Merlin!Hero_Merlin.entity.ot.EntitySettingsResource.gen@0x12504c property=None -> EntitySettings\Heroes\Hero_Merlin!Hero_Merlin.entity.ot.EntitySettingsResource.gen@0x12504c -> EntitySettings\Heroes\Hero_Merlin!Hero_Merlin.entity.ot.EntitySettingsResource.gen@0x23be2 property=0xfd2832a -> EntitySettings\Heroes\Hero_Merlin!Hero_Merlin.entity.ot.EntitySettingsResource.gen@0xc50c5 property=0xfd2c964 -> multiply(0,0.319999993) -> multiply(10,1,1,5,1)	Compendium level 1, day, DMG=10, HEALING=10, AP=0, no talents/objects; untouched ability preview; Potency=0. Explicit Night calibration descriptions use night; YIN text uses Yin, paired descriptions use paired mode. Value derived from the typed argument graph, not an observed-value lookup.
ra69e49ef	Merlin	Nature	Stone Shield	Spells	value	Ability_Power_Defense_Desc	1	damage_per_second	Stones deal [?] damage per second then explode after a short duration, dealing ? damage all around	damage_per_second		missing	(Level Damage Selector{[State] Character_Common\Bhv Preview\Behaviour Preview => DMG; True => DMG} * (1.0 + AP + NO_TALENT_OBJECT_MODIFIER(Primary Ability AP Modifier Listener)) * (1.0 + runtime_operand[1658]) * runtime_operand[1647])	formatter argument; kind=3452816640; format=2	Formatter/configuration decoding only; engine-fed operands and runtime branches preserved.  Blocked: Runtime selector predicate [State] Character_Common\Bhv Preview\Behaviour Preview.0xfd2833c is not established by serialized flag initialization; Property access needs engine semantics; no fallback substitution (Behaviour Preview.0xfd2833c); Engine-fed operation operand binding; serialized fallback must not replace live operand (operand binding 1658); Engine-fed operation operand binding; serialized fallback must not replace live operand (operand binding 1647)	10	DMG=10; HEALING=10; AP=0; add(1,0,0); multiply(0,1); add(1,0); divide(0.25,0.25); multiply(10,1,1,1); raw_argument=10.0; kind-byte=0; formatter=2 => 10	decoded-baseline	codex-fill-evidence.json -> records[ra69e49ef]; EntitySettings\Heroes\Hero_Merlin!Hero_Merlin.entity.ot.EntitySettingsResource.gen@0x83a06 arg=1 kind-byte=0 padded-word=0xcdcdcd00 format=2 -> EntitySettings\Heroes\Hero_Merlin!Hero_Merlin.entity.ot.EntitySettingsResource.gen@0x5fc84 property=0x17ae7811 -> EntitySettings\Heroes\Hero_Merlin!Hero_Merlin.entity.ot.EntitySettingsResource.gen@0x5fd2a -> EntitySettings\Character_Common\Character_Common.entity.ot.EntitySettingsResource.gen@0x56f54 property=0xfd2c964 -> EntitySettings\Character_Common\Character_Common.entity.ot.EntitySettingsResource.gen@0x32ecd property=0x15879235 -> EntitySettings\Heroes\Hero_Common!Hero_Common.entity.ot.EntitySettingsResource.gen@0x8ef33 property=0x17ae7811 -> EntitySettings\Heroes\Hero_Common!Hero_Common.entity.ot.EntitySettingsResource.gen@0x8efa9 -> EntitySettings\Character_Common\Character_Common.entity.ot.EntitySettingsResource.gen@0x59bde property=0xfd2c964 -> EntitySettings\Heroes\Hero_Common!Hero_Common.entity.ot.EntitySettingsResource.gen@0x9807d property=0x15a57291 -> add(1,0,0) -> EntitySettings\Heroes\Hero_Merlin!Hero_Merlin.entity.ot.EntitySettingsResource.gen@0x5def5 property=0x17ae7811 -> EntitySettings\Heroes\Hero_Merlin!Hero_Merlin.entity.ot.EntitySettingsResource.gen@0x5df79 -> EntitySettings\Heroes\Hero_Merlin!Hero_Merlin.entity.ot.EntitySettingsResource.gen@0x125edd object-index=1658 -> EntitySettings\Heroes\Hero_Merlin!Hero_Merlin.entity.ot.EntitySettingsResource.gen@0x125edd property=None -> EntitySettings\Heroes\Hero_Merlin!Hero_Merlin.entity.ot.EntitySettingsResource.gen@0x125edd -> EntitySettings\Heroes\Hero_Merlin!Hero_Merlin.entity.ot.EntitySettingsResource.gen@0xf0d7 property=0x1163b1e9 -> EntitySettings\Heroes\Hero_Merlin!Hero_Merlin.entity.ot.EntitySettingsResource.gen@0xd1e4a property=0xfd2c964 -> multiply(0,1) -> add(1,0) -> EntitySettings\Heroes\Hero_Merlin!Hero_Merlin.entity.ot.EntitySettingsResource.gen@0x12536f object-index=1647 -> EntitySettings\Heroes\Hero_Merlin!Hero_Merlin.entity.ot.EntitySettingsResource.gen@0x12536f property=None -> EntitySettings\Heroes\Hero_Merlin!Hero_Merlin.entity.ot.EntitySettingsResource.gen@0x12536f -> EntitySettings\Heroes\Hero_Merlin!Hero_Merlin.entity.ot.EntitySettingsResource.gen@0xd251d property=0xfd2c964 -> EntitySettings\Heroes\Hero_Merlin!Hero_Merlin.entity.ot.EntitySettingsResource.gen@0xd2456 property=0xfd2c964 -> divide(0.25,0.25) -> multiply(10,1,1,1)	Compendium level 1, day, DMG=10, HEALING=10, AP=0, no talents/objects; untouched ability preview; Potency=0. Explicit Night calibration descriptions use night; YIN text uses Yin, paired descriptions use paired mode. Value derived from the typed argument graph, not an observed-value lookup.
rbbf08f94	Merlin	Nature	Stone Shield	Spells	value	Ability_Power_Defense_Desc	2	explosion_damage	Stones deal ? damage per second then explode after a short duration, dealing [?] damage all around	damage		missing	(Level Damage Selector{[State] Character_Common\Bhv Preview\Behaviour Preview => DMG; True => DMG} * (1.0 + AP + NO_TALENT_OBJECT_MODIFIER(Primary Ability AP Modifier Listener)) * (1.0 + runtime_operand[1658]) * 3.0 * runtime_operand[1645])	formatter argument; kind=0; format=2	Formatter/configuration decoding only; engine-fed operands and runtime branches preserved.  Blocked: Runtime selector predicate [State] Character_Common\Bhv Preview\Behaviour Preview.0xfd2833c is not established by serialized flag initialization; Property access needs engine semantics; no fallback substitution (Behaviour Preview.0xfd2833c); Engine-fed operation operand binding; serialized fallback must not replace live operand (operand binding 1658); Engine-fed operation operand binding; serialized fallback must not replace live operand (operand binding 1645)	30	DMG=10; HEALING=10; AP=0; add(1,0,0); multiply(0,1); add(1,0); multiply(0,0.400000006); add(1,0); multiply(10,1,1,3,1); raw_argument=30.0; kind-byte=0; formatter=2 => 30	decoded-baseline	codex-fill-evidence.json -> records[rbbf08f94]; EntitySettings\Heroes\Hero_Merlin!Hero_Merlin.entity.ot.EntitySettingsResource.gen@0x83a06 arg=2 kind-byte=0 padded-word=0x0 format=2 -> EntitySettings\Heroes\Hero_Merlin!Hero_Merlin.entity.ot.EntitySettingsResource.gen@0x5ffe6 property=0x17ae7811 -> EntitySettings\Heroes\Hero_Merlin!Hero_Merlin.entity.ot.EntitySettingsResource.gen@0x60087 -> EntitySettings\Character_Common\Character_Common.entity.ot.EntitySettingsResource.gen@0x56f54 property=0xfd2c964 -> EntitySettings\Character_Common\Character_Common.entity.ot.EntitySettingsResource.gen@0x32ecd property=0x15879235 -> EntitySettings\Heroes\Hero_Common!Hero_Common.entity.ot.EntitySettingsResource.gen@0x8ef33 property=0x17ae7811 -> EntitySettings\Heroes\Hero_Common!Hero_Common.entity.ot.EntitySettingsResource.gen@0x8efa9 -> EntitySettings\Character_Common\Character_Common.entity.ot.EntitySettingsResource.gen@0x59bde property=0xfd2c964 -> EntitySettings\Heroes\Hero_Common!Hero_Common.entity.ot.EntitySettingsResource.gen@0x9807d property=0x15a57291 -> add(1,0,0) -> EntitySettings\Heroes\Hero_Merlin!Hero_Merlin.entity.ot.EntitySettingsResource.gen@0x5def5 property=0x17ae7811 -> EntitySettings\Heroes\Hero_Merlin!Hero_Merlin.entity.ot.EntitySettingsResource.gen@0x5df79 -> EntitySettings\Heroes\Hero_Merlin!Hero_Merlin.entity.ot.EntitySettingsResource.gen@0x125edd object-index=1658 -> EntitySettings\Heroes\Hero_Merlin!Hero_Merlin.entity.ot.EntitySettingsResource.gen@0x125edd property=None -> EntitySettings\Heroes\Hero_Merlin!Hero_Merlin.entity.ot.EntitySettingsResource.gen@0x125edd -> EntitySettings\Heroes\Hero_Merlin!Hero_Merlin.entity.ot.EntitySettingsResource.gen@0xf0d7 property=0x1163b1e9 -> EntitySettings\Heroes\Hero_Merlin!Hero_Merlin.entity.ot.EntitySettingsResource.gen@0xd1e4a property=0xfd2c964 -> multiply(0,1) -> add(1,0) -> EntitySettings\Heroes\Hero_Merlin!Hero_Merlin.entity.ot.EntitySettingsResource.gen@0xd275e property=0xfd2c964 -> EntitySettings\Heroes\Hero_Merlin!Hero_Merlin.entity.ot.EntitySettingsResource.gen@0x12519e object-index=1645 -> EntitySettings\Heroes\Hero_Merlin!Hero_Merlin.entity.ot.EntitySettingsResource.gen@0x12519e property=None -> EntitySettings\Heroes\Hero_Merlin!Hero_Merlin.entity.ot.EntitySettingsResource.gen@0x12519e -> EntitySettings\Heroes\Hero_Merlin!Hero_Merlin.entity.ot.EntitySettingsResource.gen@0x12520c object-index=1646 -> EntitySettings\Heroes\Hero_Merlin!Hero_Merlin.entity.ot.EntitySettingsResource.gen@0x12520c property=None -> EntitySettings\Heroes\Hero_Merlin!Hero_Merlin.entity.ot.EntitySettingsResource.gen@0x12520c -> EntitySettings\Heroes\Hero_Merlin!Hero_Merlin.entity.ot.EntitySettingsResource.gen@0x2395c property=0xfd2832a -> EntitySettings\Heroes\Hero_Merlin!Hero_Merlin.entity.ot.EntitySettingsResource.gen@0xc4860 property=0xfd2c964 -> multiply(0,0.400000006) -> multiply(10,1,1,3,1)	Compendium level 1, day, DMG=10, HEALING=10, AP=0, no talents/objects; untouched ability preview; Potency=0. Explicit Night calibration descriptions use night; YIN text uses Yin, paired descriptions use paired mode. Value derived from the typed argument graph, not an observed-value lookup.
r2f0db957	Merlin	Arcane	Fork of Lightning	Spells	value	Ability_Special_Power_Desc	1	damage_per_second	Channels a lightning attack for up to 2 seconds, dealing [?] damage per second to all enemies passed through	damage_per_second		missing	(Level Damage Selector{[State] Character_Common\Bhv Preview\Behaviour Preview => DMG; True => DMG} * (1.0 + AP + NO_TALENT_OBJECT_MODIFIER(Secondary Ability AP Modifier Listener)) * 5.5 * (1.0 + runtime_operand[1658]))	formatter argument; kind=0; format=2	Formatter/configuration decoding only; engine-fed operands and runtime branches preserved.  Blocked: Runtime selector predicate [State] Character_Common\Bhv Preview\Behaviour Preview.0xfd2833c is not established by serialized flag initialization; Property access needs engine semantics; no fallback substitution (Behaviour Preview.0xfd2833c); Engine-fed operation operand binding; serialized fallback must not replace live operand (operand binding 1658)	55	DMG=10; HEALING=10; AP=0; add(1,0,0); multiply(0,1); add(1,0); multiply(10,1,5.5,1); raw_argument=55.0; kind-byte=0; formatter=2 => 55	decoded-baseline	codex-fill-evidence.json -> records[r2f0db957]; EntitySettings\Heroes\Hero_Merlin!Hero_Merlin.entity.ot.EntitySettingsResource.gen@0x847c0 arg=1 kind-byte=0 padded-word=0x0 format=2 -> EntitySettings\Heroes\Hero_Merlin!Hero_Merlin.entity.ot.EntitySettingsResource.gen@0x62004 property=0x17ae7811 -> EntitySettings\Heroes\Hero_Merlin!Hero_Merlin.entity.ot.EntitySettingsResource.gen@0x620b0 -> EntitySettings\Character_Common\Character_Common.entity.ot.EntitySettingsResource.gen@0x56f54 property=0xfd2c964 -> EntitySettings\Character_Common\Character_Common.entity.ot.EntitySettingsResource.gen@0x32ecd property=0x15879235 -> EntitySettings\Heroes\Hero_Common!Hero_Common.entity.ot.EntitySettingsResource.gen@0x8f56d property=0x17ae7811 -> EntitySettings\Heroes\Hero_Common!Hero_Common.entity.ot.EntitySettingsResource.gen@0x8f5e5 -> EntitySettings\Character_Common\Character_Common.entity.ot.EntitySettingsResource.gen@0x59bde property=0xfd2c964 -> EntitySettings\Heroes\Hero_Common!Hero_Common.entity.ot.EntitySettingsResource.gen@0x987a7 property=0x15a57291 -> add(1,0,0) -> EntitySettings\Heroes\Hero_Merlin!Hero_Merlin.entity.ot.EntitySettingsResource.gen@0xd3726 property=0xfd2c964 -> EntitySettings\Heroes\Hero_Merlin!Hero_Merlin.entity.ot.EntitySettingsResource.gen@0x5def5 property=0x17ae7811 -> EntitySettings\Heroes\Hero_Merlin!Hero_Merlin.entity.ot.EntitySettingsResource.gen@0x5df79 -> EntitySettings\Heroes\Hero_Merlin!Hero_Merlin.entity.ot.EntitySettingsResource.gen@0x125edd object-index=1658 -> EntitySettings\Heroes\Hero_Merlin!Hero_Merlin.entity.ot.EntitySettingsResource.gen@0x125edd property=None -> EntitySettings\Heroes\Hero_Merlin!Hero_Merlin.entity.ot.EntitySettingsResource.gen@0x125edd -> EntitySettings\Heroes\Hero_Merlin!Hero_Merlin.entity.ot.EntitySettingsResource.gen@0xf0d7 property=0x1163b1e9 -> EntitySettings\Heroes\Hero_Merlin!Hero_Merlin.entity.ot.EntitySettingsResource.gen@0xd1e4a property=0xfd2c964 -> multiply(0,1) -> add(1,0) -> multiply(10,1,5.5,1)	Compendium level 1, day, DMG=10, HEALING=10, AP=0, no talents/objects; untouched ability preview; Potency=0. Explicit Night calibration descriptions use night; YIN text uses Yin, paired descriptions use paired mode. Value derived from the typed argument graph, not an observed-value lookup.
r1f2296de	Merlin	Arcane	Frost Orb	Spells	value	Ability_Special_Defense_Desc	1	damage_per_tick	The orb deals [?] damage every 2 seconds and applies CHILLED to enemies hit	damage		missing	(Level Damage Selector{[State] Character_Common\Bhv Preview\Behaviour Preview => DMG; True => DMG} * (1.0 + AP + NO_TALENT_OBJECT_MODIFIER(Secondary Ability AP Modifier Listener)) * runtime_operand[1640])	formatter argument; kind=3452816640; format=2	Formatter/configuration decoding only; engine-fed operands and runtime branches preserved.  Blocked: Runtime selector predicate [State] Character_Common\Bhv Preview\Behaviour Preview.0xfd2833c is not established by serialized flag initialization; Property access needs engine semantics; no fallback substitution (Behaviour Preview.0xfd2833c); Engine-fed operation operand binding; serialized fallback must not replace live operand (operand binding 1640)	30	DMG=10; HEALING=10; AP=0; add(1,0,0); add(1,0); multiply(3,1); multiply(10,1,3); raw_argument=30.0; kind-byte=0; formatter=2 => 30	decoded-baseline	codex-fill-evidence.json -> records[r1f2296de]; EntitySettings\Heroes\Hero_Merlin!Hero_Merlin.entity.ot.EntitySettingsResource.gen@0x84439 arg=1 kind-byte=0 padded-word=0xcdcdcd00 format=2 -> EntitySettings\Heroes\Hero_Merlin!Hero_Merlin.entity.ot.EntitySettingsResource.gen@0x61226 property=0x17ae7811 -> EntitySettings\Heroes\Hero_Merlin!Hero_Merlin.entity.ot.EntitySettingsResource.gen@0x612cb -> EntitySettings\Character_Common\Character_Common.entity.ot.EntitySettingsResource.gen@0x56f54 property=0xfd2c964 -> EntitySettings\Character_Common\Character_Common.entity.ot.EntitySettingsResource.gen@0x32ecd property=0x15879235 -> EntitySettings\Heroes\Hero_Common!Hero_Common.entity.ot.EntitySettingsResource.gen@0x8f56d property=0x17ae7811 -> EntitySettings\Heroes\Hero_Common!Hero_Common.entity.ot.EntitySettingsResource.gen@0x8f5e5 -> EntitySettings\Character_Common\Character_Common.entity.ot.EntitySettingsResource.gen@0x59bde property=0xfd2c964 -> EntitySettings\Heroes\Hero_Common!Hero_Common.entity.ot.EntitySettingsResource.gen@0x987a7 property=0x15a57291 -> add(1,0,0) -> EntitySettings\Heroes\Hero_Merlin!Hero_Merlin.entity.ot.EntitySettingsResource.gen@0x124c99 object-index=1640 -> EntitySettings\Heroes\Hero_Merlin!Hero_Merlin.entity.ot.EntitySettingsResource.gen@0x124c99 property=None -> EntitySettings\Heroes\Hero_Merlin!Hero_Merlin.entity.ot.EntitySettingsResource.gen@0x124c99 -> EntitySettings\Heroes\Hero_Merlin!Hero_Merlin.entity.ot.EntitySettingsResource.gen@0xd31ca property=0xfd2c964 -> EntitySettings\Heroes\Hero_Merlin!Hero_Merlin.entity.ot.EntitySettingsResource.gen@0x124d99 object-index=1641 -> EntitySettings\Heroes\Hero_Merlin!Hero_Merlin.entity.ot.EntitySettingsResource.gen@0x124d99 property=None -> EntitySettings\Heroes\Hero_Merlin!Hero_Merlin.entity.ot.EntitySettingsResource.gen@0x124d99 -> EntitySettings\Heroes\Hero_Merlin!Hero_Merlin.entity.ot.EntitySettingsResource.gen@0x8fd7b property=0xfd2c964 -> EntitySettings\Heroes\Hero_Merlin!Hero_Merlin.entity.ot.EntitySettingsResource.gen@0xf0d7 property=0x1163b1e9 -> add(1,0) -> multiply(3,1) -> multiply(10,1,3)	Compendium level 1, day, DMG=10, HEALING=10, AP=0, no talents/objects; untouched ability preview; Potency=0. Explicit Night calibration descriptions use night; YIN text uses Yin, paired descriptions use paired mode. Value derived from the typed argument graph, not an observed-value lookup.
r7736d29d	Merlin	Sacred	Blessing	Spells	value	Ability_Defense_Power_Desc	0	regeneration_amount	Grants REGENERATION +[?] to the most heavily wounded nearby Hero	regeneration		missing	formatter(kind=3452816640, format=1, raw=(0.019999999552965164 * runtime_operand[1655]))	formatter argument; kind=3452816640; format=1	Formatter/configuration decoding only; engine-fed operands and runtime branches preserved.  Blocked: Unrecognized formatter argument kind 3452816640; display conversion is not guessed; Engine-fed operation operand binding; serialized fallback must not replace live operand (operand binding 1655)	2	DMG=10; HEALING=10; AP=0; add(1,0); multiply(0.0199999996,1); raw_argument=0.019999999552965164; kind-byte=0; formatter=1 => 2	decoded-baseline	codex-fill-evidence.json -> records[r7736d29d]; EntitySettings\Heroes\Hero_Merlin!Hero_Merlin.entity.ot.EntitySettingsResource.gen@0x82fb9 arg=0 kind-byte=0 padded-word=0xcdcdcd00 format=1 -> EntitySettings\Heroes\Hero_Merlin!Hero_Merlin.entity.ot.EntitySettingsResource.gen@0x5eb8a property=0x17ae7811 -> EntitySettings\Heroes\Hero_Merlin!Hero_Merlin.entity.ot.EntitySettingsResource.gen@0x5ec2b -> EntitySettings\Heroes\Hero_Merlin!Hero_Merlin.entity.ot.EntitySettingsResource.gen@0xd0cbf property=0xfd2c964 -> EntitySettings\Heroes\Hero_Merlin!Hero_Merlin.entity.ot.EntitySettingsResource.gen@0x125c65 object-index=1655 -> EntitySettings\Heroes\Hero_Merlin!Hero_Merlin.entity.ot.EntitySettingsResource.gen@0x125c65 property=None -> EntitySettings\Heroes\Hero_Merlin!Hero_Merlin.entity.ot.EntitySettingsResource.gen@0x125c65 -> EntitySettings\Heroes\Hero_Merlin!Hero_Merlin.entity.ot.EntitySettingsResource.gen@0xf0d7 property=0x1163b1e9 -> add(1,0) -> multiply(0.0199999996,1)	Compendium level 1, day, DMG=10, HEALING=10, AP=0, no talents/objects; untouched ability preview; Potency=0. Explicit Night calibration descriptions use night; YIN text uses Yin, paired descriptions use paired mode. Value derived from the typed argument graph, not an observed-value lookup.
r7bdd5343	Merlin	Forbidden	Unholy Strikes	Spells	value	Ability_Ultimate_2_Special_Desc	0	empowered_attacks_count	The next [?] ATTACKS send out a corrupted projectile, piercing through enemies and dealing 60 damage	attacks		missing	unresolved(Multiple distinct formatter bindings for same canonical key; owning selector not proven)	formatter argument; kind=3452816641; format=0	Formatter/configuration decoding only; engine-fed operands and runtime branches preserved.  Blocked: Multiple distinct formatter bindings for same canonical key; owning selector not proven; Runtime selector predicate [State] Character_Common\Bhv Preview\Behaviour Preview.0xfd2833c is not established by serialized flag initialization; Property access needs engine semantics; no fallback substitution (Behaviour Preview.0xfd2833c); Runtime counter Ultimate 2 Secondary Counter.0x1163b1e9 requires explicit resource condition	6	DMG=10; HEALING=10; AP=0; ; raw_argument=6; kind-byte=1; formatter=0 => 6	decoded-baseline	codex-fill-evidence.json -> records[r7bdd5343]; EntitySettings\Heroes\Hero_Merlin!Hero_Merlin.entity.ot.EntitySettingsResource.gen@0x8aadf arg=0 kind-byte=1 padded-word=0xcdcdcd01 format=0 -> EntitySettings\Heroes\Hero_Merlin!Hero_Merlin.entity.ot.EntitySettingsResource.gen@0xd6c01 property=0xfd2c965	Compendium level 1, day, DMG=10, HEALING=10, AP=0, no talents/objects; untouched ability preview; Potency=0. Explicit Night calibration descriptions use night; YIN text uses Yin, paired descriptions use paired mode. Value derived from the typed argument graph, not an observed-value lookup.
r5d938aa6	Magical Objects	Common	Dreamcatcher	Effect	value	Reduce_All_DS_Price_Description	0	dream_shard_price_reduction	Reduces all Dream Shards prices by [?]%	percent		missing	subtract(1.0, RuntimeBinding[20])	EntitySettings/Objects/Magical_Objects!Common!Reduce_All_DS_Price.entity.ot.EntitySettingsResource.gen / Descripton Format@0x11ce / arg[0]@0x12d8	"{""arg_ordinal"": 0, ""placeholder"": ""{0}"", ""argument_kind"": 0, ""formatter"": 1, ""evidence_key"": ""Magical Objects|Reduce_All_DS_Price_Description|dream_shard_price_reduction"", ""reason"": ""One or more operands require live property/binding resolution; no zero or unknown stripping"", ""canonical_condition_text"": ""• Reduces all #Dream Shards@ prices by &{0}%~ ""}"		Unresolved graph; EntitySettings\Objects\Magical_Objects!Common!Reduce_All_DS_Price.entity.ot.EntitySettingsResource.gen@0x11ce arg=0 kind-byte=0 padded-word=0x0 format=1 -> EntitySettings\Objects\Magical_Objects!Common!Reduce_All_DS_Price.entity.ot.EntitySettingsResource.gen@0xdbe property=0x17ae7811 -> EntitySettings\Objects\Magical_Objects!Common!Reduce_All_DS_Price.entity.ot.EntitySettingsResource.gen@0xe21 -> EntitySettings\Objects\Magical_Objects!Common!Reduce_All_DS_Price.entity.ot.EntitySettingsResource.gen@0x1a3c object-index=20 -> EntitySettings\Objects\Magical_Objects!Common!Reduce_All_DS_Price.entity.ot.EntitySettingsResource.gen@0x1a3c property=None -> EntitySettings\Objects\Magical_Objects!Common!Reduce_All_DS_Price.entity.ot.EntitySettingsResource.gen@0x1a3c	unresolved	Exact blocked operand trace; source hashes and raw components in codex-object-analysis.json	Unrecognized operation 0x18ab5fca at 0x1a3c; configured single-copy reduction coefficient is 10%, but its tooltip complement uses this uncalibrated opcode. The coefficient is not substituted as a prediction.
r4015178f	Magical Objects	Rare	Ace of Spades Card	Effect	value	Attack_Damage_Description	0	attack_damage_bonus	ATTACK deals +[?]% damage	percent		missing	multiply(unresolved, selector default: 1)	EntitySettings/Objects/Magical_Objects!Rare!Damage_Attack.entity.ot.EntitySettingsResource.gen / Descripton Format@0x1051 / arg[0]@0x1155	"{""arg_ordinal"": 0, ""placeholder"": ""{0}"", ""argument_kind"": 0, ""formatter"": 1, ""evidence_key"": ""Magical Objects|Attack_Damage_Description|attack_damage_bonus"", ""reason"": ""One or more operands require live property/binding resolution; no zero or unknown stripping"", ""canonical_condition_text"": ""• #ATTACK@ deals &+{}%~ damage""}"	20	Compendium arg 0; EntitySettings\Objects\Magical_Objects!Rare!Damage_Attack.entity.ot.EntitySettingsResource.gen@0x1051 arg=0 kind-byte=0 padded-word=0x0 format=1 -> EntitySettings\Objects\Magical_Objects!Rare!Damage_Attack.entity.ot.EntitySettingsResource.gen@0x95b property=0x17ae7811 -> EntitySettings\Objects\Magical_Objects!Rare!Damage_Attack.entity.ot.EntitySettingsResource.gen@0x9c1 -> EntitySettings\Objects\Magical_Objects!Rare!Damage_Attack.entity.ot.EntitySettingsResource.gen@0x1428 property=0xfd2c964 -> EntitySettings\Objects\Magical_Objects!Rare!Damage_Attack.entity.ot.EntitySettingsResource.gen@0x1428 private-default 0xd4abae79 -> EntitySettings\Objects\Magical_Objects!Rare!Damage_Attack.entity.ot.EntitySettingsResource.gen@0x7ce exact private parameter consumer -> private configured default(0xd4abae79)=0.200000003 -> EntitySettings\Objects\Magical_Objects_Model.entity.ot.EntitySettingsResource.gen@0x51c1 property=0xfd2c965 -> Compendium preview: [State] Magical_Objects_Model\State In Chest inactive; selector default Amount=1 -> Compendium preview: [State] Magical_Objects_Model\State Equiped inactive; selector default Amount=1 -> multiply(0.200000003,1)	decoded-baseline	Exact formatter/property/object-pool links; source hashes and raw components in codex-object-analysis.json	Compendium level 1 by day; displayed DMG 10, Healing 10; no talents or objects; object preview Amount=1, configured private parameter defaults, no Joker bonus
r7d85320f	Magical Objects	Rare	Jack of Diamonds Card	Effect	value	Special_Damage_Description	0	special_damage_bonus	SPECIAL deals +[?]% damage	percent		missing	multiply(unresolved, selector default: 1)	EntitySettings/Objects/Magical_Objects!Rare!Damage_Special.entity.ot.EntitySettingsResource.gen / Descripton Format@0x1030 / arg[0]@0x1135	"{""arg_ordinal"": 0, ""placeholder"": ""{0}"", ""argument_kind"": 0, ""formatter"": 1, ""evidence_key"": ""Magical Objects|Special_Damage_Description|special_damage_bonus"", ""reason"": ""One or more operands require live property/binding resolution; no zero or unknown stripping"", ""canonical_condition_text"": ""• #SPECIAL@ deals &+{}%~ damage""}"	20	Compendium arg 0; EntitySettings\Objects\Magical_Objects!Rare!Damage_Special.entity.ot.EntitySettingsResource.gen@0x1030 arg=0 kind-byte=0 padded-word=0x0 format=1 -> EntitySettings\Objects\Magical_Objects!Rare!Damage_Special.entity.ot.EntitySettingsResource.gen@0x95f property=0x17ae7811 -> EntitySettings\Objects\Magical_Objects!Rare!Damage_Special.entity.ot.EntitySettingsResource.gen@0x9c5 -> EntitySettings\Objects\Magical_Objects!Rare!Damage_Special.entity.ot.EntitySettingsResource.gen@0x1391 property=0xfd2c964 -> EntitySettings\Objects\Magical_Objects!Rare!Damage_Special.entity.ot.EntitySettingsResource.gen@0x1391 private-default 0x6b675740 -> EntitySettings\Objects\Magical_Objects!Rare!Damage_Special.entity.ot.EntitySettingsResource.gen@0x7d1 exact private parameter consumer -> private configured default(0x6b675740)=0.200000003 -> EntitySettings\Objects\Magical_Objects_Model.entity.ot.EntitySettingsResource.gen@0x51c1 property=0xfd2c965 -> Compendium preview: [State] Magical_Objects_Model\State In Chest inactive; selector default Amount=1 -> Compendium preview: [State] Magical_Objects_Model\State Equiped inactive; selector default Amount=1 -> multiply(0.200000003,1)	decoded-baseline	Exact formatter/property/object-pool links; source hashes and raw components in codex-object-analysis.json	Compendium level 1 by day; displayed DMG 10, Healing 10; no talents or objects; object preview Amount=1, configured private parameter defaults, no Joker bonus
rebd244e1	Magical Objects	Rare	King of Clubs Card	Effect	value	Power_Damage_Description	0	power_damage_bonus	POWER deals +[?]% damage	percent		missing	multiply(unresolved, selector default: 1)	EntitySettings/Objects/Magical_Objects!Rare!Damage_Power.entity.ot.EntitySettingsResource.gen / Descripton Format@0x1020 / arg[0]@0x1123	"{""arg_ordinal"": 0, ""placeholder"": ""{0}"", ""argument_kind"": 0, ""formatter"": 1, ""evidence_key"": ""Magical Objects|Power_Damage_Description|power_damage_bonus"", ""reason"": ""One or more operands require live property/binding resolution; no zero or unknown stripping"", ""canonical_condition_text"": ""• #POWER@ deals &+{}%~ damage""}"	20	Compendium arg 0; EntitySettings\Objects\Magical_Objects!Rare!Damage_Power.entity.ot.EntitySettingsResource.gen@0x1020 arg=0 kind-byte=0 padded-word=0x0 format=1 -> EntitySettings\Objects\Magical_Objects!Rare!Damage_Power.entity.ot.EntitySettingsResource.gen@0x957 property=0x17ae7811 -> EntitySettings\Objects\Magical_Objects!Rare!Damage_Power.entity.ot.EntitySettingsResource.gen@0x9bd -> EntitySettings\Objects\Magical_Objects!Rare!Damage_Power.entity.ot.EntitySettingsResource.gen@0x1377 property=0xfd2c964 -> EntitySettings\Objects\Magical_Objects!Rare!Damage_Power.entity.ot.EntitySettingsResource.gen@0x1377 private-default 0x7c1b7c0f -> EntitySettings\Objects\Magical_Objects!Rare!Damage_Power.entity.ot.EntitySettingsResource.gen@0x7cb exact private parameter consumer -> private configured default(0x7c1b7c0f)=0.200000003 -> EntitySettings\Objects\Magical_Objects_Model.entity.ot.EntitySettingsResource.gen@0x51c1 property=0xfd2c965 -> Compendium preview: [State] Magical_Objects_Model\State In Chest inactive; selector default Amount=1 -> Compendium preview: [State] Magical_Objects_Model\State Equiped inactive; selector default Amount=1 -> multiply(0.200000003,1)	decoded-baseline	Exact formatter/property/object-pool links; source hashes and raw components in codex-object-analysis.json	Compendium level 1 by day; displayed DMG 10, Healing 10; no talents or objects; object preview Amount=1, configured private parameter defaults, no Joker bonus
r7c9b3bdf	Magical Objects	Rare	Queen of Hearts Card	Effect	value	Gain_Passive_Heal_Description	0	maximum_health_healed_per_tick	Passively heals [?]% Max Health every ? seconds	percent		missing	multiply(unresolved, selector default: 1)	EntitySettings/Objects/Magical_Objects!Rare!Gain_Passive_Heal.entity.ot.EntitySettingsResource.gen / Descripton Format@0x2029 / arg[0]@0x2131	"{""arg_ordinal"": 0, ""placeholder"": ""{0}"", ""argument_kind"": 0, ""formatter"": 1, ""evidence_key"": ""Magical Objects|Gain_Passive_Heal_Description|maximum_health_healed_per_tick"", ""reason"": ""One or more operands require live property/binding resolution; no zero or unknown stripping"", ""canonical_condition_text"": ""• Passively heals &{0}%~ Max Health every #{1}@ seconds""}"	1	Compendium arg 0; EntitySettings\Objects\Magical_Objects!Rare!Gain_Passive_Heal.entity.ot.EntitySettingsResource.gen@0x2029 arg=0 kind-byte=0 padded-word=0x0 format=1 -> EntitySettings\Objects\Magical_Objects!Rare!Gain_Passive_Heal.entity.ot.EntitySettingsResource.gen@0x11b3 property=0x17ae7811 -> EntitySettings\Objects\Magical_Objects!Rare!Gain_Passive_Heal.entity.ot.EntitySettingsResource.gen@0x1227 -> EntitySettings\Objects\Magical_Objects!Rare!Gain_Passive_Heal.entity.ot.EntitySettingsResource.gen@0x2726 property=0xfd2c964 -> EntitySettings\Objects\Magical_Objects!Rare!Gain_Passive_Heal.entity.ot.EntitySettingsResource.gen@0x2726 private-default 0x8eab5fe0 -> EntitySettings\Objects\Magical_Objects!Rare!Gain_Passive_Heal.entity.ot.EntitySettingsResource.gen@0x14ff exact private parameter consumer -> private configured default(0x8eab5fe0)=0.00999999978 -> EntitySettings\Objects\Magical_Objects_Model.entity.ot.EntitySettingsResource.gen@0x51c1 property=0xfd2c965 -> Compendium preview: [State] Magical_Objects_Model\State In Chest inactive; selector default Amount=1 -> Compendium preview: [State] Magical_Objects_Model\State Equiped inactive; selector default Amount=1 -> multiply(0.00999999978,1)	decoded-baseline	Exact formatter/property/object-pool links; source hashes and raw components in codex-object-analysis.json	Compendium level 1 by day; displayed DMG 10, Healing 10; no talents or objects; object preview Amount=1, configured private parameter defaults, no Joker bonus
rbc145978	Magical Objects	Rare	Queen of Hearts Card	Effect	value	Gain_Passive_Heal_Description	1	healing_interval	Passively heals ?% Max Health every [?] seconds	seconds		missing		EntitySettings/Objects/Magical_Objects!Rare!Gain_Passive_Heal.entity.ot.EntitySettingsResource.gen / Descripton Format@0x2029 / arg[1]@0x21e4	"{""arg_ordinal"": 1, ""placeholder"": ""{1}"", ""argument_kind"": 0, ""formatter"": 0, ""evidence_key"": ""Magical Objects|Gain_Passive_Heal_Description|healing_interval"", ""reason"": ""Internal property binding; fallback union is not the bound value"", ""canonical_condition_text"": ""• Passively heals &{0}%~ Max Health every #{1}@ seconds""}"	5	Compendium arg 1; EntitySettings\Objects\Magical_Objects!Rare!Gain_Passive_Heal.entity.ot.EntitySettingsResource.gen@0x2029 arg=1 kind-byte=0 padded-word=0x3e199900 format=0 -> EntitySettings\Objects\Magical_Objects!Rare!Gain_Passive_Heal.entity.ot.EntitySettingsResource.gen@0x27b2 property=0xfd2c964 -> EntitySettings\Objects\Magical_Objects!Rare!Gain_Passive_Heal.entity.ot.EntitySettingsResource.gen@0x27b2 private-default 0xda2f66c0 -> EntitySettings\Objects\Magical_Objects!Rare!Gain_Passive_Heal.entity.ot.EntitySettingsResource.gen@0x675 exact private parameter consumer -> private configured default(0xda2f66c0)=5	decoded-baseline	Exact formatter/property/object-pool links; source hashes and raw components in codex-object-analysis.json	Compendium level 1 by day; displayed DMG 10, Healing 10; no talents or objects; object preview Amount=1, configured private parameter defaults, no Joker bonus
r6f3b779f	Magical Objects	Rare	Vajra	Effect	value	Dash_Deal_Damage_Description	0	damage_per_dash	DASH deals +[?] damage to all enemies passed	damage		missing	multiply(40.0, RuntimeBinding[21], selector default: 1)	EntitySettings/Objects/Magical_Objects!Rare!Dash_Deal_Damage.entity.ot.EntitySettingsResource.gen / Descripton Format@0x1ae0 / arg[0]@0x1be7	"{""arg_ordinal"": 0, ""placeholder"": ""{0}"", ""argument_kind"": 0, ""formatter"": 2, ""evidence_key"": ""Magical Objects|Dash_Deal_Damage_Description|damage_per_dash"", ""reason"": ""One or more operands require live property/binding resolution; no zero or unknown stripping"", ""canonical_condition_text"": ""• #DASH@ deals &+{}~ damage to all enemies passed""}"	40	Compendium arg 0; EntitySettings\Objects\Magical_Objects!Rare!Dash_Deal_Damage.entity.ot.EntitySettingsResource.gen@0x1ae0 arg=0 kind-byte=0 padded-word=0x0 format=2 -> EntitySettings\Objects\Magical_Objects!Rare!Dash_Deal_Damage.entity.ot.EntitySettingsResource.gen@0x1667 property=0x17ae7811 -> EntitySettings\Objects\Magical_Objects!Rare!Dash_Deal_Damage.entity.ot.EntitySettingsResource.gen@0x16cb -> EntitySettings\Objects\Magical_Objects!Rare!Dash_Deal_Damage.entity.ot.EntitySettingsResource.gen@0x20f1 property=0xfd2c964 -> EntitySettings\Objects\Magical_Objects!Rare!Dash_Deal_Damage.entity.ot.EntitySettingsResource.gen@0x2515 object-index=21 -> EntitySettings\Objects\Magical_Objects!Rare!Dash_Deal_Damage.entity.ot.EntitySettingsResource.gen@0x2515 property=None -> EntitySettings\Objects\Magical_Objects!Rare!Dash_Deal_Damage.entity.ot.EntitySettingsResource.gen@0x2515 -> EntitySettings\Objects\Magical_Objects!Rare!Dash_Deal_Damage.entity.ot.EntitySettingsResource.gen@0x1ef4 property=0xfd2c964 -> EntitySettings\Objects\Magical_Objects!Rare!Dash_Deal_Damage.entity.ot.EntitySettingsResource.gen@0x183f getter direct GUID=9c913759df09fd4b8bdbfc4cdc726794 default method=-1 -> EntitySettings\Character_Common\Character_Common.entity.ot.EntitySettingsResource.gen@0x59bde exact getter target -> EntitySettings\Objects\Magical_Objects!Rare!Dash_Deal_Damage.entity.ot.EntitySettingsResource.gen@0x183f getter direct GUID=9c913759df09fd4b8bdbfc4cdc726794 default method=-1 -> EntitySettings\Character_Common\Character_Common.entity.ot.EntitySettingsResource.gen@0x59bde exact getter target -> AP Value is additional damage ratio; supplied no-modifier baseline=0 -> add(1,0) -> EntitySettings\Objects\Magical_Objects_Model.entity.ot.EntitySettingsResource.gen@0x51c1 property=0xfd2c965 -> Compendium preview: [State] Magical_Objects_Model\State In Chest inactive; selector default Amount=1 -> Compendium preview: [State] Magical_Objects_Model\State Equiped inactive; selector default Amount=1 -> multiply(40,1,1)	decoded-baseline	Exact formatter/property/object-pool links; source hashes and raw components in codex-object-analysis.json	Compendium level 1 by day; displayed DMG 10, Healing 10; no talents or objects; object preview Amount=1, configured private parameter defaults, no Joker bonus
rfccf29b6	Magical Objects	Epic	Raven Beak	Effect	value	Reduce_Special_CD_Description	0	special_cooldown_reduction	Reduces SPECIAL's cooldown by [?]%	percent		missing	subtract(1.0, RuntimeBinding[16])	EntitySettings/Objects/Magical_Objects!Epic!Reduce_Secondary_CD.entity.ot.EntitySettingsResource.gen / Descripton Format@0xace / arg[0]@0xbd6	"{""arg_ordinal"": 0, ""placeholder"": ""{0}"", ""argument_kind"": 0, ""formatter"": 1, ""evidence_key"": ""Magical Objects|Reduce_Special_CD_Description|special_cooldown_reduction"", ""reason"": ""One or more operands require live property/binding resolution; no zero or unknown stripping"", ""canonical_condition_text"": ""• Reduces #SPECIAL@'s cooldown by &{}%~""}"		Unresolved graph; EntitySettings\Objects\Magical_Objects!Epic!Reduce_Secondary_CD.entity.ot.EntitySettingsResource.gen@0xace arg=0 kind-byte=0 padded-word=0x0 format=1 -> EntitySettings\Objects\Magical_Objects!Epic!Reduce_Secondary_CD.entity.ot.EntitySettingsResource.gen@0x71c property=0x17ae7811 -> EntitySettings\Objects\Magical_Objects!Epic!Reduce_Secondary_CD.entity.ot.EntitySettingsResource.gen@0x77f -> EntitySettings\Objects\Magical_Objects!Epic!Reduce_Secondary_CD.entity.ot.EntitySettingsResource.gen@0x12e1 object-index=16 -> EntitySettings\Objects\Magical_Objects!Epic!Reduce_Secondary_CD.entity.ot.EntitySettingsResource.gen@0x12e1 property=None -> EntitySettings\Objects\Magical_Objects!Epic!Reduce_Secondary_CD.entity.ot.EntitySettingsResource.gen@0x12e1	unresolved	Exact blocked operand trace; source hashes and raw components in codex-object-analysis.json	Unrecognized operation 0x18ab5fca at 0x12e1; configured single-copy reduction coefficient is 25%, but its tooltip complement uses this uncalibrated opcode. The coefficient is not substituted as a prediction.
r2e9a0985	Magical Objects	Epic	Raven Claw	Effect	value	Reduce_Power_CD_Description	0	power_cooldown_reduction	Reduces POWER's cooldown by [?]%	percent		missing	subtract(1.0, RuntimeBinding[16])	EntitySettings/Objects/Magical_Objects!Epic!Reduce_Primary_CD.entity.ot.EntitySettingsResource.gen / Descripton Format@0xac4 / arg[0]@0xbca	"{""arg_ordinal"": 0, ""placeholder"": ""{0}"", ""argument_kind"": 0, ""formatter"": 1, ""evidence_key"": ""Magical Objects|Reduce_Power_CD_Description|power_cooldown_reduction"", ""reason"": ""One or more operands require live property/binding resolution; no zero or unknown stripping"", ""canonical_condition_text"": ""• Reduces #POWER@'s cooldown by &{}%~""}"		Unresolved graph; EntitySettings\Objects\Magical_Objects!Epic!Reduce_Primary_CD.entity.ot.EntitySettingsResource.gen@0xac4 arg=0 kind-byte=0 padded-word=0x0 format=1 -> EntitySettings\Objects\Magical_Objects!Epic!Reduce_Primary_CD.entity.ot.EntitySettingsResource.gen@0x718 property=0x17ae7811 -> EntitySettings\Objects\Magical_Objects!Epic!Reduce_Primary_CD.entity.ot.EntitySettingsResource.gen@0x77b -> EntitySettings\Objects\Magical_Objects!Epic!Reduce_Primary_CD.entity.ot.EntitySettingsResource.gen@0x12c9 object-index=16 -> EntitySettings\Objects\Magical_Objects!Epic!Reduce_Primary_CD.entity.ot.EntitySettingsResource.gen@0x12c9 property=None -> EntitySettings\Objects\Magical_Objects!Epic!Reduce_Primary_CD.entity.ot.EntitySettingsResource.gen@0x12c9	unresolved	Exact blocked operand trace; source hashes and raw components in codex-object-analysis.json	Unrecognized operation 0x18ab5fca at 0x12c9; configured single-copy reduction coefficient is 25%, but its tooltip complement uses this uncalibrated opcode. The coefficient is not substituted as a prediction.
re1b93935	Magical Objects	Epic	Raven Eye	Effect	value	Reduce_Ultimate_CD_Description	0	ultimate_cooldown_reduction	Reduces ULTIMATE's cooldown by [?]%	percent		missing	subtract(1.0, RuntimeBinding[16])	EntitySettings/Objects/Magical_Objects!Epic!Reduce_CD_And_Buff_Ultimate.entity.ot.EntitySettingsResource.gen / Descripton Format@0xb26 / arg[0]@0xc2f	"{""arg_ordinal"": 0, ""placeholder"": ""{0}"", ""argument_kind"": 0, ""formatter"": 1, ""evidence_key"": ""Magical Objects|Reduce_Ultimate_CD_Description|ultimate_cooldown_reduction"", ""reason"": ""One or more operands require live property/binding resolution; no zero or unknown stripping"", ""canonical_condition_text"": ""• Reduces #ULTIMATE@'s cooldown by &{}%~""}"		Unresolved graph; EntitySettings\Objects\Magical_Objects!Epic!Reduce_CD_And_Buff_Ultimate.entity.ot.EntitySettingsResource.gen@0xb26 arg=0 kind-byte=0 padded-word=0x0 format=1 -> EntitySettings\Objects\Magical_Objects!Epic!Reduce_CD_And_Buff_Ultimate.entity.ot.EntitySettingsResource.gen@0x773 property=0x17ae7811 -> EntitySettings\Objects\Magical_Objects!Epic!Reduce_CD_And_Buff_Ultimate.entity.ot.EntitySettingsResource.gen@0x7d6 -> EntitySettings\Objects\Magical_Objects!Epic!Reduce_CD_And_Buff_Ultimate.entity.ot.EntitySettingsResource.gen@0x133b object-index=16 -> EntitySettings\Objects\Magical_Objects!Epic!Reduce_CD_And_Buff_Ultimate.entity.ot.EntitySettingsResource.gen@0x133b property=None -> EntitySettings\Objects\Magical_Objects!Epic!Reduce_CD_And_Buff_Ultimate.entity.ot.EntitySettingsResource.gen@0x133b	unresolved	Exact blocked operand trace; source hashes and raw components in codex-object-analysis.json	Unrecognized operation 0x18ab5fca at 0x133b; configured single-copy reduction coefficient is 25%, but its tooltip complement uses this uncalibrated opcode. The coefficient is not substituted as a prediction.
r51807806	Magical Objects	Epic	Raven Skull	Effect	value	Reduce_Defense_CD_Description	0	defense_cooldown_reduction	Reduces DEFENSE's cooldown by [?]%	percent		missing	subtract(1.0, RuntimeBinding[18])	EntitySettings/Objects/Magical_Objects!Epic!Reduce_Defensive_CD.entity.ot.EntitySettingsResource.gen / Descripton Format@0xc93 / arg[0]@0xd9b	"{""arg_ordinal"": 0, ""placeholder"": ""{0}"", ""argument_kind"": 0, ""formatter"": 1, ""evidence_key"": ""Magical Objects|Reduce_Defense_CD_Description|defense_cooldown_reduction"", ""reason"": ""One or more operands require live property/binding resolution; no zero or unknown stripping"", ""canonical_condition_text"": ""• Reduces #DEFENSE@'s cooldown by &{}%~""}"		Unresolved graph; EntitySettings\Objects\Magical_Objects!Epic!Reduce_Defensive_CD.entity.ot.EntitySettingsResource.gen@0xc93 arg=0 kind-byte=0 padded-word=0x0 format=1 -> EntitySettings\Objects\Magical_Objects!Epic!Reduce_Defensive_CD.entity.ot.EntitySettingsResource.gen@0x782 property=0x17ae7811 -> EntitySettings\Objects\Magical_Objects!Epic!Reduce_Defensive_CD.entity.ot.EntitySettingsResource.gen@0x7e5 -> EntitySettings\Objects\Magical_Objects!Epic!Reduce_Defensive_CD.entity.ot.EntitySettingsResource.gen@0x14d1 object-index=18 -> EntitySettings\Objects\Magical_Objects!Epic!Reduce_Defensive_CD.entity.ot.EntitySettingsResource.gen@0x14d1 property=None -> EntitySettings\Objects\Magical_Objects!Epic!Reduce_Defensive_CD.entity.ot.EntitySettingsResource.gen@0x14d1	unresolved	Exact blocked operand trace; source hashes and raw components in codex-object-analysis.json	Unrecognized operation 0x18ab5fca at 0x14d1; configured single-copy reduction coefficient is 25%, but its tooltip complement uses this uncalibrated opcode. The coefficient is not substituted as a prediction.
rcb5846e1	Magical Objects	Epic	Raven Wing	Effect	value	Reduce_Dash_CD_Description	0	dash_cooldown_reduction	Reduces DASH's cooldown by [?]%	percent		missing	subtract(1.0, RuntimeBinding[16])	EntitySettings/Objects/Magical_Objects!Epic!Reduce_Dash_CD.entity.ot.EntitySettingsResource.gen / Descripton Format@0xabd / arg[0]@0xbc2	"{""arg_ordinal"": 0, ""placeholder"": ""{0}"", ""argument_kind"": 0, ""formatter"": 1, ""evidence_key"": ""Magical Objects|Reduce_Dash_CD_Description|dash_cooldown_reduction"", ""reason"": ""One or more operands require live property/binding resolution; no zero or unknown stripping"", ""canonical_condition_text"": ""• Reduces #DASH@'s cooldown by &{}%~""}"		Unresolved graph; EntitySettings\Objects\Magical_Objects!Epic!Reduce_Dash_CD.entity.ot.EntitySettingsResource.gen@0xabd arg=0 kind-byte=0 padded-word=0x0 format=1 -> EntitySettings\Objects\Magical_Objects!Epic!Reduce_Dash_CD.entity.ot.EntitySettingsResource.gen@0x712 property=0x17ae7811 -> EntitySettings\Objects\Magical_Objects!Epic!Reduce_Dash_CD.entity.ot.EntitySettingsResource.gen@0x775 -> EntitySettings\Objects\Magical_Objects!Epic!Reduce_Dash_CD.entity.ot.EntitySettingsResource.gen@0x12c2 object-index=16 -> EntitySettings\Objects\Magical_Objects!Epic!Reduce_Dash_CD.entity.ot.EntitySettingsResource.gen@0x12c2 property=None -> EntitySettings\Objects\Magical_Objects!Epic!Reduce_Dash_CD.entity.ot.EntitySettingsResource.gen@0x12c2	unresolved	Exact blocked operand trace; source hashes and raw components in codex-object-analysis.json	Unrecognized operation 0x18ab5fca at 0x12c2; configured single-copy reduction coefficient is 25%, but its tooltip complement uses this uncalibrated opcode. The coefficient is not substituted as a prediction.
r8659f58f	Magical Objects	Legendary	Holy Grail	Effect	value	Defense_Heal_Nearby_Description	0	nearby_healing_amount	When in combat, DEFENSE restores [?] health to all nearby heroes (at most every 5 seconds)	health		missing	multiply(selector default: multiply(10.0, RuntimeBinding[35]), 1.0)	EntitySettings/Objects/Magical_Objects!Legendary!Defense_Heal.entity.ot.EntitySettingsResource.gen / Descripton Format@0x1bab / arg[0]@0x1cb5	"{""arg_ordinal"": 0, ""placeholder"": ""{0}"", ""argument_kind"": 0, ""formatter"": 2, ""evidence_key"": ""Magical Objects|Defense_Heal_Nearby_Description|nearby_healing_amount"", ""reason"": ""One or more operands require live property/binding resolution; no zero or unknown stripping"", ""canonical_condition_text"": ""• When in combat, #DEFENSE@ restores &{0}~ health to all nearby heroes (at most every #{1}@ seconds)""}"	10	Compendium arg 0; EntitySettings\Objects\Magical_Objects!Legendary!Defense_Heal.entity.ot.EntitySettingsResource.gen@0x1bab arg=0 kind-byte=0 padded-word=0xcdcdcd00 format=2 -> EntitySettings\Objects\Magical_Objects!Legendary!Defense_Heal.entity.ot.EntitySettingsResource.gen@0x12a7 property=0x17ae7811 -> EntitySettings\Objects\Magical_Objects!Legendary!Defense_Heal.entity.ot.EntitySettingsResource.gen@0x1300 -> EntitySettings\Objects\Magical_Objects!Legendary!Defense_Heal.entity.ot.EntitySettingsResource.gen@0x1f0e property=0xfd2c964 -> EntitySettings\Objects\Magical_Objects!Legendary!Defense_Heal.entity.ot.EntitySettingsResource.gen@0x1648 getter direct GUID=2182f3495c1f8c4e84009aa173dc1f9a default method=-1 -> EntitySettings\Character_Common\Character_Common.entity.ot.EntitySettingsResource.gen@0x5d47e exact getter target -> EntitySettings\Objects\Magical_Objects!Legendary!Defense_Heal.entity.ot.EntitySettingsResource.gen@0x1648 getter direct GUID=2182f3495c1f8c4e84009aa173dc1f9a default method=-1 -> EntitySettings\Character_Common\Character_Common.entity.ot.EntitySettingsResource.gen@0x5d47e exact getter target -> Level Healing target; supplied level-1 Healing baseline=10 -> EntitySettings\Objects\Magical_Objects!Legendary!Defense_Heal.entity.ot.EntitySettingsResource.gen@0x241a property=0xfd2c964 -> multiply(10,1)	decoded-baseline	Exact formatter/property/object-pool links; source hashes and raw components in codex-object-analysis.json	Compendium level 1 by day; displayed DMG 10, Healing 10; no talents or objects; object preview Amount=1, configured private parameter defaults, no Joker bonus
r5fe93f0c	Melodies		The Goose Girl Melody	Effect	value	Deal_Damage_Around_Description	1	area_damage	In combat, every 15 seconds, each hero unleashes a powerful wind that blows around them, dealing [?] area damage	damage		missing	multiply(150.0, RuntimeBinding[18])	EntitySettings/Objects/Melodies!Deal_Damage_Around.entity.ot.EntitySettingsResource.gen / Descripton Format@0xfcb / arg[1]@0x114e	"{""arg_ordinal"": 1, ""placeholder"": ""{1}"", ""argument_kind"": 0, ""formatter"": 2, ""evidence_key"": ""Melodies|Deal_Damage_Around_Description|area_damage"", ""reason"": ""One or more operands require live property/binding resolution; no zero or unknown stripping"", ""canonical_condition_text"": ""In combat, every #{0}@ seconds, each hero unleashes a powerful wind that blows around them, dealing #{1}@ area damage""}"	150	Compendium arg 1; EntitySettings\Objects\Melodies!Deal_Damage_Around.entity.ot.EntitySettingsResource.gen@0xfcb arg=1 kind-byte=0 padded-word=0xcdcdcd00 format=2 -> EntitySettings\Objects\Melodies!Deal_Damage_Around.entity.ot.EntitySettingsResource.gen@0xa6d property=0x17ae7811 -> EntitySettings\Objects\Melodies!Deal_Damage_Around.entity.ot.EntitySettingsResource.gen@0xad1 -> EntitySettings\Objects\Melodies!Deal_Damage_Around.entity.ot.EntitySettingsResource.gen@0x18ca property=0xfd2c964 -> EntitySettings\Objects\Melodies!Deal_Damage_Around.entity.ot.EntitySettingsResource.gen@0x1c73 object-index=18 -> EntitySettings\Objects\Melodies!Deal_Damage_Around.entity.ot.EntitySettingsResource.gen@0x1c73 property=None -> EntitySettings\Objects\Melodies!Deal_Damage_Around.entity.ot.EntitySettingsResource.gen@0x1c73 -> EntitySettings\Objects\Melodies!Deal_Damage_Around.entity.ot.EntitySettingsResource.gen@0x1665 property=0xfd2c964 -> EntitySettings\Objects\Melodies!Deal_Damage_Around.entity.ot.EntitySettingsResource.gen@0xb9a getter direct GUID=9c913759df09fd4b8bdbfc4cdc726794 default method=-1 -> EntitySettings\Character_Common\Character_Common.entity.ot.EntitySettingsResource.gen@0x59bde exact getter target -> EntitySettings\Objects\Melodies!Deal_Damage_Around.entity.ot.EntitySettingsResource.gen@0xb9a getter direct GUID=9c913759df09fd4b8bdbfc4cdc726794 default method=-1 -> EntitySettings\Character_Common\Character_Common.entity.ot.EntitySettingsResource.gen@0x59bde exact getter target -> AP Value is additional damage ratio; supplied no-modifier baseline=0 -> add(1,0) -> multiply(150,1)	decoded-baseline	Exact formatter/property/object-pool links; source hashes and raw components in codex-object-analysis.json	Compendium level 1 by day; displayed DMG 10, Healing 10; no talents or objects; object preview Amount=1, configured private parameter defaults, no Joker bonus
