# source_table	Merlin numerical values
# rows	172
# snapshot_id	2026-10-06-values
# status	Decoded values with the 2026-10-06 maintainer check merged in (see VALUES.md). Row statuses: decoded 66; decoded-baseline 25; static-text 21; unresolved 60. Checked rows: accepted without reading 76.
# baseline	Compendium level 1 figures: character damage 10, healing 10, no talents, no Magical Objects.
# source_version	Prior export attribution: Steam PC 1.05.01.01.27384, 2026/06/16, rev #773b656a63; raw file hashes recorded; installed build not independently reverified
section	form_or_condition	name	text_table	text_key	source_row_index	field	value	unit	formula	baseline	status	notes	source_path	source_property	reference_chain	check_id	checked_value	checked_value_source	maintainer_check	check_note
Dash	Base	Dash	Common.LangEN.tsv	Ability_Dash_Desc	21	cooldown	3	seconds	3.0	Hypothetical formatter baseline: DMG=10; HEALING=10; AP=0; no talents or objects; gameplay level unspecified; resource/form/hold/switch conditions preserved	decoded	Formatter/configuration decoding only; engine-fed operands and runtime branches preserved. 	EntitySettings\Heroes\Hero_Common!Hero_Common.entity.ot.EntitySettingsResource.gen	Dash Cooldown Default	EntitySettings\Heroes\Hero_Common!Hero_Common.entity.ot.EntitySettingsResource.gen@0x9ff91 -> EntitySettings\Heroes\Hero_Common!Hero_Common.entity.ot.EntitySettingsResource.gen@0xda7e4					
Dash	Base	Dash	Common.LangEN.tsv	Ability_Dash_Desc	21	charges	1	charges	1	Hypothetical formatter baseline: DMG=10; HEALING=10; AP=0; no talents or objects; gameplay level unspecified; resource/form/hold/switch conditions preserved	decoded-baseline	Formatter/configuration decoding only; engine-fed operands and runtime branches preserved. 	EntitySettings\Heroes\Hero_Common!Hero_Common.entity.ot.EntitySettingsResource.gen	Dash Ability Max Charges Counter	EntitySettings\Heroes\Hero_Common!Hero_Common.entity.ot.EntitySettingsResource.gen@0x9ff91 -> EntitySettings\Heroes\Hero_Common!Hero_Common.entity.ot.EntitySettingsResource.gen@0x9fbc					
Dash	Base	Dash	Common.LangEN.tsv	Ability_Dash_Desc	21	duration	0.25	seconds	Dash Ability Active Duration Selector{True => 0.25}	Hypothetical formatter baseline: DMG=10; HEALING=10; AP=0; no talents or objects; gameplay level unspecified; resource/form/hold/switch conditions preserved	decoded-baseline	Formatter/configuration decoding only; engine-fed operands and runtime branches preserved. Active duration timer configuration; intangible state synchronization beyond this timer is not inferred	EntitySettings\Heroes\Hero_Common!Hero_Common.entity.ot.EntitySettingsResource.gen	Dash Ability Active Duration Default	EntitySettings\Heroes\Hero_Common!Hero_Common.entity.ot.EntitySettingsResource.gen@0xff98 -> EntitySettings\Heroes\Hero_Common!Hero_Common.entity.ot.EntitySettingsResource.gen@0xcaf8b -> EntitySettings\Heroes\Hero_Common!Hero_Common.entity.ot.EntitySettingsResource.gen@0xda4aa					
Trait	Base	Celestial Potency	Hero_Merlin_Common.LangEN.tsv	Ability_Trait_Desc	3	max_potency_runes	3	runes	Potency Max Count Value Selector{True => 3}	Hypothetical formatter baseline: DMG=10; HEALING=10; AP=0; no talents or objects; gameplay level unspecified; resource/form/hold/switch conditions preserved	decoded-baseline	Formatter/configuration decoding only; engine-fed operands and runtime branches preserved. 	EntitySettings\Heroes\Hero_Merlin!Hero_Merlin.entity.ot.EntitySettingsResource.gen	formatter argument; kind=1; format=0	EntitySettings\Heroes\Hero_Merlin!Hero_Merlin.entity.ot.EntitySettingsResource.gen@0x8a3a7 -> EntitySettings\Heroes\Hero_Merlin!Hero_Merlin.entity.ot.EntitySettingsResource.gen@0xbe83b	r5645c6bb	3	decoded-baseline	accepted without reading	
Trait	Base	Celestial Potency	Hero_Merlin_Common.LangEN.tsv	Ability_Trait_Desc	3	enhancement_per_rune_pct		percent	unresolved(Original literal/notes discarded: no validated argument or exact owning property supports this field)	Hypothetical formatter baseline: DMG=10; HEALING=10; AP=0; no talents or objects; gameplay level unspecified; resource/form/hold/switch conditions preserved	unresolved	Formatter/configuration decoding only; engine-fed operands and runtime branches preserved. Original literal/notes discarded: no validated argument or exact owning property supports this field Blocked: Original literal/notes discarded: no validated argument or exact owning property supports this field	EntitySettings/Heroes/Hero_Merlin!Hero_Merlin.entity.ot.EntitySettingsResource.gen	Celestial Potency Multiplier Operation	Hero_Merlin -> Trait -> Multiplier Operation					
Attack	Base	Magic Strikes	Hero_Merlin_Common.LangEN.tsv	Ability_Attack_Desc	5	full_combo_damage		damage	(Level Damage Selector{[State] Character_Common\Bhv Preview\Behaviour Preview => DMG; True => DMG} * (1.0 + AP + NO_TALENT_OBJECT_MODIFIER(Basic Attack AP Modifier Listener)) * runtime_operand[1659])	Hypothetical formatter baseline: DMG=10; HEALING=10; AP=0; no talents or objects; gameplay level unspecified; resource/form/hold/switch conditions preserved	unresolved	Formatter/configuration decoding only; engine-fed operands and runtime branches preserved.  Blocked: Runtime selector predicate [State] Character_Common\Bhv Preview\Behaviour Preview.0xfd2833c is not established by serialized flag initialization; Property access needs engine semantics; no fallback substitution (Behaviour Preview.0xfd2833c); Engine-fed operation operand binding; serialized fallback must not replace live operand (operand binding 1659)	EntitySettings\Heroes\Hero_Merlin!Hero_Merlin.entity.ot.EntitySettingsResource.gen; EntitySettings\Character_Common\Character_Common.entity.ot.EntitySettingsResource.gen; EntitySettings\Heroes\Hero_Common!Hero_Common.entity.ot.EntitySettingsResource.gen	formatter argument; kind=0; format=2	EntitySettings\Heroes\Hero_Merlin!Hero_Merlin.entity.ot.EntitySettingsResource.gen@0x829ec -> EntitySettings\Heroes\Hero_Merlin!Hero_Merlin.entity.ot.EntitySettingsResource.gen@0x5dd81 -> EntitySettings\Character_Common\Character_Common.entity.ot.EntitySettingsResource.gen@0x56f54 -> EntitySettings\Character_Common\Character_Common.entity.ot.EntitySettingsResource.gen@0x123dd -> EntitySettings\Character_Common\Character_Common.entity.ot.EntitySettingsResource.gen@0x32ecd -> EntitySettings\Character_Common\Character_Common.entity.ot.EntitySettingsResource.gen@0x5e0b5 -> EntitySettings\Heroes\Hero_Common!Hero_Common.entity.ot.EntitySettingsResource.gen@0x8cde1 -> EntitySettings\Character_Common\Character_Common.entity.ot.EntitySettingsResource.gen@0x59bde -> EntitySettings\Heroes\Hero_Common!Hero_Common.entity.ot.EntitySettingsResource.gen@0x95da8	rfe17cc78	56	fill pass (decoded-baseline)	accepted without reading	
Power / Prep	Base	Nature Spells	Hero_Merlin_Common.LangEN.tsv	Ability_Power_Desc	7	prepared_spells	Giant Brambles / Starfall / Stone Shield	text	Static canonical text	Hypothetical formatter baseline: DMG=10; HEALING=10; AP=0; no talents or objects; gameplay level unspecified; resource/form/hold/switch conditions preserved	static-text	Canonical tooltip text; no numeric engine evaluation claimed	EntitySettings/Heroes/Hero_Merlin!Hero_Merlin.entity.ot.EntitySettingsResource.gen	Primary Prep Format	Hero_Merlin -> Primary Ability -> Spell Mapping					
Power / Nature	Base	Giant Brambles	Hero_Merlin_Common.LangEN.tsv	Ability_Power_Power_Desc	9	damage		damage	(Level Damage Selector{[State] Character_Common\Bhv Preview\Behaviour Preview => DMG; True => DMG} * (1.0 + AP + NO_TALENT_OBJECT_MODIFIER(Primary Ability AP Modifier Listener)) * (1.0 + runtime_operand[1658]) * 5.0 * runtime_operand[1643])	Hypothetical formatter baseline: DMG=10; HEALING=10; AP=0; no talents or objects; gameplay level unspecified; resource/form/hold/switch conditions preserved	unresolved	Formatter/configuration decoding only; engine-fed operands and runtime branches preserved.  Blocked: Runtime selector predicate [State] Character_Common\Bhv Preview\Behaviour Preview.0xfd2833c is not established by serialized flag initialization; Property access needs engine semantics; no fallback substitution (Behaviour Preview.0xfd2833c); Engine-fed operation operand binding; serialized fallback must not replace live operand (operand binding 1658); Engine-fed operation operand binding; serialized fallback must not replace live operand (operand binding 1643)	EntitySettings\Heroes\Hero_Merlin!Hero_Merlin.entity.ot.EntitySettingsResource.gen; EntitySettings\Character_Common\Character_Common.entity.ot.EntitySettingsResource.gen; EntitySettings\Heroes\Hero_Common!Hero_Common.entity.ot.EntitySettingsResource.gen	formatter argument; kind=3452816640; format=2	EntitySettings\Heroes\Hero_Merlin!Hero_Merlin.entity.ot.EntitySettingsResource.gen@0x83d36 -> EntitySettings\Heroes\Hero_Merlin!Hero_Merlin.entity.ot.EntitySettingsResource.gen@0x605fe -> EntitySettings\Character_Common\Character_Common.entity.ot.EntitySettingsResource.gen@0x56f54 -> EntitySettings\Character_Common\Character_Common.entity.ot.EntitySettingsResource.gen@0x123dd -> EntitySettings\Character_Common\Character_Common.entity.ot.EntitySettingsResource.gen@0x32ecd -> EntitySettings\Character_Common\Character_Common.entity.ot.EntitySettingsResource.gen@0x5e0b5 -> EntitySettings\Heroes\Hero_Common!Hero_Common.entity.ot.EntitySettingsResource.gen@0x8efa9 -> EntitySettings\Character_Common\Character_Common.entity.ot.EntitySettingsResource.gen@0x59bde -> EntitySettings\Heroes\Hero_Common!Hero_Common.entity.ot.EntitySettingsResource.gen@0x9807d -> EntitySettings\Heroes\Hero_Merlin!Hero_Merlin.entity.ot.EntitySettingsResource.gen@0x5df79 -> EntitySettings\Heroes\Hero_Merlin!Hero_Merlin.entity.ot.EntitySettingsResource.gen@0xd2b1a	rb176dfb3	50	fill pass (decoded-baseline)	accepted without reading	
Special / Nature	Base; Potency Counter.0x1163b1e9=0	Starfall	Hero_Merlin_Common.LangEN.tsv	Ability_Power_Special_Desc	11	targets_by_potency	3	targets	3	Hypothetical formatter baseline: DMG=10; HEALING=10; AP=0; no talents or objects; gameplay level unspecified; resource/form/hold/switch conditions preserved	decoded	Formatter/configuration decoding only; engine-fed operands and runtime branches preserved. 	EntitySettings\Heroes\Hero_Merlin!Hero_Merlin.entity.ot.EntitySettingsResource.gen	formatter argument; kind=3452816641; format=2	EntitySettings\Heroes\Hero_Merlin!Hero_Merlin.entity.ot.EntitySettingsResource.gen@0x83f0a -> EntitySettings\Heroes\Hero_Merlin!Hero_Merlin.entity.ot.EntitySettingsResource.gen@0x8ee7a -> EntitySettings\Heroes\Hero_Merlin!Hero_Merlin.entity.ot.EntitySettingsResource.gen@0xf0d7 -> EntitySettings\Heroes\Hero_Merlin!Hero_Merlin.entity.ot.EntitySettingsResource.gen@0xbe83b	re538688a	3 / 4 / 5 / 6	decoded	accepted without reading	
Special / Nature	Base; Potency Counter.0x1163b1e9=1	Starfall	Hero_Merlin_Common.LangEN.tsv	Ability_Power_Special_Desc	11	targets_by_potency	4	targets	4	Hypothetical formatter baseline: DMG=10; HEALING=10; AP=0; no talents or objects; gameplay level unspecified; resource/form/hold/switch conditions preserved	decoded	Formatter/configuration decoding only; engine-fed operands and runtime branches preserved. 	EntitySettings\Heroes\Hero_Merlin!Hero_Merlin.entity.ot.EntitySettingsResource.gen	formatter argument; kind=3452816641; format=2	EntitySettings\Heroes\Hero_Merlin!Hero_Merlin.entity.ot.EntitySettingsResource.gen@0x83f0a -> EntitySettings\Heroes\Hero_Merlin!Hero_Merlin.entity.ot.EntitySettingsResource.gen@0x8ee7a -> EntitySettings\Heroes\Hero_Merlin!Hero_Merlin.entity.ot.EntitySettingsResource.gen@0xf0d7 -> EntitySettings\Heroes\Hero_Merlin!Hero_Merlin.entity.ot.EntitySettingsResource.gen@0xbe83b	re538688a	3 / 4 / 5 / 6	decoded	accepted without reading	
Special / Nature	Base; Potency Counter.0x1163b1e9=2	Starfall	Hero_Merlin_Common.LangEN.tsv	Ability_Power_Special_Desc	11	targets_by_potency	5	targets	5	Hypothetical formatter baseline: DMG=10; HEALING=10; AP=0; no talents or objects; gameplay level unspecified; resource/form/hold/switch conditions preserved	decoded	Formatter/configuration decoding only; engine-fed operands and runtime branches preserved. 	EntitySettings\Heroes\Hero_Merlin!Hero_Merlin.entity.ot.EntitySettingsResource.gen	formatter argument; kind=3452816641; format=2	EntitySettings\Heroes\Hero_Merlin!Hero_Merlin.entity.ot.EntitySettingsResource.gen@0x83f0a -> EntitySettings\Heroes\Hero_Merlin!Hero_Merlin.entity.ot.EntitySettingsResource.gen@0x8ee7a -> EntitySettings\Heroes\Hero_Merlin!Hero_Merlin.entity.ot.EntitySettingsResource.gen@0xf0d7 -> EntitySettings\Heroes\Hero_Merlin!Hero_Merlin.entity.ot.EntitySettingsResource.gen@0xbe83b	re538688a	3 / 4 / 5 / 6	decoded	accepted without reading	
Special / Nature	Base; Potency Counter.0x1163b1e9=3	Starfall	Hero_Merlin_Common.LangEN.tsv	Ability_Power_Special_Desc	11	targets_by_potency	6	targets	6	Hypothetical formatter baseline: DMG=10; HEALING=10; AP=0; no talents or objects; gameplay level unspecified; resource/form/hold/switch conditions preserved	decoded	Formatter/configuration decoding only; engine-fed operands and runtime branches preserved. 	EntitySettings\Heroes\Hero_Merlin!Hero_Merlin.entity.ot.EntitySettingsResource.gen	formatter argument; kind=3452816641; format=2	EntitySettings\Heroes\Hero_Merlin!Hero_Merlin.entity.ot.EntitySettingsResource.gen@0x83f0a -> EntitySettings\Heroes\Hero_Merlin!Hero_Merlin.entity.ot.EntitySettingsResource.gen@0x8ee7a -> EntitySettings\Heroes\Hero_Merlin!Hero_Merlin.entity.ot.EntitySettingsResource.gen@0xf0d7 -> EntitySettings\Heroes\Hero_Merlin!Hero_Merlin.entity.ot.EntitySettingsResource.gen@0xbe83b	re538688a	3 / 4 / 5 / 6	decoded	accepted without reading	
Special / Nature	Base; Potency Counter.0x1163b1e9=0	Starfall	Hero_Merlin_Common.LangEN.tsv	Ability_Power_Special_Desc	11	damage_per_star_by_potency	70	damage	(DMG * 7.0 * (1.0 + AP + NO_TALENT_OBJECT_MODIFIER(Primary Ability AP Modifier Listener)))	Hypothetical formatter baseline: DMG=10; HEALING=10; AP=0; no talents or objects; gameplay level unspecified; resource/form/hold/switch conditions preserved	decoded-baseline	Formatter/configuration decoding only; engine-fed operands and runtime branches preserved. 	EntitySettings\Heroes\Hero_Merlin!Hero_Merlin.entity.ot.EntitySettingsResource.gen; EntitySettings\Character_Common\Character_Common.entity.ot.EntitySettingsResource.gen; EntitySettings\Heroes\Hero_Common!Hero_Common.entity.ot.EntitySettingsResource.gen	formatter argument; kind=0; format=2	EntitySettings\Heroes\Hero_Merlin!Hero_Merlin.entity.ot.EntitySettingsResource.gen@0x83f0a -> EntitySettings\Heroes\Hero_Merlin!Hero_Merlin.entity.ot.EntitySettingsResource.gen@0x60b68 -> EntitySettings\Character_Common\Character_Common.entity.ot.EntitySettingsResource.gen@0x32ecd -> EntitySettings\Heroes\Hero_Merlin!Hero_Merlin.entity.ot.EntitySettingsResource.gen@0x8ebdf -> EntitySettings\Heroes\Hero_Merlin!Hero_Merlin.entity.ot.EntitySettingsResource.gen@0xf0d7 -> EntitySettings\Heroes\Hero_Merlin!Hero_Merlin.entity.ot.EntitySettingsResource.gen@0xbe83b -> EntitySettings\Heroes\Hero_Common!Hero_Common.entity.ot.EntitySettingsResource.gen@0x8efa9 -> EntitySettings\Character_Common\Character_Common.entity.ot.EntitySettingsResource.gen@0x59bde -> EntitySettings\Heroes\Hero_Common!Hero_Common.entity.ot.EntitySettingsResource.gen@0x9807d	r5918e21c	70 / 105 / 126 / 140	decoded-baseline	accepted without reading	
Special / Nature	Base; Potency Counter.0x1163b1e9=1	Starfall	Hero_Merlin_Common.LangEN.tsv	Ability_Power_Special_Desc	11	damage_per_star_by_potency	105	damage	(DMG * 10.5 * (1.0 + AP + NO_TALENT_OBJECT_MODIFIER(Primary Ability AP Modifier Listener)))	Hypothetical formatter baseline: DMG=10; HEALING=10; AP=0; no talents or objects; gameplay level unspecified; resource/form/hold/switch conditions preserved	decoded-baseline	Formatter/configuration decoding only; engine-fed operands and runtime branches preserved. 	EntitySettings\Heroes\Hero_Merlin!Hero_Merlin.entity.ot.EntitySettingsResource.gen; EntitySettings\Character_Common\Character_Common.entity.ot.EntitySettingsResource.gen; EntitySettings\Heroes\Hero_Common!Hero_Common.entity.ot.EntitySettingsResource.gen	formatter argument; kind=0; format=2	EntitySettings\Heroes\Hero_Merlin!Hero_Merlin.entity.ot.EntitySettingsResource.gen@0x83f0a -> EntitySettings\Heroes\Hero_Merlin!Hero_Merlin.entity.ot.EntitySettingsResource.gen@0x60b68 -> EntitySettings\Character_Common\Character_Common.entity.ot.EntitySettingsResource.gen@0x32ecd -> EntitySettings\Heroes\Hero_Merlin!Hero_Merlin.entity.ot.EntitySettingsResource.gen@0x8ebdf -> EntitySettings\Heroes\Hero_Merlin!Hero_Merlin.entity.ot.EntitySettingsResource.gen@0xf0d7 -> EntitySettings\Heroes\Hero_Merlin!Hero_Merlin.entity.ot.EntitySettingsResource.gen@0xbe83b -> EntitySettings\Heroes\Hero_Common!Hero_Common.entity.ot.EntitySettingsResource.gen@0x8efa9 -> EntitySettings\Character_Common\Character_Common.entity.ot.EntitySettingsResource.gen@0x59bde -> EntitySettings\Heroes\Hero_Common!Hero_Common.entity.ot.EntitySettingsResource.gen@0x9807d	r5918e21c	70 / 105 / 126 / 140	decoded-baseline	accepted without reading	
Special / Nature	Base; Potency Counter.0x1163b1e9=2	Starfall	Hero_Merlin_Common.LangEN.tsv	Ability_Power_Special_Desc	11	damage_per_star_by_potency	126	damage	(DMG * 12.600000381469727 * (1.0 + AP + NO_TALENT_OBJECT_MODIFIER(Primary Ability AP Modifier Listener)))	Hypothetical formatter baseline: DMG=10; HEALING=10; AP=0; no talents or objects; gameplay level unspecified; resource/form/hold/switch conditions preserved	decoded-baseline	Formatter/configuration decoding only; engine-fed operands and runtime branches preserved. 	EntitySettings\Heroes\Hero_Merlin!Hero_Merlin.entity.ot.EntitySettingsResource.gen; EntitySettings\Character_Common\Character_Common.entity.ot.EntitySettingsResource.gen; EntitySettings\Heroes\Hero_Common!Hero_Common.entity.ot.EntitySettingsResource.gen	formatter argument; kind=0; format=2	EntitySettings\Heroes\Hero_Merlin!Hero_Merlin.entity.ot.EntitySettingsResource.gen@0x83f0a -> EntitySettings\Heroes\Hero_Merlin!Hero_Merlin.entity.ot.EntitySettingsResource.gen@0x60b68 -> EntitySettings\Character_Common\Character_Common.entity.ot.EntitySettingsResource.gen@0x32ecd -> EntitySettings\Heroes\Hero_Merlin!Hero_Merlin.entity.ot.EntitySettingsResource.gen@0x8ebdf -> EntitySettings\Heroes\Hero_Merlin!Hero_Merlin.entity.ot.EntitySettingsResource.gen@0xf0d7 -> EntitySettings\Heroes\Hero_Merlin!Hero_Merlin.entity.ot.EntitySettingsResource.gen@0xbe83b -> EntitySettings\Heroes\Hero_Common!Hero_Common.entity.ot.EntitySettingsResource.gen@0x8efa9 -> EntitySettings\Character_Common\Character_Common.entity.ot.EntitySettingsResource.gen@0x59bde -> EntitySettings\Heroes\Hero_Common!Hero_Common.entity.ot.EntitySettingsResource.gen@0x9807d	r5918e21c	70 / 105 / 126 / 140	decoded-baseline	accepted without reading	
Special / Nature	Base; Potency Counter.0x1163b1e9=3	Starfall	Hero_Merlin_Common.LangEN.tsv	Ability_Power_Special_Desc	11	damage_per_star_by_potency	140	damage	(DMG * 14.0 * (1.0 + AP + NO_TALENT_OBJECT_MODIFIER(Primary Ability AP Modifier Listener)))	Hypothetical formatter baseline: DMG=10; HEALING=10; AP=0; no talents or objects; gameplay level unspecified; resource/form/hold/switch conditions preserved	decoded-baseline	Formatter/configuration decoding only; engine-fed operands and runtime branches preserved. 	EntitySettings\Heroes\Hero_Merlin!Hero_Merlin.entity.ot.EntitySettingsResource.gen; EntitySettings\Character_Common\Character_Common.entity.ot.EntitySettingsResource.gen; EntitySettings\Heroes\Hero_Common!Hero_Common.entity.ot.EntitySettingsResource.gen	formatter argument; kind=0; format=2	EntitySettings\Heroes\Hero_Merlin!Hero_Merlin.entity.ot.EntitySettingsResource.gen@0x83f0a -> EntitySettings\Heroes\Hero_Merlin!Hero_Merlin.entity.ot.EntitySettingsResource.gen@0x60b68 -> EntitySettings\Character_Common\Character_Common.entity.ot.EntitySettingsResource.gen@0x32ecd -> EntitySettings\Heroes\Hero_Merlin!Hero_Merlin.entity.ot.EntitySettingsResource.gen@0x8ebdf -> EntitySettings\Heroes\Hero_Merlin!Hero_Merlin.entity.ot.EntitySettingsResource.gen@0xf0d7 -> EntitySettings\Heroes\Hero_Merlin!Hero_Merlin.entity.ot.EntitySettingsResource.gen@0xbe83b -> EntitySettings\Heroes\Hero_Common!Hero_Common.entity.ot.EntitySettingsResource.gen@0x8efa9 -> EntitySettings\Character_Common\Character_Common.entity.ot.EntitySettingsResource.gen@0x59bde -> EntitySettings\Heroes\Hero_Common!Hero_Common.entity.ot.EntitySettingsResource.gen@0x9807d	r5918e21c	70 / 105 / 126 / 140	decoded-baseline	accepted without reading	
Defense / Nature	Base	Stone Shield	Hero_Merlin_Common.LangEN.tsv	Ability_Power_Defense_Desc	13	explosion_delay		seconds	unresolved(Previously mislabelled DPS argument removed from explosion timing; actual explosion timer path remains unresolved)	Hypothetical formatter baseline: DMG=10; HEALING=10; AP=0; no talents or objects; gameplay level unspecified; resource/form/hold/switch conditions preserved	unresolved	Formatter/configuration decoding only; engine-fed operands and runtime branches preserved. Previously mislabelled DPS argument removed from explosion timing; actual explosion timer path remains unresolved Blocked: Previously mislabelled DPS argument removed from explosion timing; actual explosion timer path remains unresolved	EntitySettings/Heroes/Hero_Merlin!Hero_Merlin.entity.ot.EntitySettingsResource.gen	Stone Shield Fuse Timer	Hero_Merlin -> Stone Shield -> Fuse Timer					
Defense / Nature	Base	Stone Shield	Hero_Merlin_Common.LangEN.tsv	Ability_Power_Defense_Desc	13	explosion_damage		damage	(Level Damage Selector{[State] Character_Common\Bhv Preview\Behaviour Preview => DMG; True => DMG} * (1.0 + AP + NO_TALENT_OBJECT_MODIFIER(Primary Ability AP Modifier Listener)) * (1.0 + runtime_operand[1658]) * 3.0 * runtime_operand[1645])	Hypothetical formatter baseline: DMG=10; HEALING=10; AP=0; no talents or objects; gameplay level unspecified; resource/form/hold/switch conditions preserved	unresolved	Formatter/configuration decoding only; engine-fed operands and runtime branches preserved.  Blocked: Runtime selector predicate [State] Character_Common\Bhv Preview\Behaviour Preview.0xfd2833c is not established by serialized flag initialization; Property access needs engine semantics; no fallback substitution (Behaviour Preview.0xfd2833c); Engine-fed operation operand binding; serialized fallback must not replace live operand (operand binding 1658); Engine-fed operation operand binding; serialized fallback must not replace live operand (operand binding 1645)	EntitySettings\Heroes\Hero_Merlin!Hero_Merlin.entity.ot.EntitySettingsResource.gen; EntitySettings\Character_Common\Character_Common.entity.ot.EntitySettingsResource.gen; EntitySettings\Heroes\Hero_Common!Hero_Common.entity.ot.EntitySettingsResource.gen	formatter argument; kind=0; format=2	EntitySettings\Heroes\Hero_Merlin!Hero_Merlin.entity.ot.EntitySettingsResource.gen@0x83a06 -> EntitySettings\Heroes\Hero_Merlin!Hero_Merlin.entity.ot.EntitySettingsResource.gen@0x60087 -> EntitySettings\Character_Common\Character_Common.entity.ot.EntitySettingsResource.gen@0x56f54 -> EntitySettings\Character_Common\Character_Common.entity.ot.EntitySettingsResource.gen@0x123dd -> EntitySettings\Character_Common\Character_Common.entity.ot.EntitySettingsResource.gen@0x32ecd -> EntitySettings\Character_Common\Character_Common.entity.ot.EntitySettingsResource.gen@0x5e0b5 -> EntitySettings\Heroes\Hero_Common!Hero_Common.entity.ot.EntitySettingsResource.gen@0x8efa9 -> EntitySettings\Character_Common\Character_Common.entity.ot.EntitySettingsResource.gen@0x59bde -> EntitySettings\Heroes\Hero_Common!Hero_Common.entity.ot.EntitySettingsResource.gen@0x9807d -> EntitySettings\Heroes\Hero_Merlin!Hero_Merlin.entity.ot.EntitySettingsResource.gen@0x5df79 -> EntitySettings\Heroes\Hero_Merlin!Hero_Merlin.entity.ot.EntitySettingsResource.gen@0xd275e	rbbf08f94	30	fill pass (decoded-baseline)	accepted without reading	
Special / Prep	Base	Arcane Spells	Hero_Merlin_Common.LangEN.tsv	Ability_Special_Desc	15	cooldown	30	seconds	30.0	Hypothetical formatter baseline: DMG=10; HEALING=10; AP=0; no talents or objects; gameplay level unspecified; resource/form/hold/switch conditions preserved	decoded	Formatter/configuration decoding only; engine-fed operands and runtime branches preserved. 	EntitySettings\Heroes\Hero_Merlin!Hero_Merlin.entity.ot.EntitySettingsResource.gen	Secondary Ability Controller	EntitySettings\Heroes\Hero_Merlin!Hero_Merlin.entity.ot.EntitySettingsResource.gen@0x7fc12	rf74fd564	30	decoded	accepted without reading	
Power / Arcane	Base	Fork of Lightning	Hero_Merlin_Common.LangEN.tsv	Ability_Special_Power_Desc	17	max_channel_duration	2	seconds	2.0	Hypothetical formatter baseline: DMG=10; HEALING=10; AP=0; no talents or objects; gameplay level unspecified; resource/form/hold/switch conditions preserved	decoded	Formatter/configuration decoding only; engine-fed operands and runtime branches preserved. 	EntitySettings\Heroes\Hero_Merlin!Hero_Merlin.entity.ot.EntitySettingsResource.gen	formatter argument; kind=3452816640; format=2	EntitySettings\Heroes\Hero_Merlin!Hero_Merlin.entity.ot.EntitySettingsResource.gen@0x847c0 -> EntitySettings\Heroes\Hero_Merlin!Hero_Merlin.entity.ot.EntitySettingsResource.gen@0xd37ef	r3aab147c	2	decoded	accepted without reading	
Power / Arcane	Base	Fork of Lightning	Hero_Merlin_Common.LangEN.tsv	Ability_Special_Power_Desc	17	damage_per_second		damage_per_second	(Level Damage Selector{[State] Character_Common\Bhv Preview\Behaviour Preview => DMG; True => DMG} * (1.0 + AP + NO_TALENT_OBJECT_MODIFIER(Secondary Ability AP Modifier Listener)) * 5.5 * (1.0 + runtime_operand[1658]))	Hypothetical formatter baseline: DMG=10; HEALING=10; AP=0; no talents or objects; gameplay level unspecified; resource/form/hold/switch conditions preserved	unresolved	Formatter/configuration decoding only; engine-fed operands and runtime branches preserved.  Blocked: Runtime selector predicate [State] Character_Common\Bhv Preview\Behaviour Preview.0xfd2833c is not established by serialized flag initialization; Property access needs engine semantics; no fallback substitution (Behaviour Preview.0xfd2833c); Engine-fed operation operand binding; serialized fallback must not replace live operand (operand binding 1658)	EntitySettings\Heroes\Hero_Merlin!Hero_Merlin.entity.ot.EntitySettingsResource.gen; EntitySettings\Character_Common\Character_Common.entity.ot.EntitySettingsResource.gen; EntitySettings\Heroes\Hero_Common!Hero_Common.entity.ot.EntitySettingsResource.gen	formatter argument; kind=0; format=2	EntitySettings\Heroes\Hero_Merlin!Hero_Merlin.entity.ot.EntitySettingsResource.gen@0x847c0 -> EntitySettings\Heroes\Hero_Merlin!Hero_Merlin.entity.ot.EntitySettingsResource.gen@0x620b0 -> EntitySettings\Character_Common\Character_Common.entity.ot.EntitySettingsResource.gen@0x56f54 -> EntitySettings\Character_Common\Character_Common.entity.ot.EntitySettingsResource.gen@0x123dd -> EntitySettings\Character_Common\Character_Common.entity.ot.EntitySettingsResource.gen@0x32ecd -> EntitySettings\Character_Common\Character_Common.entity.ot.EntitySettingsResource.gen@0x5e0b5 -> EntitySettings\Heroes\Hero_Common!Hero_Common.entity.ot.EntitySettingsResource.gen@0x8f5e5 -> EntitySettings\Character_Common\Character_Common.entity.ot.EntitySettingsResource.gen@0x59bde -> EntitySettings\Heroes\Hero_Common!Hero_Common.entity.ot.EntitySettingsResource.gen@0x987a7 -> EntitySettings\Heroes\Hero_Merlin!Hero_Merlin.entity.ot.EntitySettingsResource.gen@0xd3726 -> EntitySettings\Heroes\Hero_Merlin!Hero_Merlin.entity.ot.EntitySettingsResource.gen@0x5df79	r2f0db957	55	fill pass (decoded-baseline)	accepted without reading	
Special / Arcane	Base; Potency Counter.0x1163b1e9=0	Fireball	Hero_Merlin_Common.LangEN.tsv	Ability_Special_Special_Desc	19	base_damage	36	damage	(Level Damage Selector{[State] Character_Common\Bhv Preview\Behaviour Preview => DMG; True => DMG} * (1.0 + AP + NO_TALENT_OBJECT_MODIFIER(Secondary Ability AP Modifier Listener)) * 3.5999999046325684)	Hypothetical formatter baseline: DMG=10; HEALING=10; AP=0; no talents or objects; gameplay level unspecified; resource/form/hold/switch conditions preserved	decoded-baseline	Formatter/configuration decoding only; engine-fed operands and runtime branches preserved. 	EntitySettings\Heroes\Hero_Merlin!Hero_Merlin.entity.ot.EntitySettingsResource.gen; EntitySettings\Character_Common\Character_Common.entity.ot.EntitySettingsResource.gen; EntitySettings\Heroes\Hero_Common!Hero_Common.entity.ot.EntitySettingsResource.gen	formatter argument; kind=3452816640; format=2	EntitySettings\Heroes\Hero_Merlin!Hero_Merlin.entity.ot.EntitySettingsResource.gen@0x84a6a -> EntitySettings\Heroes\Hero_Merlin!Hero_Merlin.entity.ot.EntitySettingsResource.gen@0x6240e -> EntitySettings\Character_Common\Character_Common.entity.ot.EntitySettingsResource.gen@0x56f54 -> EntitySettings\Character_Common\Character_Common.entity.ot.EntitySettingsResource.gen@0x123dd -> EntitySettings\Character_Common\Character_Common.entity.ot.EntitySettingsResource.gen@0x32ecd -> EntitySettings\Character_Common\Character_Common.entity.ot.EntitySettingsResource.gen@0x5e0b5 -> EntitySettings\Heroes\Hero_Common!Hero_Common.entity.ot.EntitySettingsResource.gen@0x8f5e5 -> EntitySettings\Character_Common\Character_Common.entity.ot.EntitySettingsResource.gen@0x59bde -> EntitySettings\Heroes\Hero_Common!Hero_Common.entity.ot.EntitySettingsResource.gen@0x987a7 -> EntitySettings\Heroes\Hero_Merlin!Hero_Merlin.entity.ot.EntitySettingsResource.gen@0x90ab1 -> EntitySettings\Heroes\Hero_Merlin!Hero_Merlin.entity.ot.EntitySettingsResource.gen@0xf0d7 -> EntitySettings\Heroes\Hero_Merlin!Hero_Merlin.entity.ot.EntitySettingsResource.gen@0xbe83b	r560bcf7f	36 / 57.6 / 77.14 / 96	decoded-baseline	accepted without reading	
Special / Arcane	Base; Potency Counter.0x1163b1e9=1	Fireball	Hero_Merlin_Common.LangEN.tsv	Ability_Special_Special_Desc	19	base_damage	57.6	damage	(Level Damage Selector{[State] Character_Common\Bhv Preview\Behaviour Preview => DMG; True => DMG} * (1.0 + AP + NO_TALENT_OBJECT_MODIFIER(Secondary Ability AP Modifier Listener)) * 5.760000228881836)	Hypothetical formatter baseline: DMG=10; HEALING=10; AP=0; no talents or objects; gameplay level unspecified; resource/form/hold/switch conditions preserved	decoded-baseline	Formatter/configuration decoding only; engine-fed operands and runtime branches preserved. 	EntitySettings\Heroes\Hero_Merlin!Hero_Merlin.entity.ot.EntitySettingsResource.gen; EntitySettings\Character_Common\Character_Common.entity.ot.EntitySettingsResource.gen; EntitySettings\Heroes\Hero_Common!Hero_Common.entity.ot.EntitySettingsResource.gen	formatter argument; kind=3452816640; format=2	EntitySettings\Heroes\Hero_Merlin!Hero_Merlin.entity.ot.EntitySettingsResource.gen@0x84a6a -> EntitySettings\Heroes\Hero_Merlin!Hero_Merlin.entity.ot.EntitySettingsResource.gen@0x6240e -> EntitySettings\Character_Common\Character_Common.entity.ot.EntitySettingsResource.gen@0x56f54 -> EntitySettings\Character_Common\Character_Common.entity.ot.EntitySettingsResource.gen@0x123dd -> EntitySettings\Character_Common\Character_Common.entity.ot.EntitySettingsResource.gen@0x32ecd -> EntitySettings\Character_Common\Character_Common.entity.ot.EntitySettingsResource.gen@0x5e0b5 -> EntitySettings\Heroes\Hero_Common!Hero_Common.entity.ot.EntitySettingsResource.gen@0x8f5e5 -> EntitySettings\Character_Common\Character_Common.entity.ot.EntitySettingsResource.gen@0x59bde -> EntitySettings\Heroes\Hero_Common!Hero_Common.entity.ot.EntitySettingsResource.gen@0x987a7 -> EntitySettings\Heroes\Hero_Merlin!Hero_Merlin.entity.ot.EntitySettingsResource.gen@0x90ab1 -> EntitySettings\Heroes\Hero_Merlin!Hero_Merlin.entity.ot.EntitySettingsResource.gen@0xf0d7 -> EntitySettings\Heroes\Hero_Merlin!Hero_Merlin.entity.ot.EntitySettingsResource.gen@0xbe83b	r560bcf7f	36 / 57.6 / 77.14 / 96	decoded-baseline	accepted without reading	
Special / Arcane	Base; Potency Counter.0x1163b1e9=2	Fireball	Hero_Merlin_Common.LangEN.tsv	Ability_Special_Special_Desc	19	base_damage	77.14	damage	(Level Damage Selector{[State] Character_Common\Bhv Preview\Behaviour Preview => DMG; True => DMG} * (1.0 + AP + NO_TALENT_OBJECT_MODIFIER(Secondary Ability AP Modifier Listener)) * 7.714000225067139)	Hypothetical formatter baseline: DMG=10; HEALING=10; AP=0; no talents or objects; gameplay level unspecified; resource/form/hold/switch conditions preserved	decoded-baseline	Formatter/configuration decoding only; engine-fed operands and runtime branches preserved. 	EntitySettings\Heroes\Hero_Merlin!Hero_Merlin.entity.ot.EntitySettingsResource.gen; EntitySettings\Character_Common\Character_Common.entity.ot.EntitySettingsResource.gen; EntitySettings\Heroes\Hero_Common!Hero_Common.entity.ot.EntitySettingsResource.gen	formatter argument; kind=3452816640; format=2	EntitySettings\Heroes\Hero_Merlin!Hero_Merlin.entity.ot.EntitySettingsResource.gen@0x84a6a -> EntitySettings\Heroes\Hero_Merlin!Hero_Merlin.entity.ot.EntitySettingsResource.gen@0x6240e -> EntitySettings\Character_Common\Character_Common.entity.ot.EntitySettingsResource.gen@0x56f54 -> EntitySettings\Character_Common\Character_Common.entity.ot.EntitySettingsResource.gen@0x123dd -> EntitySettings\Character_Common\Character_Common.entity.ot.EntitySettingsResource.gen@0x32ecd -> EntitySettings\Character_Common\Character_Common.entity.ot.EntitySettingsResource.gen@0x5e0b5 -> EntitySettings\Heroes\Hero_Common!Hero_Common.entity.ot.EntitySettingsResource.gen@0x8f5e5 -> EntitySettings\Character_Common\Character_Common.entity.ot.EntitySettingsResource.gen@0x59bde -> EntitySettings\Heroes\Hero_Common!Hero_Common.entity.ot.EntitySettingsResource.gen@0x987a7 -> EntitySettings\Heroes\Hero_Merlin!Hero_Merlin.entity.ot.EntitySettingsResource.gen@0x90ab1 -> EntitySettings\Heroes\Hero_Merlin!Hero_Merlin.entity.ot.EntitySettingsResource.gen@0xf0d7 -> EntitySettings\Heroes\Hero_Merlin!Hero_Merlin.entity.ot.EntitySettingsResource.gen@0xbe83b	r560bcf7f	36 / 57.6 / 77.14 / 96	decoded-baseline	accepted without reading	
Special / Arcane	Base; Potency Counter.0x1163b1e9=3	Fireball	Hero_Merlin_Common.LangEN.tsv	Ability_Special_Special_Desc	19	base_damage	96	damage	(Level Damage Selector{[State] Character_Common\Bhv Preview\Behaviour Preview => DMG; True => DMG} * (1.0 + AP + NO_TALENT_OBJECT_MODIFIER(Secondary Ability AP Modifier Listener)) * 9.600000381469727)	Hypothetical formatter baseline: DMG=10; HEALING=10; AP=0; no talents or objects; gameplay level unspecified; resource/form/hold/switch conditions preserved	decoded-baseline	Formatter/configuration decoding only; engine-fed operands and runtime branches preserved. 	EntitySettings\Heroes\Hero_Merlin!Hero_Merlin.entity.ot.EntitySettingsResource.gen; EntitySettings\Character_Common\Character_Common.entity.ot.EntitySettingsResource.gen; EntitySettings\Heroes\Hero_Common!Hero_Common.entity.ot.EntitySettingsResource.gen	formatter argument; kind=3452816640; format=2	EntitySettings\Heroes\Hero_Merlin!Hero_Merlin.entity.ot.EntitySettingsResource.gen@0x84a6a -> EntitySettings\Heroes\Hero_Merlin!Hero_Merlin.entity.ot.EntitySettingsResource.gen@0x6240e -> EntitySettings\Character_Common\Character_Common.entity.ot.EntitySettingsResource.gen@0x56f54 -> EntitySettings\Character_Common\Character_Common.entity.ot.EntitySettingsResource.gen@0x123dd -> EntitySettings\Character_Common\Character_Common.entity.ot.EntitySettingsResource.gen@0x32ecd -> EntitySettings\Character_Common\Character_Common.entity.ot.EntitySettingsResource.gen@0x5e0b5 -> EntitySettings\Heroes\Hero_Common!Hero_Common.entity.ot.EntitySettingsResource.gen@0x8f5e5 -> EntitySettings\Character_Common\Character_Common.entity.ot.EntitySettingsResource.gen@0x59bde -> EntitySettings\Heroes\Hero_Common!Hero_Common.entity.ot.EntitySettingsResource.gen@0x987a7 -> EntitySettings\Heroes\Hero_Merlin!Hero_Merlin.entity.ot.EntitySettingsResource.gen@0x90ab1 -> EntitySettings\Heroes\Hero_Merlin!Hero_Merlin.entity.ot.EntitySettingsResource.gen@0xf0d7 -> EntitySettings\Heroes\Hero_Merlin!Hero_Merlin.entity.ot.EntitySettingsResource.gen@0xbe83b	r560bcf7f	36 / 57.6 / 77.14 / 96	decoded-baseline	accepted without reading	
Special / Arcane	Base; Potency Counter.0x1163b1e9=0	Fireball	Hero_Merlin_Common.LangEN.tsv	Ability_Special_Special_Desc	19	maximum_distance_damage_increase_pct	100	percent	100 * (1.0)	Hypothetical formatter baseline: DMG=10; HEALING=10; AP=0; no talents or objects; gameplay level unspecified; resource/form/hold/switch conditions preserved	decoded	Formatter/configuration decoding only; engine-fed operands and runtime branches preserved. 	EntitySettings\Heroes\Hero_Merlin!Hero_Merlin.entity.ot.EntitySettingsResource.gen	formatter argument; kind=0; format=1	EntitySettings\Heroes\Hero_Merlin!Hero_Merlin.entity.ot.EntitySettingsResource.gen@0x84a6a -> EntitySettings\Heroes\Hero_Merlin!Hero_Merlin.entity.ot.EntitySettingsResource.gen@0x9080b -> EntitySettings\Heroes\Hero_Merlin!Hero_Merlin.entity.ot.EntitySettingsResource.gen@0xf0d7 -> EntitySettings\Heroes\Hero_Merlin!Hero_Merlin.entity.ot.EntitySettingsResource.gen@0xbe83b	r95fd96c5	100 / 150 / 180 / 200	decoded	accepted without reading	
Special / Arcane	Base; Potency Counter.0x1163b1e9=1	Fireball	Hero_Merlin_Common.LangEN.tsv	Ability_Special_Special_Desc	19	maximum_distance_damage_increase_pct	150	percent	100 * (1.5)	Hypothetical formatter baseline: DMG=10; HEALING=10; AP=0; no talents or objects; gameplay level unspecified; resource/form/hold/switch conditions preserved	decoded	Formatter/configuration decoding only; engine-fed operands and runtime branches preserved. 	EntitySettings\Heroes\Hero_Merlin!Hero_Merlin.entity.ot.EntitySettingsResource.gen	formatter argument; kind=0; format=1	EntitySettings\Heroes\Hero_Merlin!Hero_Merlin.entity.ot.EntitySettingsResource.gen@0x84a6a -> EntitySettings\Heroes\Hero_Merlin!Hero_Merlin.entity.ot.EntitySettingsResource.gen@0x9080b -> EntitySettings\Heroes\Hero_Merlin!Hero_Merlin.entity.ot.EntitySettingsResource.gen@0xf0d7 -> EntitySettings\Heroes\Hero_Merlin!Hero_Merlin.entity.ot.EntitySettingsResource.gen@0xbe83b	r95fd96c5	100 / 150 / 180 / 200	decoded	accepted without reading	
Special / Arcane	Base; Potency Counter.0x1163b1e9=2	Fireball	Hero_Merlin_Common.LangEN.tsv	Ability_Special_Special_Desc	19	maximum_distance_damage_increase_pct	180	percent	100 * (1.7999999523162842)	Hypothetical formatter baseline: DMG=10; HEALING=10; AP=0; no talents or objects; gameplay level unspecified; resource/form/hold/switch conditions preserved	decoded	Formatter/configuration decoding only; engine-fed operands and runtime branches preserved. 	EntitySettings\Heroes\Hero_Merlin!Hero_Merlin.entity.ot.EntitySettingsResource.gen	formatter argument; kind=0; format=1	EntitySettings\Heroes\Hero_Merlin!Hero_Merlin.entity.ot.EntitySettingsResource.gen@0x84a6a -> EntitySettings\Heroes\Hero_Merlin!Hero_Merlin.entity.ot.EntitySettingsResource.gen@0x9080b -> EntitySettings\Heroes\Hero_Merlin!Hero_Merlin.entity.ot.EntitySettingsResource.gen@0xf0d7 -> EntitySettings\Heroes\Hero_Merlin!Hero_Merlin.entity.ot.EntitySettingsResource.gen@0xbe83b	r95fd96c5	100 / 150 / 180 / 200	decoded	accepted without reading	
Special / Arcane	Base; Potency Counter.0x1163b1e9=3	Fireball	Hero_Merlin_Common.LangEN.tsv	Ability_Special_Special_Desc	19	maximum_distance_damage_increase_pct	200	percent	100 * (2.0)	Hypothetical formatter baseline: DMG=10; HEALING=10; AP=0; no talents or objects; gameplay level unspecified; resource/form/hold/switch conditions preserved	decoded	Formatter/configuration decoding only; engine-fed operands and runtime branches preserved. 	EntitySettings\Heroes\Hero_Merlin!Hero_Merlin.entity.ot.EntitySettingsResource.gen	formatter argument; kind=0; format=1	EntitySettings\Heroes\Hero_Merlin!Hero_Merlin.entity.ot.EntitySettingsResource.gen@0x84a6a -> EntitySettings\Heroes\Hero_Merlin!Hero_Merlin.entity.ot.EntitySettingsResource.gen@0x9080b -> EntitySettings\Heroes\Hero_Merlin!Hero_Merlin.entity.ot.EntitySettingsResource.gen@0xf0d7 -> EntitySettings\Heroes\Hero_Merlin!Hero_Merlin.entity.ot.EntitySettingsResource.gen@0xbe83b	r95fd96c5	100 / 150 / 180 / 200	decoded	accepted without reading	
Defense / Arcane	Base; Potency Counter.0x1163b1e9=0	Frost Orb	Hero_Merlin_Common.LangEN.tsv	Ability_Special_Defense_Desc	21	lifetime	6	seconds	(6.0 + 0.0)	Hypothetical formatter baseline: DMG=10; HEALING=10; AP=0; no talents or objects; gameplay level unspecified; resource/form/hold/switch conditions preserved	decoded	Formatter/configuration decoding only; engine-fed operands and runtime branches preserved. 	EntitySettings\Heroes\Hero_Merlin!Hero_Merlin.entity.ot.EntitySettingsResource.gen	formatter argument; kind=3452816640; format=2	EntitySettings\Heroes\Hero_Merlin!Hero_Merlin.entity.ot.EntitySettingsResource.gen@0x84439 -> EntitySettings\Heroes\Hero_Merlin!Hero_Merlin.entity.ot.EntitySettingsResource.gen@0x6157d -> EntitySettings\Heroes\Hero_Merlin!Hero_Merlin.entity.ot.EntitySettingsResource.gen@0xd3297 -> EntitySettings\Heroes\Hero_Merlin!Hero_Merlin.entity.ot.EntitySettingsResource.gen@0x90027 -> EntitySettings\Heroes\Hero_Merlin!Hero_Merlin.entity.ot.EntitySettingsResource.gen@0xf0d7 -> EntitySettings\Heroes\Hero_Merlin!Hero_Merlin.entity.ot.EntitySettingsResource.gen@0xbe83b	rf11d4a32	6 / 8 / 10 / 12	decoded	accepted without reading	
Defense / Arcane	Base; Potency Counter.0x1163b1e9=1	Frost Orb	Hero_Merlin_Common.LangEN.tsv	Ability_Special_Defense_Desc	21	lifetime	8	seconds	(6.0 + 2.0)	Hypothetical formatter baseline: DMG=10; HEALING=10; AP=0; no talents or objects; gameplay level unspecified; resource/form/hold/switch conditions preserved	decoded	Formatter/configuration decoding only; engine-fed operands and runtime branches preserved. 	EntitySettings\Heroes\Hero_Merlin!Hero_Merlin.entity.ot.EntitySettingsResource.gen	formatter argument; kind=3452816640; format=2	EntitySettings\Heroes\Hero_Merlin!Hero_Merlin.entity.ot.EntitySettingsResource.gen@0x84439 -> EntitySettings\Heroes\Hero_Merlin!Hero_Merlin.entity.ot.EntitySettingsResource.gen@0x6157d -> EntitySettings\Heroes\Hero_Merlin!Hero_Merlin.entity.ot.EntitySettingsResource.gen@0xd3297 -> EntitySettings\Heroes\Hero_Merlin!Hero_Merlin.entity.ot.EntitySettingsResource.gen@0x90027 -> EntitySettings\Heroes\Hero_Merlin!Hero_Merlin.entity.ot.EntitySettingsResource.gen@0xf0d7 -> EntitySettings\Heroes\Hero_Merlin!Hero_Merlin.entity.ot.EntitySettingsResource.gen@0xbe83b	rf11d4a32	6 / 8 / 10 / 12	decoded	accepted without reading	
Defense / Arcane	Base; Potency Counter.0x1163b1e9=2	Frost Orb	Hero_Merlin_Common.LangEN.tsv	Ability_Special_Defense_Desc	21	lifetime	10	seconds	(6.0 + 4.0)	Hypothetical formatter baseline: DMG=10; HEALING=10; AP=0; no talents or objects; gameplay level unspecified; resource/form/hold/switch conditions preserved	decoded	Formatter/configuration decoding only; engine-fed operands and runtime branches preserved. 	EntitySettings\Heroes\Hero_Merlin!Hero_Merlin.entity.ot.EntitySettingsResource.gen	formatter argument; kind=3452816640; format=2	EntitySettings\Heroes\Hero_Merlin!Hero_Merlin.entity.ot.EntitySettingsResource.gen@0x84439 -> EntitySettings\Heroes\Hero_Merlin!Hero_Merlin.entity.ot.EntitySettingsResource.gen@0x6157d -> EntitySettings\Heroes\Hero_Merlin!Hero_Merlin.entity.ot.EntitySettingsResource.gen@0xd3297 -> EntitySettings\Heroes\Hero_Merlin!Hero_Merlin.entity.ot.EntitySettingsResource.gen@0x90027 -> EntitySettings\Heroes\Hero_Merlin!Hero_Merlin.entity.ot.EntitySettingsResource.gen@0xf0d7 -> EntitySettings\Heroes\Hero_Merlin!Hero_Merlin.entity.ot.EntitySettingsResource.gen@0xbe83b	rf11d4a32	6 / 8 / 10 / 12	decoded	accepted without reading	
Defense / Arcane	Base; Potency Counter.0x1163b1e9=3	Frost Orb	Hero_Merlin_Common.LangEN.tsv	Ability_Special_Defense_Desc	21	lifetime	12	seconds	(6.0 + 6.0)	Hypothetical formatter baseline: DMG=10; HEALING=10; AP=0; no talents or objects; gameplay level unspecified; resource/form/hold/switch conditions preserved	decoded	Formatter/configuration decoding only; engine-fed operands and runtime branches preserved. 	EntitySettings\Heroes\Hero_Merlin!Hero_Merlin.entity.ot.EntitySettingsResource.gen	formatter argument; kind=3452816640; format=2	EntitySettings\Heroes\Hero_Merlin!Hero_Merlin.entity.ot.EntitySettingsResource.gen@0x84439 -> EntitySettings\Heroes\Hero_Merlin!Hero_Merlin.entity.ot.EntitySettingsResource.gen@0x6157d -> EntitySettings\Heroes\Hero_Merlin!Hero_Merlin.entity.ot.EntitySettingsResource.gen@0xd3297 -> EntitySettings\Heroes\Hero_Merlin!Hero_Merlin.entity.ot.EntitySettingsResource.gen@0x90027 -> EntitySettings\Heroes\Hero_Merlin!Hero_Merlin.entity.ot.EntitySettingsResource.gen@0xf0d7 -> EntitySettings\Heroes\Hero_Merlin!Hero_Merlin.entity.ot.EntitySettingsResource.gen@0xbe83b	rf11d4a32	6 / 8 / 10 / 12	decoded	accepted without reading	
Defense / Arcane	Base	Frost Orb	Hero_Merlin_Common.LangEN.tsv	Ability_Special_Defense_Desc	21	damage_per_tick		damage	(Level Damage Selector{[State] Character_Common\Bhv Preview\Behaviour Preview => DMG; True => DMG} * (1.0 + AP + NO_TALENT_OBJECT_MODIFIER(Secondary Ability AP Modifier Listener)) * runtime_operand[1640])	Hypothetical formatter baseline: DMG=10; HEALING=10; AP=0; no talents or objects; gameplay level unspecified; resource/form/hold/switch conditions preserved	unresolved	Formatter/configuration decoding only; engine-fed operands and runtime branches preserved.  Blocked: Runtime selector predicate [State] Character_Common\Bhv Preview\Behaviour Preview.0xfd2833c is not established by serialized flag initialization; Property access needs engine semantics; no fallback substitution (Behaviour Preview.0xfd2833c); Engine-fed operation operand binding; serialized fallback must not replace live operand (operand binding 1640)	EntitySettings\Heroes\Hero_Merlin!Hero_Merlin.entity.ot.EntitySettingsResource.gen; EntitySettings\Character_Common\Character_Common.entity.ot.EntitySettingsResource.gen; EntitySettings\Heroes\Hero_Common!Hero_Common.entity.ot.EntitySettingsResource.gen	formatter argument; kind=3452816640; format=2	EntitySettings\Heroes\Hero_Merlin!Hero_Merlin.entity.ot.EntitySettingsResource.gen@0x84439 -> EntitySettings\Heroes\Hero_Merlin!Hero_Merlin.entity.ot.EntitySettingsResource.gen@0x612cb -> EntitySettings\Character_Common\Character_Common.entity.ot.EntitySettingsResource.gen@0x56f54 -> EntitySettings\Character_Common\Character_Common.entity.ot.EntitySettingsResource.gen@0x123dd -> EntitySettings\Character_Common\Character_Common.entity.ot.EntitySettingsResource.gen@0x32ecd -> EntitySettings\Character_Common\Character_Common.entity.ot.EntitySettingsResource.gen@0x5e0b5 -> EntitySettings\Heroes\Hero_Common!Hero_Common.entity.ot.EntitySettingsResource.gen@0x8f5e5 -> EntitySettings\Character_Common\Character_Common.entity.ot.EntitySettingsResource.gen@0x59bde -> EntitySettings\Heroes\Hero_Common!Hero_Common.entity.ot.EntitySettingsResource.gen@0x987a7 -> EntitySettings\Heroes\Hero_Merlin!Hero_Merlin.entity.ot.EntitySettingsResource.gen@0xd31ca	r1f2296de	30	fill pass (decoded-baseline)	accepted without reading	
Defense / Arcane	Base	Frost Orb	Hero_Merlin_Common.LangEN.tsv	Ability_Special_Defense_Desc	21	tick_interval	2	seconds	2.0	Hypothetical formatter baseline: DMG=10; HEALING=10; AP=0; no talents or objects; gameplay level unspecified; resource/form/hold/switch conditions preserved	decoded	Formatter/configuration decoding only; engine-fed operands and runtime branches preserved. 	EntitySettings\Heroes\Hero_Merlin!Hero_Merlin.entity.ot.EntitySettingsResource.gen	formatter argument; kind=1038127104; format=2	EntitySettings\Heroes\Hero_Merlin!Hero_Merlin.entity.ot.EntitySettingsResource.gen@0x84439 -> EntitySettings\Heroes\Hero_Merlin!Hero_Merlin.entity.ot.EntitySettingsResource.gen@0xd3360	rb26d365d	2	decoded	accepted without reading	
Defense / Prep	Base	Sacred Spells	Hero_Merlin_Common.LangEN.tsv	Ability_Defense_Desc	23	prepared_spells	Blessing / Light Nova / Blink	text	Static canonical text	Hypothetical formatter baseline: DMG=10; HEALING=10; AP=0; no talents or objects; gameplay level unspecified; resource/form/hold/switch conditions preserved	static-text	Canonical tooltip text; no numeric engine evaluation claimed	EntitySettings/Heroes/Hero_Merlin!Hero_Merlin.entity.ot.EntitySettingsResource.gen	Defensive Prep Format	Hero_Merlin -> Defense -> Spell Mapping					
Power / Sacred	Base	Blessing	Hero_Merlin_Common.LangEN.tsv	Ability_Defense_Power_Desc	25	regeneration_amount		regeneration	formatter(kind=3452816640, format=1, raw=(0.019999999552965164 * runtime_operand[1655]))	Hypothetical formatter baseline: DMG=10; HEALING=10; AP=0; no talents or objects; gameplay level unspecified; resource/form/hold/switch conditions preserved	unresolved	Formatter/configuration decoding only; engine-fed operands and runtime branches preserved.  Blocked: Unrecognized formatter argument kind 3452816640; display conversion is not guessed; Engine-fed operation operand binding; serialized fallback must not replace live operand (operand binding 1655)	EntitySettings\Heroes\Hero_Merlin!Hero_Merlin.entity.ot.EntitySettingsResource.gen	formatter argument; kind=3452816640; format=1	EntitySettings\Heroes\Hero_Merlin!Hero_Merlin.entity.ot.EntitySettingsResource.gen@0x82fb9 -> EntitySettings\Heroes\Hero_Merlin!Hero_Merlin.entity.ot.EntitySettingsResource.gen@0x5ec2b -> EntitySettings\Heroes\Hero_Merlin!Hero_Merlin.entity.ot.EntitySettingsResource.gen@0xd0cbf	r7736d29d	2	fill pass (decoded-baseline)	accepted without reading	
Special / Sacred	Base; Potency Counter.0x1163b1e9=0	Light Nova	Hero_Merlin_Common.LangEN.tsv	Ability_Defense_Special_Desc	27	stagger_points_by_potency	50	stagger	50.0	Hypothetical formatter baseline: DMG=10; HEALING=10; AP=0; no talents or objects; gameplay level unspecified; resource/form/hold/switch conditions preserved	decoded	Formatter/configuration decoding only; engine-fed operands and runtime branches preserved. 	EntitySettings\Heroes\Hero_Merlin!Hero_Merlin.entity.ot.EntitySettingsResource.gen	formatter argument; kind=3452816640; format=2	EntitySettings\Heroes\Hero_Merlin!Hero_Merlin.entity.ot.EntitySettingsResource.gen@0x83195 -> EntitySettings\Heroes\Hero_Merlin!Hero_Merlin.entity.ot.EntitySettingsResource.gen@0x8de03 -> EntitySettings\Heroes\Hero_Merlin!Hero_Merlin.entity.ot.EntitySettingsResource.gen@0xf0d7 -> EntitySettings\Heroes\Hero_Merlin!Hero_Merlin.entity.ot.EntitySettingsResource.gen@0xbe83b	r4e63cd21	50 / 75 / 90 / 100	decoded	accepted without reading	
Special / Sacred	Base; Potency Counter.0x1163b1e9=1	Light Nova	Hero_Merlin_Common.LangEN.tsv	Ability_Defense_Special_Desc	27	stagger_points_by_potency	75	stagger	75.0	Hypothetical formatter baseline: DMG=10; HEALING=10; AP=0; no talents or objects; gameplay level unspecified; resource/form/hold/switch conditions preserved	decoded	Formatter/configuration decoding only; engine-fed operands and runtime branches preserved. 	EntitySettings\Heroes\Hero_Merlin!Hero_Merlin.entity.ot.EntitySettingsResource.gen	formatter argument; kind=3452816640; format=2	EntitySettings\Heroes\Hero_Merlin!Hero_Merlin.entity.ot.EntitySettingsResource.gen@0x83195 -> EntitySettings\Heroes\Hero_Merlin!Hero_Merlin.entity.ot.EntitySettingsResource.gen@0x8de03 -> EntitySettings\Heroes\Hero_Merlin!Hero_Merlin.entity.ot.EntitySettingsResource.gen@0xf0d7 -> EntitySettings\Heroes\Hero_Merlin!Hero_Merlin.entity.ot.EntitySettingsResource.gen@0xbe83b	r4e63cd21	50 / 75 / 90 / 100	decoded	accepted without reading	
Special / Sacred	Base; Potency Counter.0x1163b1e9=2	Light Nova	Hero_Merlin_Common.LangEN.tsv	Ability_Defense_Special_Desc	27	stagger_points_by_potency	90	stagger	90.0	Hypothetical formatter baseline: DMG=10; HEALING=10; AP=0; no talents or objects; gameplay level unspecified; resource/form/hold/switch conditions preserved	decoded	Formatter/configuration decoding only; engine-fed operands and runtime branches preserved. 	EntitySettings\Heroes\Hero_Merlin!Hero_Merlin.entity.ot.EntitySettingsResource.gen	formatter argument; kind=3452816640; format=2	EntitySettings\Heroes\Hero_Merlin!Hero_Merlin.entity.ot.EntitySettingsResource.gen@0x83195 -> EntitySettings\Heroes\Hero_Merlin!Hero_Merlin.entity.ot.EntitySettingsResource.gen@0x8de03 -> EntitySettings\Heroes\Hero_Merlin!Hero_Merlin.entity.ot.EntitySettingsResource.gen@0xf0d7 -> EntitySettings\Heroes\Hero_Merlin!Hero_Merlin.entity.ot.EntitySettingsResource.gen@0xbe83b	r4e63cd21	50 / 75 / 90 / 100	decoded	accepted without reading	
Special / Sacred	Base; Potency Counter.0x1163b1e9=3	Light Nova	Hero_Merlin_Common.LangEN.tsv	Ability_Defense_Special_Desc	27	stagger_points_by_potency	100	stagger	100.0	Hypothetical formatter baseline: DMG=10; HEALING=10; AP=0; no talents or objects; gameplay level unspecified; resource/form/hold/switch conditions preserved	decoded	Formatter/configuration decoding only; engine-fed operands and runtime branches preserved. 	EntitySettings\Heroes\Hero_Merlin!Hero_Merlin.entity.ot.EntitySettingsResource.gen	formatter argument; kind=3452816640; format=2	EntitySettings\Heroes\Hero_Merlin!Hero_Merlin.entity.ot.EntitySettingsResource.gen@0x83195 -> EntitySettings\Heroes\Hero_Merlin!Hero_Merlin.entity.ot.EntitySettingsResource.gen@0x8de03 -> EntitySettings\Heroes\Hero_Merlin!Hero_Merlin.entity.ot.EntitySettingsResource.gen@0xf0d7 -> EntitySettings\Heroes\Hero_Merlin!Hero_Merlin.entity.ot.EntitySettingsResource.gen@0xbe83b	r4e63cd21	50 / 75 / 90 / 100	decoded	accepted without reading	
Special / Sacred	Base; Potency Counter.0x1163b1e9=0	Light Nova	Hero_Merlin_Common.LangEN.tsv	Ability_Defense_Special_Desc	27	shield_amount	9	shield	(Level Healing Selector{[State] Character_Common\Bhv Preview\Behaviour Preview => HEALING; True => DMG} * 0.8999999761581421)	Hypothetical formatter baseline: DMG=10; HEALING=10; AP=0; no talents or objects; gameplay level unspecified; resource/form/hold/switch conditions preserved	decoded-baseline	Formatter/configuration decoding only; engine-fed operands and runtime branches preserved. 	EntitySettings\Heroes\Hero_Merlin!Hero_Merlin.entity.ot.EntitySettingsResource.gen; EntitySettings\Character_Common\Character_Common.entity.ot.EntitySettingsResource.gen	formatter argument; kind=3452816640; format=2	EntitySettings\Heroes\Hero_Merlin!Hero_Merlin.entity.ot.EntitySettingsResource.gen@0x83195 -> EntitySettings\Heroes\Hero_Merlin!Hero_Merlin.entity.ot.EntitySettingsResource.gen@0x5f0e0 -> EntitySettings\Character_Common\Character_Common.entity.ot.EntitySettingsResource.gen@0x571a5 -> EntitySettings\Character_Common\Character_Common.entity.ot.EntitySettingsResource.gen@0x123dd -> EntitySettings\Character_Common\Character_Common.entity.ot.EntitySettingsResource.gen@0x32ecd -> EntitySettings\Character_Common\Character_Common.entity.ot.EntitySettingsResource.gen@0x5e0b5 -> EntitySettings\Heroes\Hero_Merlin!Hero_Merlin.entity.ot.EntitySettingsResource.gen@0x8db6c -> EntitySettings\Heroes\Hero_Merlin!Hero_Merlin.entity.ot.EntitySettingsResource.gen@0xf0d7 -> EntitySettings\Heroes\Hero_Merlin!Hero_Merlin.entity.ot.EntitySettingsResource.gen@0xbe83b	rc430333c	9 / 12 / 15 / 18	decoded-baseline	accepted without reading	
Special / Sacred	Base; Potency Counter.0x1163b1e9=1	Light Nova	Hero_Merlin_Common.LangEN.tsv	Ability_Defense_Special_Desc	27	shield_amount	12	shield	(Level Healing Selector{[State] Character_Common\Bhv Preview\Behaviour Preview => HEALING; True => DMG} * 1.2000000476837158)	Hypothetical formatter baseline: DMG=10; HEALING=10; AP=0; no talents or objects; gameplay level unspecified; resource/form/hold/switch conditions preserved	decoded-baseline	Formatter/configuration decoding only; engine-fed operands and runtime branches preserved. 	EntitySettings\Heroes\Hero_Merlin!Hero_Merlin.entity.ot.EntitySettingsResource.gen; EntitySettings\Character_Common\Character_Common.entity.ot.EntitySettingsResource.gen	formatter argument; kind=3452816640; format=2	EntitySettings\Heroes\Hero_Merlin!Hero_Merlin.entity.ot.EntitySettingsResource.gen@0x83195 -> EntitySettings\Heroes\Hero_Merlin!Hero_Merlin.entity.ot.EntitySettingsResource.gen@0x5f0e0 -> EntitySettings\Character_Common\Character_Common.entity.ot.EntitySettingsResource.gen@0x571a5 -> EntitySettings\Character_Common\Character_Common.entity.ot.EntitySettingsResource.gen@0x123dd -> EntitySettings\Character_Common\Character_Common.entity.ot.EntitySettingsResource.gen@0x32ecd -> EntitySettings\Character_Common\Character_Common.entity.ot.EntitySettingsResource.gen@0x5e0b5 -> EntitySettings\Heroes\Hero_Merlin!Hero_Merlin.entity.ot.EntitySettingsResource.gen@0x8db6c -> EntitySettings\Heroes\Hero_Merlin!Hero_Merlin.entity.ot.EntitySettingsResource.gen@0xf0d7 -> EntitySettings\Heroes\Hero_Merlin!Hero_Merlin.entity.ot.EntitySettingsResource.gen@0xbe83b	rc430333c	9 / 12 / 15 / 18	decoded-baseline	accepted without reading	
Special / Sacred	Base; Potency Counter.0x1163b1e9=2	Light Nova	Hero_Merlin_Common.LangEN.tsv	Ability_Defense_Special_Desc	27	shield_amount	15	shield	(Level Healing Selector{[State] Character_Common\Bhv Preview\Behaviour Preview => HEALING; True => DMG} * 1.5)	Hypothetical formatter baseline: DMG=10; HEALING=10; AP=0; no talents or objects; gameplay level unspecified; resource/form/hold/switch conditions preserved	decoded-baseline	Formatter/configuration decoding only; engine-fed operands and runtime branches preserved. 	EntitySettings\Heroes\Hero_Merlin!Hero_Merlin.entity.ot.EntitySettingsResource.gen; EntitySettings\Character_Common\Character_Common.entity.ot.EntitySettingsResource.gen	formatter argument; kind=3452816640; format=2	EntitySettings\Heroes\Hero_Merlin!Hero_Merlin.entity.ot.EntitySettingsResource.gen@0x83195 -> EntitySettings\Heroes\Hero_Merlin!Hero_Merlin.entity.ot.EntitySettingsResource.gen@0x5f0e0 -> EntitySettings\Character_Common\Character_Common.entity.ot.EntitySettingsResource.gen@0x571a5 -> EntitySettings\Character_Common\Character_Common.entity.ot.EntitySettingsResource.gen@0x123dd -> EntitySettings\Character_Common\Character_Common.entity.ot.EntitySettingsResource.gen@0x32ecd -> EntitySettings\Character_Common\Character_Common.entity.ot.EntitySettingsResource.gen@0x5e0b5 -> EntitySettings\Heroes\Hero_Merlin!Hero_Merlin.entity.ot.EntitySettingsResource.gen@0x8db6c -> EntitySettings\Heroes\Hero_Merlin!Hero_Merlin.entity.ot.EntitySettingsResource.gen@0xf0d7 -> EntitySettings\Heroes\Hero_Merlin!Hero_Merlin.entity.ot.EntitySettingsResource.gen@0xbe83b	rc430333c	9 / 12 / 15 / 18	decoded-baseline	accepted without reading	
Special / Sacred	Base; Potency Counter.0x1163b1e9=3	Light Nova	Hero_Merlin_Common.LangEN.tsv	Ability_Defense_Special_Desc	27	shield_amount	18	shield	(Level Healing Selector{[State] Character_Common\Bhv Preview\Behaviour Preview => HEALING; True => DMG} * 1.7999999523162842)	Hypothetical formatter baseline: DMG=10; HEALING=10; AP=0; no talents or objects; gameplay level unspecified; resource/form/hold/switch conditions preserved	decoded-baseline	Formatter/configuration decoding only; engine-fed operands and runtime branches preserved. 	EntitySettings\Heroes\Hero_Merlin!Hero_Merlin.entity.ot.EntitySettingsResource.gen; EntitySettings\Character_Common\Character_Common.entity.ot.EntitySettingsResource.gen	formatter argument; kind=3452816640; format=2	EntitySettings\Heroes\Hero_Merlin!Hero_Merlin.entity.ot.EntitySettingsResource.gen@0x83195 -> EntitySettings\Heroes\Hero_Merlin!Hero_Merlin.entity.ot.EntitySettingsResource.gen@0x5f0e0 -> EntitySettings\Character_Common\Character_Common.entity.ot.EntitySettingsResource.gen@0x571a5 -> EntitySettings\Character_Common\Character_Common.entity.ot.EntitySettingsResource.gen@0x123dd -> EntitySettings\Character_Common\Character_Common.entity.ot.EntitySettingsResource.gen@0x32ecd -> EntitySettings\Character_Common\Character_Common.entity.ot.EntitySettingsResource.gen@0x5e0b5 -> EntitySettings\Heroes\Hero_Merlin!Hero_Merlin.entity.ot.EntitySettingsResource.gen@0x8db6c -> EntitySettings\Heroes\Hero_Merlin!Hero_Merlin.entity.ot.EntitySettingsResource.gen@0xf0d7 -> EntitySettings\Heroes\Hero_Merlin!Hero_Merlin.entity.ot.EntitySettingsResource.gen@0xbe83b	rc430333c	9 / 12 / 15 / 18	decoded-baseline	accepted without reading	
Defense / Sacred	Base	Blink	Hero_Merlin_Common.LangEN.tsv	Ability_Defense_Defense_Desc	29	intangible_duration		seconds	unresolved(Original literal/notes discarded: no validated argument or exact owning property supports this field)	Hypothetical formatter baseline: DMG=10; HEALING=10; AP=0; no talents or objects; gameplay level unspecified; resource/form/hold/switch conditions preserved	unresolved	Formatter/configuration decoding only; engine-fed operands and runtime branches preserved. Original literal/notes discarded: no validated argument or exact owning property supports this field Blocked: Original literal/notes discarded: no validated argument or exact owning property supports this field	EntitySettings/Heroes/Hero_Merlin!Hero_Merlin.entity.ot.EntitySettingsResource.gen	Blink Intangible Timer	Hero_Merlin -> Blink -> Intangible Timer					
Ultimate 1	Base	Standing Stone	Hero_Merlin_Common.LangEN.tsv	Ability_Ultimate_1_Desc	31	cooldown	60	seconds	60.0	Hypothetical formatter baseline: DMG=10; HEALING=10; AP=0; no talents or objects; gameplay level unspecified; resource/form/hold/switch conditions preserved	decoded	Formatter/configuration decoding only; engine-fed operands and runtime branches preserved. 	EntitySettings\Heroes\Hero_Merlin!Hero_Merlin.entity.ot.EntitySettingsResource.gen	Ultimate Power 1 Controller	EntitySettings\Heroes\Hero_Merlin!Hero_Merlin.entity.ot.EntitySettingsResource.gen@0x81a51	r4d237d55	60	decoded	accepted without reading	
Ultimate 1	Base	Standing Stone	Hero_Merlin_Common.LangEN.tsv	Ability_Ultimate_1_Desc	31	charges	1	charges	1	Hypothetical formatter baseline: DMG=10; HEALING=10; AP=0; no talents or objects; gameplay level unspecified; resource/form/hold/switch conditions preserved	decoded-baseline	Formatter/configuration decoding only; engine-fed operands and runtime branches preserved. 	EntitySettings\Heroes\Hero_Merlin!Hero_Merlin.entity.ot.EntitySettingsResource.gen; EntitySettings\Heroes\Hero_Common!Hero_Common.entity.ot.EntitySettingsResource.gen	Ultimate Power 1 Controller	EntitySettings\Heroes\Hero_Merlin!Hero_Merlin.entity.ot.EntitySettingsResource.gen@0x81a51 -> EntitySettings\Heroes\Hero_Common!Hero_Common.entity.ot.EntitySettingsResource.gen@0xb50d					
Ultimate 1	Base	Standing Stone	Hero_Merlin_Common.LangEN.tsv	Ability_Ultimate_1_Desc	31	explosion_damage	300	damage	(Level Damage Selector{[State] Character_Common\Bhv Preview\Behaviour Preview => DMG; True => DMG} * (1.0 + AP + NO_TALENT_OBJECT_MODIFIER(Ultimate AP Modifier Listener)) * 30.0)	Hypothetical formatter baseline: DMG=10; HEALING=10; AP=0; no talents or objects; gameplay level unspecified; resource/form/hold/switch conditions preserved	decoded-baseline	Formatter/configuration decoding only; engine-fed operands and runtime branches preserved. 	EntitySettings\Heroes\Hero_Merlin!Hero_Merlin.entity.ot.EntitySettingsResource.gen; EntitySettings\Character_Common\Character_Common.entity.ot.EntitySettingsResource.gen; EntitySettings\Heroes\Hero_Common!Hero_Common.entity.ot.EntitySettingsResource.gen	formatter argument; kind=0; format=2	EntitySettings\Heroes\Hero_Merlin!Hero_Merlin.entity.ot.EntitySettingsResource.gen@0x8ad92 -> EntitySettings\Heroes\Hero_Merlin!Hero_Merlin.entity.ot.EntitySettingsResource.gen@0x65b73 -> EntitySettings\Character_Common\Character_Common.entity.ot.EntitySettingsResource.gen@0x56f54 -> EntitySettings\Character_Common\Character_Common.entity.ot.EntitySettingsResource.gen@0x123dd -> EntitySettings\Character_Common\Character_Common.entity.ot.EntitySettingsResource.gen@0x32ecd -> EntitySettings\Character_Common\Character_Common.entity.ot.EntitySettingsResource.gen@0x5e0b5 -> EntitySettings\Heroes\Hero_Common!Hero_Common.entity.ot.EntitySettingsResource.gen@0x8fc67 -> EntitySettings\Character_Common\Character_Common.entity.ot.EntitySettingsResource.gen@0x59bde -> EntitySettings\Heroes\Hero_Common!Hero_Common.entity.ot.EntitySettingsResource.gen@0x994b9 -> EntitySettings\Heroes\Hero_Merlin!Hero_Merlin.entity.ot.EntitySettingsResource.gen@0xd5d63	r1448491a	300	decoded-baseline	accepted without reading	
Ultimate 2 / Prep	Base; Second Ability Selected Selector{[State] Hero_Merlin\Ability Primary/Primary Primary\State Ability Primary Primary => 1; [State] Hero_Merlin\Ability Primary/Primary Secondary\State Ability Primary Secondary => 2; [State] Hero_Merlin\Ability Primary/Primary Defense\State Ability Primary Defense => 3; [State] Hero_Merlin\Ability Secondary/Secondary Primary\State Ability Secondary Primary => 1; [State] Hero_Merlin\Ability Secondary/Secondary Secondary\State Ability Secondary Secondary => 2; [State] Hero_Merlin\Ability Secondary/Secondary Defense\State Ability Secondary Defense => 3; [State] Hero_Merlin\Ability Defense/Defense Primary\State Ability Defense Primary => 1; [State] Hero_Merlin\Ability Defense/Defense Secondary\State Ability Defense Secondary => 2; [State] Hero_Merlin\Ability Defense/Defense Defense\State Ability Defense Defense => 3; [State] Hero_Merlin\Ability Ultimate 2/Ultimate 2 Primary\State Ability Ultimate 2 Primary => 1; [State] Hero_Merlin\Ability Ultimate 2/Ultimate 2 Secondary\State Ability Ultimate 2 Secondary => 2; [State] Hero_Merlin\Ability Ultimate 2/Ultimate 2 Defense\State Ability Ultimate 2 Defense => 3; True => 0}=0	Forbidden Spells	Hero_Merlin_Common.LangEN.tsv	Ability_Ultimate_2_Desc	34	cooldown	0	seconds	0.0	Hypothetical formatter baseline: DMG=10; HEALING=10; AP=0; no talents or objects; gameplay level unspecified; resource/form/hold/switch conditions preserved	decoded	Formatter/configuration decoding only; engine-fed operands and runtime branches preserved. 	EntitySettings\Heroes\Hero_Merlin!Hero_Merlin.entity.ot.EntitySettingsResource.gen	Ultimate Power 2 Controller	EntitySettings\Heroes\Hero_Merlin!Hero_Merlin.entity.ot.EntitySettingsResource.gen@0x821a0 -> EntitySettings\Heroes\Hero_Merlin!Hero_Merlin.entity.ot.EntitySettingsResource.gen@0x90d56 -> EntitySettings\Heroes\Hero_Merlin!Hero_Merlin.entity.ot.EntitySettingsResource.gen@0xd18b2 -> EntitySettings\Heroes\Hero_Merlin!Hero_Merlin.entity.ot.EntitySettingsResource.gen@0xd2ff9 -> EntitySettings\Heroes\Hero_Merlin!Hero_Merlin.entity.ot.EntitySettingsResource.gen@0xbfb19 -> EntitySettings\Heroes\Hero_Merlin!Hero_Merlin.entity.ot.EntitySettingsResource.gen@0x26e0d -> EntitySettings\Heroes\Hero_Merlin!Hero_Merlin.entity.ot.EntitySettingsResource.gen@0x2734f -> EntitySettings\Heroes\Hero_Merlin!Hero_Merlin.entity.ot.EntitySettingsResource.gen@0x269bf -> EntitySettings\Heroes\Hero_Merlin!Hero_Merlin.entity.ot.EntitySettingsResource.gen@0x2800f -> EntitySettings\Heroes\Hero_Merlin!Hero_Merlin.entity.ot.EntitySettingsResource.gen@0x2856d -> EntitySettings\Heroes\Hero_Merlin!Hero_Merlin.entity.ot.EntitySettingsResource.gen@0x27ad1 -> EntitySettings\Heroes\Hero_Merlin!Hero_Merlin.entity.ot.EntitySettingsResource.gen@0x25e32 -> EntitySettings\Heroes\Hero_Merlin!Hero_Merlin.entity.ot.EntitySettingsResource.gen@0x262dc -> EntitySettings\Heroes\Hero_Merlin!Hero_Merlin.entity.ot.EntitySettingsResource.gen@0x257a8 -> EntitySettings\Heroes\Hero_Merlin!Hero_Merlin.entity.ot.EntitySettingsResource.gen@0x29725 -> EntitySettings\Heroes\Hero_Merlin!Hero_Merlin.entity.ot.EntitySettingsResource.gen@0x2a125 -> EntitySettings\Heroes\Hero_Merlin!Hero_Merlin.entity.ot.EntitySettingsResource.gen@0x293e5 -> EntitySettings\Heroes\Hero_Merlin!Hero_Merlin.entity.ot.EntitySettingsResource.gen@0xd675a -> EntitySettings\Heroes\Hero_Merlin!Hero_Merlin.entity.ot.EntitySettingsResource.gen@0xd69a6 -> EntitySettings\Heroes\Hero_Merlin!Hero_Merlin.entity.ot.EntitySettingsResource.gen@0xd5e14	r618b4e47	0 / 90 / 90 / 90	decoded	accepted without reading	
Ultimate 2 / Prep	Base; Second Ability Selected Selector{[State] Hero_Merlin\Ability Primary/Primary Primary\State Ability Primary Primary => 1; [State] Hero_Merlin\Ability Primary/Primary Secondary\State Ability Primary Secondary => 2; [State] Hero_Merlin\Ability Primary/Primary Defense\State Ability Primary Defense => 3; [State] Hero_Merlin\Ability Secondary/Secondary Primary\State Ability Secondary Primary => 1; [State] Hero_Merlin\Ability Secondary/Secondary Secondary\State Ability Secondary Secondary => 2; [State] Hero_Merlin\Ability Secondary/Secondary Defense\State Ability Secondary Defense => 3; [State] Hero_Merlin\Ability Defense/Defense Primary\State Ability Defense Primary => 1; [State] Hero_Merlin\Ability Defense/Defense Secondary\State Ability Defense Secondary => 2; [State] Hero_Merlin\Ability Defense/Defense Defense\State Ability Defense Defense => 3; [State] Hero_Merlin\Ability Ultimate 2/Ultimate 2 Primary\State Ability Ultimate 2 Primary => 1; [State] Hero_Merlin\Ability Ultimate 2/Ultimate 2 Secondary\State Ability Ultimate 2 Secondary => 2; [State] Hero_Merlin\Ability Ultimate 2/Ultimate 2 Defense\State Ability Ultimate 2 Defense => 3; True => 0}=1	Forbidden Spells	Hero_Merlin_Common.LangEN.tsv	Ability_Ultimate_2_Desc	34	cooldown	90	seconds	90.0	Hypothetical formatter baseline: DMG=10; HEALING=10; AP=0; no talents or objects; gameplay level unspecified; resource/form/hold/switch conditions preserved	decoded	Formatter/configuration decoding only; engine-fed operands and runtime branches preserved. 	EntitySettings\Heroes\Hero_Merlin!Hero_Merlin.entity.ot.EntitySettingsResource.gen	Ultimate Power 2 Controller	EntitySettings\Heroes\Hero_Merlin!Hero_Merlin.entity.ot.EntitySettingsResource.gen@0x821a0 -> EntitySettings\Heroes\Hero_Merlin!Hero_Merlin.entity.ot.EntitySettingsResource.gen@0x90d56 -> EntitySettings\Heroes\Hero_Merlin!Hero_Merlin.entity.ot.EntitySettingsResource.gen@0xd18b2 -> EntitySettings\Heroes\Hero_Merlin!Hero_Merlin.entity.ot.EntitySettingsResource.gen@0xd2ff9 -> EntitySettings\Heroes\Hero_Merlin!Hero_Merlin.entity.ot.EntitySettingsResource.gen@0xbfb19 -> EntitySettings\Heroes\Hero_Merlin!Hero_Merlin.entity.ot.EntitySettingsResource.gen@0x26e0d -> EntitySettings\Heroes\Hero_Merlin!Hero_Merlin.entity.ot.EntitySettingsResource.gen@0x2734f -> EntitySettings\Heroes\Hero_Merlin!Hero_Merlin.entity.ot.EntitySettingsResource.gen@0x269bf -> EntitySettings\Heroes\Hero_Merlin!Hero_Merlin.entity.ot.EntitySettingsResource.gen@0x2800f -> EntitySettings\Heroes\Hero_Merlin!Hero_Merlin.entity.ot.EntitySettingsResource.gen@0x2856d -> EntitySettings\Heroes\Hero_Merlin!Hero_Merlin.entity.ot.EntitySettingsResource.gen@0x27ad1 -> EntitySettings\Heroes\Hero_Merlin!Hero_Merlin.entity.ot.EntitySettingsResource.gen@0x25e32 -> EntitySettings\Heroes\Hero_Merlin!Hero_Merlin.entity.ot.EntitySettingsResource.gen@0x262dc -> EntitySettings\Heroes\Hero_Merlin!Hero_Merlin.entity.ot.EntitySettingsResource.gen@0x257a8 -> EntitySettings\Heroes\Hero_Merlin!Hero_Merlin.entity.ot.EntitySettingsResource.gen@0x29725 -> EntitySettings\Heroes\Hero_Merlin!Hero_Merlin.entity.ot.EntitySettingsResource.gen@0x2a125 -> EntitySettings\Heroes\Hero_Merlin!Hero_Merlin.entity.ot.EntitySettingsResource.gen@0x293e5 -> EntitySettings\Heroes\Hero_Merlin!Hero_Merlin.entity.ot.EntitySettingsResource.gen@0xd675a -> EntitySettings\Heroes\Hero_Merlin!Hero_Merlin.entity.ot.EntitySettingsResource.gen@0xd69a6 -> EntitySettings\Heroes\Hero_Merlin!Hero_Merlin.entity.ot.EntitySettingsResource.gen@0xd5e14	r618b4e47	0 / 90 / 90 / 90	decoded	accepted without reading	
Ultimate 2 / Prep	Base; Second Ability Selected Selector{[State] Hero_Merlin\Ability Primary/Primary Primary\State Ability Primary Primary => 1; [State] Hero_Merlin\Ability Primary/Primary Secondary\State Ability Primary Secondary => 2; [State] Hero_Merlin\Ability Primary/Primary Defense\State Ability Primary Defense => 3; [State] Hero_Merlin\Ability Secondary/Secondary Primary\State Ability Secondary Primary => 1; [State] Hero_Merlin\Ability Secondary/Secondary Secondary\State Ability Secondary Secondary => 2; [State] Hero_Merlin\Ability Secondary/Secondary Defense\State Ability Secondary Defense => 3; [State] Hero_Merlin\Ability Defense/Defense Primary\State Ability Defense Primary => 1; [State] Hero_Merlin\Ability Defense/Defense Secondary\State Ability Defense Secondary => 2; [State] Hero_Merlin\Ability Defense/Defense Defense\State Ability Defense Defense => 3; [State] Hero_Merlin\Ability Ultimate 2/Ultimate 2 Primary\State Ability Ultimate 2 Primary => 1; [State] Hero_Merlin\Ability Ultimate 2/Ultimate 2 Secondary\State Ability Ultimate 2 Secondary => 2; [State] Hero_Merlin\Ability Ultimate 2/Ultimate 2 Defense\State Ability Ultimate 2 Defense => 3; True => 0}=2	Forbidden Spells	Hero_Merlin_Common.LangEN.tsv	Ability_Ultimate_2_Desc	34	cooldown	90	seconds	90.0	Hypothetical formatter baseline: DMG=10; HEALING=10; AP=0; no talents or objects; gameplay level unspecified; resource/form/hold/switch conditions preserved	decoded	Formatter/configuration decoding only; engine-fed operands and runtime branches preserved. 	EntitySettings\Heroes\Hero_Merlin!Hero_Merlin.entity.ot.EntitySettingsResource.gen	Ultimate Power 2 Controller	EntitySettings\Heroes\Hero_Merlin!Hero_Merlin.entity.ot.EntitySettingsResource.gen@0x821a0 -> EntitySettings\Heroes\Hero_Merlin!Hero_Merlin.entity.ot.EntitySettingsResource.gen@0x90d56 -> EntitySettings\Heroes\Hero_Merlin!Hero_Merlin.entity.ot.EntitySettingsResource.gen@0xd18b2 -> EntitySettings\Heroes\Hero_Merlin!Hero_Merlin.entity.ot.EntitySettingsResource.gen@0xd2ff9 -> EntitySettings\Heroes\Hero_Merlin!Hero_Merlin.entity.ot.EntitySettingsResource.gen@0xbfb19 -> EntitySettings\Heroes\Hero_Merlin!Hero_Merlin.entity.ot.EntitySettingsResource.gen@0x26e0d -> EntitySettings\Heroes\Hero_Merlin!Hero_Merlin.entity.ot.EntitySettingsResource.gen@0x2734f -> EntitySettings\Heroes\Hero_Merlin!Hero_Merlin.entity.ot.EntitySettingsResource.gen@0x269bf -> EntitySettings\Heroes\Hero_Merlin!Hero_Merlin.entity.ot.EntitySettingsResource.gen@0x2800f -> EntitySettings\Heroes\Hero_Merlin!Hero_Merlin.entity.ot.EntitySettingsResource.gen@0x2856d -> EntitySettings\Heroes\Hero_Merlin!Hero_Merlin.entity.ot.EntitySettingsResource.gen@0x27ad1 -> EntitySettings\Heroes\Hero_Merlin!Hero_Merlin.entity.ot.EntitySettingsResource.gen@0x25e32 -> EntitySettings\Heroes\Hero_Merlin!Hero_Merlin.entity.ot.EntitySettingsResource.gen@0x262dc -> EntitySettings\Heroes\Hero_Merlin!Hero_Merlin.entity.ot.EntitySettingsResource.gen@0x257a8 -> EntitySettings\Heroes\Hero_Merlin!Hero_Merlin.entity.ot.EntitySettingsResource.gen@0x29725 -> EntitySettings\Heroes\Hero_Merlin!Hero_Merlin.entity.ot.EntitySettingsResource.gen@0x2a125 -> EntitySettings\Heroes\Hero_Merlin!Hero_Merlin.entity.ot.EntitySettingsResource.gen@0x293e5 -> EntitySettings\Heroes\Hero_Merlin!Hero_Merlin.entity.ot.EntitySettingsResource.gen@0xd675a -> EntitySettings\Heroes\Hero_Merlin!Hero_Merlin.entity.ot.EntitySettingsResource.gen@0xd69a6 -> EntitySettings\Heroes\Hero_Merlin!Hero_Merlin.entity.ot.EntitySettingsResource.gen@0xd5e14	r618b4e47	0 / 90 / 90 / 90	decoded	accepted without reading	
Ultimate 2 / Prep	Base; Second Ability Selected Selector{[State] Hero_Merlin\Ability Primary/Primary Primary\State Ability Primary Primary => 1; [State] Hero_Merlin\Ability Primary/Primary Secondary\State Ability Primary Secondary => 2; [State] Hero_Merlin\Ability Primary/Primary Defense\State Ability Primary Defense => 3; [State] Hero_Merlin\Ability Secondary/Secondary Primary\State Ability Secondary Primary => 1; [State] Hero_Merlin\Ability Secondary/Secondary Secondary\State Ability Secondary Secondary => 2; [State] Hero_Merlin\Ability Secondary/Secondary Defense\State Ability Secondary Defense => 3; [State] Hero_Merlin\Ability Defense/Defense Primary\State Ability Defense Primary => 1; [State] Hero_Merlin\Ability Defense/Defense Secondary\State Ability Defense Secondary => 2; [State] Hero_Merlin\Ability Defense/Defense Defense\State Ability Defense Defense => 3; [State] Hero_Merlin\Ability Ultimate 2/Ultimate 2 Primary\State Ability Ultimate 2 Primary => 1; [State] Hero_Merlin\Ability Ultimate 2/Ultimate 2 Secondary\State Ability Ultimate 2 Secondary => 2; [State] Hero_Merlin\Ability Ultimate 2/Ultimate 2 Defense\State Ability Ultimate 2 Defense => 3; True => 0}=3	Forbidden Spells	Hero_Merlin_Common.LangEN.tsv	Ability_Ultimate_2_Desc	34	cooldown	90	seconds	90.0	Hypothetical formatter baseline: DMG=10; HEALING=10; AP=0; no talents or objects; gameplay level unspecified; resource/form/hold/switch conditions preserved	decoded	Formatter/configuration decoding only; engine-fed operands and runtime branches preserved. 	EntitySettings\Heroes\Hero_Merlin!Hero_Merlin.entity.ot.EntitySettingsResource.gen	Ultimate Power 2 Controller	EntitySettings\Heroes\Hero_Merlin!Hero_Merlin.entity.ot.EntitySettingsResource.gen@0x821a0 -> EntitySettings\Heroes\Hero_Merlin!Hero_Merlin.entity.ot.EntitySettingsResource.gen@0x90d56 -> EntitySettings\Heroes\Hero_Merlin!Hero_Merlin.entity.ot.EntitySettingsResource.gen@0xd18b2 -> EntitySettings\Heroes\Hero_Merlin!Hero_Merlin.entity.ot.EntitySettingsResource.gen@0xd2ff9 -> EntitySettings\Heroes\Hero_Merlin!Hero_Merlin.entity.ot.EntitySettingsResource.gen@0xbfb19 -> EntitySettings\Heroes\Hero_Merlin!Hero_Merlin.entity.ot.EntitySettingsResource.gen@0x26e0d -> EntitySettings\Heroes\Hero_Merlin!Hero_Merlin.entity.ot.EntitySettingsResource.gen@0x2734f -> EntitySettings\Heroes\Hero_Merlin!Hero_Merlin.entity.ot.EntitySettingsResource.gen@0x269bf -> EntitySettings\Heroes\Hero_Merlin!Hero_Merlin.entity.ot.EntitySettingsResource.gen@0x2800f -> EntitySettings\Heroes\Hero_Merlin!Hero_Merlin.entity.ot.EntitySettingsResource.gen@0x2856d -> EntitySettings\Heroes\Hero_Merlin!Hero_Merlin.entity.ot.EntitySettingsResource.gen@0x27ad1 -> EntitySettings\Heroes\Hero_Merlin!Hero_Merlin.entity.ot.EntitySettingsResource.gen@0x25e32 -> EntitySettings\Heroes\Hero_Merlin!Hero_Merlin.entity.ot.EntitySettingsResource.gen@0x262dc -> EntitySettings\Heroes\Hero_Merlin!Hero_Merlin.entity.ot.EntitySettingsResource.gen@0x257a8 -> EntitySettings\Heroes\Hero_Merlin!Hero_Merlin.entity.ot.EntitySettingsResource.gen@0x29725 -> EntitySettings\Heroes\Hero_Merlin!Hero_Merlin.entity.ot.EntitySettingsResource.gen@0x2a125 -> EntitySettings\Heroes\Hero_Merlin!Hero_Merlin.entity.ot.EntitySettingsResource.gen@0x293e5 -> EntitySettings\Heroes\Hero_Merlin!Hero_Merlin.entity.ot.EntitySettingsResource.gen@0xd675a -> EntitySettings\Heroes\Hero_Merlin!Hero_Merlin.entity.ot.EntitySettingsResource.gen@0xd69a6 -> EntitySettings\Heroes\Hero_Merlin!Hero_Merlin.entity.ot.EntitySettingsResource.gen@0xd5e14	r618b4e47	0 / 90 / 90 / 90	decoded	accepted without reading	
Power / Forbidden	Base	Cataclysm	Hero_Merlin_Common.LangEN.tsv	Ability_Ultimate_2_Power_Desc	37	meteorite_damage	500	damage	(Level Damage Selector{[State] Character_Common\Bhv Preview\Behaviour Preview => DMG; True => DMG} * (1.0 + AP + NO_TALENT_OBJECT_MODIFIER(Ultimate AP Modifier Listener)) * 50.0)	Hypothetical formatter baseline: DMG=10; HEALING=10; AP=0; no talents or objects; gameplay level unspecified; resource/form/hold/switch conditions preserved	decoded-baseline	Formatter/configuration decoding only; engine-fed operands and runtime branches preserved. 	EntitySettings\Heroes\Hero_Merlin!Hero_Merlin.entity.ot.EntitySettingsResource.gen; EntitySettings\Character_Common\Character_Common.entity.ot.EntitySettingsResource.gen; EntitySettings\Heroes\Hero_Common!Hero_Common.entity.ot.EntitySettingsResource.gen	formatter argument; kind=0; format=2	EntitySettings\Heroes\Hero_Merlin!Hero_Merlin.entity.ot.EntitySettingsResource.gen@0x8a8f4 -> EntitySettings\Heroes\Hero_Merlin!Hero_Merlin.entity.ot.EntitySettingsResource.gen@0x6622b -> EntitySettings\Character_Common\Character_Common.entity.ot.EntitySettingsResource.gen@0x56f54 -> EntitySettings\Character_Common\Character_Common.entity.ot.EntitySettingsResource.gen@0x123dd -> EntitySettings\Character_Common\Character_Common.entity.ot.EntitySettingsResource.gen@0x32ecd -> EntitySettings\Character_Common\Character_Common.entity.ot.EntitySettingsResource.gen@0x5e0b5 -> EntitySettings\Heroes\Hero_Common!Hero_Common.entity.ot.EntitySettingsResource.gen@0x8fc67 -> EntitySettings\Character_Common\Character_Common.entity.ot.EntitySettingsResource.gen@0x59bde -> EntitySettings\Heroes\Hero_Common!Hero_Common.entity.ot.EntitySettingsResource.gen@0x994b9 -> EntitySettings\Heroes\Hero_Merlin!Hero_Merlin.entity.ot.EntitySettingsResource.gen@0xd681d	r276953e7	500	decoded-baseline	accepted without reading	
Special / Forbidden	Base	Unholy Strikes	Hero_Merlin_Common.LangEN.tsv	Ability_Ultimate_2_Special_Desc	39	empowered_attacks_count		attacks	unresolved(Multiple distinct formatter bindings for same canonical key; owning selector not proven)	Hypothetical formatter baseline: DMG=10; HEALING=10; AP=0; no talents or objects; gameplay level unspecified; resource/form/hold/switch conditions preserved	unresolved	Formatter/configuration decoding only; engine-fed operands and runtime branches preserved.  Blocked: Multiple distinct formatter bindings for same canonical key; owning selector not proven; Runtime selector predicate [State] Character_Common\Bhv Preview\Behaviour Preview.0xfd2833c is not established by serialized flag initialization; Property access needs engine semantics; no fallback substitution (Behaviour Preview.0xfd2833c); Runtime counter Ultimate 2 Secondary Counter.0x1163b1e9 requires explicit resource condition	EntitySettings\Heroes\Hero_Merlin!Hero_Merlin.entity.ot.EntitySettingsResource.gen; EntitySettings\Character_Common\Character_Common.entity.ot.EntitySettingsResource.gen; EntitySettings\Heroes\Hero_Common!Hero_Common.entity.ot.EntitySettingsResource.gen	formatter argument; kind=3452816641; format=0	EntitySettings\Heroes\Hero_Merlin!Hero_Merlin.entity.ot.EntitySettingsResource.gen@0x8aadf -> EntitySettings\Heroes\Hero_Merlin!Hero_Merlin.entity.ot.EntitySettingsResource.gen@0xd6c01 -> EntitySettings\Heroes\Hero_Merlin!Hero_Merlin.entity.ot.EntitySettingsResource.gen@0x667e7 -> EntitySettings\Character_Common\Character_Common.entity.ot.EntitySettingsResource.gen@0x56f54 -> EntitySettings\Character_Common\Character_Common.entity.ot.EntitySettingsResource.gen@0x123dd -> EntitySettings\Character_Common\Character_Common.entity.ot.EntitySettingsResource.gen@0x32ecd -> EntitySettings\Character_Common\Character_Common.entity.ot.EntitySettingsResource.gen@0x5e0b5 -> EntitySettings\Heroes\Hero_Common!Hero_Common.entity.ot.EntitySettingsResource.gen@0x8fc67 -> EntitySettings\Character_Common\Character_Common.entity.ot.EntitySettingsResource.gen@0x59bde -> EntitySettings\Heroes\Hero_Common!Hero_Common.entity.ot.EntitySettingsResource.gen@0x994b9 -> EntitySettings\Heroes\Hero_Merlin!Hero_Merlin.entity.ot.EntitySettingsResource.gen@0xd6a6d -> EntitySettings\Heroes\Hero_Merlin!Hero_Merlin.entity.ot.EntitySettingsResource.gen@0x82b8a -> EntitySettings\Heroes\Hero_Merlin!Hero_Merlin.entity.ot.EntitySettingsResource.gen@0x66e91 -> EntitySettings\Heroes\Hero_Merlin!Hero_Merlin.entity.ot.EntitySettingsResource.gen@0x10232	r7bdd5343	6	fill pass (decoded-baseline)	accepted without reading	
Special / Forbidden	Base	Unholy Strikes	Hero_Merlin_Common.LangEN.tsv	Ability_Ultimate_2_Special_Desc	39	projectile_damage	60	damage	(Level Damage Selector{[State] Character_Common\Bhv Preview\Behaviour Preview => DMG; True => DMG} * (1.0 + AP + NO_TALENT_OBJECT_MODIFIER(Ultimate AP Modifier Listener)) * 6.0)	Hypothetical formatter baseline: DMG=10; HEALING=10; AP=0; no talents or objects; gameplay level unspecified; resource/form/hold/switch conditions preserved	decoded-baseline	Formatter/configuration decoding only; engine-fed operands and runtime branches preserved. 	EntitySettings\Heroes\Hero_Merlin!Hero_Merlin.entity.ot.EntitySettingsResource.gen; EntitySettings\Character_Common\Character_Common.entity.ot.EntitySettingsResource.gen; EntitySettings\Heroes\Hero_Common!Hero_Common.entity.ot.EntitySettingsResource.gen	formatter argument; kind=1123800576; format=2	EntitySettings\Heroes\Hero_Merlin!Hero_Merlin.entity.ot.EntitySettingsResource.gen@0x8aadf -> EntitySettings\Heroes\Hero_Merlin!Hero_Merlin.entity.ot.EntitySettingsResource.gen@0x667e7 -> EntitySettings\Character_Common\Character_Common.entity.ot.EntitySettingsResource.gen@0x56f54 -> EntitySettings\Character_Common\Character_Common.entity.ot.EntitySettingsResource.gen@0x123dd -> EntitySettings\Character_Common\Character_Common.entity.ot.EntitySettingsResource.gen@0x32ecd -> EntitySettings\Character_Common\Character_Common.entity.ot.EntitySettingsResource.gen@0x5e0b5 -> EntitySettings\Heroes\Hero_Common!Hero_Common.entity.ot.EntitySettingsResource.gen@0x8fc67 -> EntitySettings\Character_Common\Character_Common.entity.ot.EntitySettingsResource.gen@0x59bde -> EntitySettings\Heroes\Hero_Common!Hero_Common.entity.ot.EntitySettingsResource.gen@0x994b9 -> EntitySettings\Heroes\Hero_Merlin!Hero_Merlin.entity.ot.EntitySettingsResource.gen@0xd6a6d	rb0c80a5c	60	decoded-baseline	accepted without reading	
Defense / Forbidden	Base	Blood Ritual	Hero_Merlin_Common.LangEN.tsv	Ability_Ultimate_2_Defense_Desc	41	health_sacrifice_pct	25	percent	100 * (0.25)	Hypothetical formatter baseline: DMG=10; HEALING=10; AP=0; no talents or objects; gameplay level unspecified; resource/form/hold/switch conditions preserved	decoded	Formatter/configuration decoding only; engine-fed operands and runtime branches preserved. 	EntitySettings\Heroes\Hero_Merlin!Hero_Merlin.entity.ot.EntitySettingsResource.gen	formatter argument; kind=0; format=1	EntitySettings\Heroes\Hero_Merlin!Hero_Merlin.entity.ot.EntitySettingsResource.gen@0x8a5a9 -> EntitySettings\Heroes\Hero_Merlin!Hero_Merlin.entity.ot.EntitySettingsResource.gen@0xd6515	r6fb2c14e	25	decoded	accepted without reading	
Defense / Forbidden	Base	Blood Ritual	Hero_Merlin_Common.LangEN.tsv	Ability_Ultimate_2_Defense_Desc	41	ally_heal_pct	200	percent	100 * (2.0)	Hypothetical formatter baseline: DMG=10; HEALING=10; AP=0; no talents or objects; gameplay level unspecified; resource/form/hold/switch conditions preserved	decoded	Formatter/configuration decoding only; engine-fed operands and runtime branches preserved. 	EntitySettings\Heroes\Hero_Merlin!Hero_Merlin.entity.ot.EntitySettingsResource.gen	formatter argument; kind=0; format=1	EntitySettings\Heroes\Hero_Merlin!Hero_Merlin.entity.ot.EntitySettingsResource.gen@0x8a5a9 -> EntitySettings\Heroes\Hero_Merlin!Hero_Merlin.entity.ot.EntitySettingsResource.gen@0xd63a1	r76fc5b07	200	decoded	accepted without reading	
Defense / Forbidden	Base	Blood Ritual	Hero_Merlin_Common.LangEN.tsv	Ability_Ultimate_2_Defense_Desc	41	enemy_damage_multiplier	10	multiplier	10.0	Hypothetical formatter baseline: DMG=10; HEALING=10; AP=0; no talents or objects; gameplay level unspecified; resource/form/hold/switch conditions preserved	decoded	Formatter/configuration decoding only; engine-fed operands and runtime branches preserved. 	EntitySettings\Heroes\Hero_Merlin!Hero_Merlin.entity.ot.EntitySettingsResource.gen	formatter argument; kind=0; format=2	EntitySettings\Heroes\Hero_Merlin!Hero_Merlin.entity.ot.EntitySettingsResource.gen@0x8a5a9 -> EntitySettings\Heroes\Hero_Merlin!Hero_Merlin.entity.ot.EntitySettingsResource.gen@0xd5f91	r880f9192	10	decoded	accepted without reading	
Trait	Base	Celestial Potency	Hero_Merlin_Common.LangEN.tsv	Ability_Trait_Desc	3	tooltip_binding_coverage	• #Passive:@ {0} can conjure runes of \POTENCY§ (up to #{1}@) that are consumed by his next Spell to enhance its effects\n• #Active:@ {0} briefly turns #INTANGIBLE@ and instantly conjures the maximum amount of runes of \POTENCY§	text	Static canonical text	Hypothetical formatter baseline: DMG=10; HEALING=10; AP=0; no talents or objects; gameplay level unspecified; resource/form/hold/switch conditions preserved	static-text	Canonical tooltip text; no numeric engine evaluation claimed	EntitySettings/Heroes/Hero_Merlin!Hero_Merlin.entity.ot.EntitySettingsResource.gen	Celestial Potency Counter	Hero_Merlin -> Trait -> Potency Counter					
Attack	Base	Magic Strikes	Hero_Merlin_Common.LangEN.tsv	Ability_Attack_Desc	5	tooltip_binding_coverage	• Chains a series of magic strikes, dealing a total of &{0}~ damage\n• The final attack conjures a rune of \POTENCY§ provided it hits at least one enemy	text	Static canonical text	Hypothetical formatter baseline: DMG=10; HEALING=10; AP=0; no talents or objects; gameplay level unspecified; resource/form/hold/switch conditions preserved	static-text	Canonical tooltip text; no numeric engine evaluation claimed	EntitySettings/Heroes/Hero_Merlin!Hero_Merlin.entity.ot.EntitySettingsResource.gen	Basic Attack Scalable Damage	Hero_Merlin -> Basic Attack -> Damage Operations					
Power / Prep	Base	Nature Spells	Hero_Merlin_Common.LangEN.tsv	Ability_Power_Desc	7	tooltip_binding_coverage	• Prepares a #Nature Spell@, to be cast as the next Ability used:\n• #POWER:@ {0}\n• #SPECIAL:@ {1}\n• #DEFENSE:@ {2}\n• Using #CONTEXTUAL ACTION@ will cancel this preparation action	text	Static canonical text	Hypothetical formatter baseline: DMG=10; HEALING=10; AP=0; no talents or objects; gameplay level unspecified; resource/form/hold/switch conditions preserved	static-text	Canonical tooltip text; no numeric engine evaluation claimed	EntitySettings/Heroes/Hero_Merlin!Hero_Merlin.entity.ot.EntitySettingsResource.gen	Primary Prep Format	Hero_Merlin -> Primary Ability -> Spell Mapping					
Power / Nature	Base	Giant Brambles	Hero_Merlin_Common.LangEN.tsv	Ability_Power_Power_Desc	9	tooltip_binding_coverage	• Causes two giant brambles to grow and hit one another, dealing \{0}§ damage	text	Static canonical text	Hypothetical formatter baseline: DMG=10; HEALING=10; AP=0; no talents or objects; gameplay level unspecified; resource/form/hold/switch conditions preserved	static-text	Canonical tooltip text; no numeric engine evaluation claimed	EntitySettings/Heroes/Hero_Merlin!Hero_Merlin.entity.ot.EntitySettingsResource.gen	Primary Primary Scalable Damage Operations	Hero_Merlin -> Giant Brambles -> Damage Operations					
Special / Nature	Base	Starfall	Hero_Merlin_Common.LangEN.tsv	Ability_Power_Special_Desc	11	tooltip_binding_coverage	• Causes stars to fall from the sky on up to \{0}§ nearby enemies, with each one dealing \{1}§ damage	text	Static canonical text	Hypothetical formatter baseline: DMG=10; HEALING=10; AP=0; no talents or objects; gameplay level unspecified; resource/form/hold/switch conditions preserved	static-text	Canonical tooltip text; no numeric engine evaluation claimed	EntitySettings/Heroes/Hero_Merlin!Hero_Merlin.entity.ot.EntitySettingsResource.gen	Starfall Targets Switch Selector	Hero_Merlin -> Starfall -> Targets Selector					
Defense / Nature	Base	Stone Shield	Hero_Merlin_Common.LangEN.tsv	Ability_Power_Defense_Desc	13	tooltip_binding_coverage	• {0} surrounds himself with stones to #BLOCK@ any incoming damage\n• Stones deal \{1}§ damage per second then explode after a short duration, dealing \{2}§ damage all around	text	Static canonical text	Hypothetical formatter baseline: DMG=10; HEALING=10; AP=0; no talents or objects; gameplay level unspecified; resource/form/hold/switch conditions preserved	static-text	Canonical tooltip text; no numeric engine evaluation claimed	EntitySettings/Heroes/Hero_Merlin!Hero_Merlin.entity.ot.EntitySettingsResource.gen	Stone Shield Fuse Timer	Hero_Merlin -> Stone Shield -> Fuse Timer					
Special / Prep	Base	Arcane Spells	Hero_Merlin_Common.LangEN.tsv	Ability_Special_Desc	15	tooltip_binding_coverage	• Prepares an #Arcane Spell@, to be cast as the next Ability used:\n• #POWER:@ {0}\n• #SPECIAL:@ {1}\n• #DEFENSE:@ {2}\n• Using #CONTEXTUAL ACTION@ will cancel this preparation action	text	Static canonical text	Hypothetical formatter baseline: DMG=10; HEALING=10; AP=0; no talents or objects; gameplay level unspecified; resource/form/hold/switch conditions preserved	static-text	Canonical tooltip text; no numeric engine evaluation claimed	EntitySettings/Heroes/Hero_Merlin!Hero_Merlin.entity.ot.EntitySettingsResource.gen	Secondary Ability Controller	Hero_Merlin -> Secondary Ability Controller -> Cooldown					
Power / Arcane	Base	Fork of Lightning	Hero_Merlin_Common.LangEN.tsv	Ability_Special_Power_Desc	17	tooltip_binding_coverage	• Channels a lightning attack for up to #{0}@ seconds, dealing \{1}§ damage per second to all enemies passed through	text	Static canonical text	Hypothetical formatter baseline: DMG=10; HEALING=10; AP=0; no talents or objects; gameplay level unspecified; resource/form/hold/switch conditions preserved	static-text	Canonical tooltip text; no numeric engine evaluation claimed	EntitySettings/Heroes/Hero_Merlin!Hero_Merlin.entity.ot.EntitySettingsResource.gen	Fork of Lightning Channel Timer	Hero_Merlin -> Fork of Lightning -> Channel Timer					
Special / Arcane	Base	Fireball	Hero_Merlin_Common.LangEN.tsv	Ability_Special_Special_Desc	19	tooltip_binding_coverage	• Launches a fireball that explodes on contact or after a small delay, dealing \{0}§ area damage each and applying #IGNITE@ to enemies hit\n• Damage increases based on distance traveled, up to a maximum of \+{1}%§	text	Static canonical text	Hypothetical formatter baseline: DMG=10; HEALING=10; AP=0; no talents or objects; gameplay level unspecified; resource/form/hold/switch conditions preserved	static-text	Canonical tooltip text; no numeric engine evaluation claimed	EntitySettings/Heroes/Hero_Merlin!Hero_Merlin.entity.ot.EntitySettingsResource.gen	Fireball Base Scalable Damage	Hero_Merlin -> Fireball -> Damage Operations					
Defense / Arcane	Base	Frost Orb	Hero_Merlin_Common.LangEN.tsv	Ability_Special_Defense_Desc	21	tooltip_binding_coverage	• Sends out a Frost Orb that tracks nearby enemies for \{0}§ seconds\n• The orb deals \{1}§ damage every #{2}@ seconds and applies #CHILLED@ to enemies hit	text	Static canonical text	Hypothetical formatter baseline: DMG=10; HEALING=10; AP=0; no talents or objects; gameplay level unspecified; resource/form/hold/switch conditions preserved	static-text	Canonical tooltip text; no numeric engine evaluation claimed	EntitySettings/Heroes/Hero_Merlin!Hero_Merlin.entity.ot.EntitySettingsResource.gen	Frost Orb Lifetime Timer	Hero_Merlin -> Frost Orb -> Lifetime Timer					
Defense / Prep	Base	Sacred Spells	Hero_Merlin_Common.LangEN.tsv	Ability_Defense_Desc	23	tooltip_binding_coverage	• Prepares a #Sacred Spell@, to be cast as the next Ability used:\n• #POWER:@ {0}\n• #SPECIAL:@ {1}\n• #DEFENSE:@ {2}\n• Using #CONTEXTUAL ACTION@ will cancel this preparation action	text	Static canonical text	Hypothetical formatter baseline: DMG=10; HEALING=10; AP=0; no talents or objects; gameplay level unspecified; resource/form/hold/switch conditions preserved	static-text	Canonical tooltip text; no numeric engine evaluation claimed	EntitySettings/Heroes/Hero_Merlin!Hero_Merlin.entity.ot.EntitySettingsResource.gen	Defensive Prep Format	Hero_Merlin -> Defense -> Spell Mapping					
Power / Sacred	Base	Blessing	Hero_Merlin_Common.LangEN.tsv	Ability_Defense_Power_Desc	25	tooltip_binding_coverage	• Grants #REGENERATION@ \+{0}§ to the most heavily wounded nearby Hero	text	Static canonical text	Hypothetical formatter baseline: DMG=10; HEALING=10; AP=0; no talents or objects; gameplay level unspecified; resource/form/hold/switch conditions preserved	static-text	Canonical tooltip text; no numeric engine evaluation claimed	EntitySettings/Heroes/Hero_Merlin!Hero_Merlin.entity.ot.EntitySettingsResource.gen	Blessing Regeneration Operation	Hero_Merlin -> Blessing -> Regen Operation					
Special / Sacred	Base	Light Nova	Hero_Merlin_Common.LangEN.tsv	Ability_Defense_Special_Desc	27	tooltip_binding_coverage	• Unleashes a burst of light, stunning enemies or inflicting \{0}§ points of stagger to them\n• If the burst hits at least one enemy, it also applies a \{1}§ #SHIELD@ to all nearby Heroes for #{2}@ seconds	text	Static canonical text	Hypothetical formatter baseline: DMG=10; HEALING=10; AP=0; no talents or objects; gameplay level unspecified; resource/form/hold/switch conditions preserved	static-text	Canonical tooltip text; no numeric engine evaluation claimed	EntitySettings/Heroes/Hero_Merlin!Hero_Merlin.entity.ot.EntitySettingsResource.gen	Light Nova Stagger Switch Selector	Hero_Merlin -> Light Nova -> Stagger Selector					
Defense / Sacred	Base	Blink	Hero_Merlin_Common.LangEN.tsv	Ability_Defense_Defense_Desc	29	tooltip_binding_coverage	• {0} turns #INTANGIBLE@ and quickly teleports forward at a medium range\n• Does not consume runes of \POTENCY§	text	Static canonical text	Hypothetical formatter baseline: DMG=10; HEALING=10; AP=0; no talents or objects; gameplay level unspecified; resource/form/hold/switch conditions preserved	static-text	Canonical tooltip text; no numeric engine evaluation claimed	EntitySettings/Heroes/Hero_Merlin!Hero_Merlin.entity.ot.EntitySettingsResource.gen	Blink Intangible Timer	Hero_Merlin -> Blink -> Intangible Timer					
Ultimate 1	Base	Standing Stone	Hero_Merlin_Common.LangEN.tsv	Ability_Ultimate_1_Desc	31	tooltip_binding_coverage	• Pulls a standing stone out of the ground, drawing the attention of enemies\n• The stone passively loses health and explodes when this reaches zero, dealing &{0}~ area damage	text	Static canonical text	Hypothetical formatter baseline: DMG=10; HEALING=10; AP=0; no talents or objects; gameplay level unspecified; resource/form/hold/switch conditions preserved	static-text	Canonical tooltip text; no numeric engine evaluation claimed	EntitySettings/Heroes/Hero_Merlin!Hero_Merlin.entity.ot.EntitySettingsResource.gen	Ultimate Power 1 Controller	Hero_Merlin -> Ultimate Power 1 Controller -> Cooldown					
Ultimate 2 / Prep	Base	Forbidden Spells	Hero_Merlin_Common.LangEN.tsv	Ability_Ultimate_2_Desc	34	tooltip_binding_coverage	• Prepares a #Forbidden Spell@, to be cast as the next Ability used:\n• #POWER:@ {0}\n• #SPECIAL:@ {1}\n• #DEFENSE:@ {2}\n• Using #CONTEXTUAL ACTION@ will cancel this preparation action	text	Static canonical text	Hypothetical formatter baseline: DMG=10; HEALING=10; AP=0; no talents or objects; gameplay level unspecified; resource/form/hold/switch conditions preserved	static-text	Canonical tooltip text; no numeric engine evaluation claimed	EntitySettings/Heroes/Hero_Merlin!Hero_Merlin.entity.ot.EntitySettingsResource.gen	Ultimate Power 2 Controller	Hero_Merlin -> Ultimate Power 2 Controller -> Cooldown					
Power / Forbidden	Base	Cataclysm	Hero_Merlin_Common.LangEN.tsv	Ability_Ultimate_2_Power_Desc	37	tooltip_binding_coverage	• Summons a meteorite from the sky, the impact area of which can be moved around for a short time before it hits\n• The meteorite then strikes the targeted location, dealing &{0}~ damage in a large area surrounding it	text	Static canonical text	Hypothetical formatter baseline: DMG=10; HEALING=10; AP=0; no talents or objects; gameplay level unspecified; resource/form/hold/switch conditions preserved	static-text	Canonical tooltip text; no numeric engine evaluation claimed	EntitySettings/Heroes/Hero_Merlin!Hero_Merlin.entity.ot.EntitySettingsResource.gen	Cataclysm Scalable Damage Operations	Hero_Merlin -> Cataclysm -> Damage Operations					
Special / Forbidden	Base	Unholy Strikes	Hero_Merlin_Common.LangEN.tsv	Ability_Ultimate_2_Special_Desc	39	tooltip_binding_coverage	• The next #{0}@ #ATTACKS@ send out a corrupted projectile, piercing through enemies and dealing &{1}~ damage\n• Each one that hits at least one enemy conjures a rune of \POTENCY§	text	Static canonical text	Hypothetical formatter baseline: DMG=10; HEALING=10; AP=0; no talents or objects; gameplay level unspecified; resource/form/hold/switch conditions preserved	static-text	Canonical tooltip text; no numeric engine evaluation claimed	EntitySettings/Heroes/Hero_Merlin!Hero_Merlin.entity.ot.EntitySettingsResource.gen	Unholy Strikes Attacks Counter	Hero_Merlin -> Unholy Strikes -> Attacks Counter					
Defense / Forbidden	Base	Blood Ritual	Hero_Merlin_Common.LangEN.tsv	Ability_Ultimate_2_Defense_Desc	41	tooltip_binding_coverage	• Sacrifices health equivalent to ${0}%* of maximum health, resulting in other nearby Heroes being revived and healed for #{1}%@ of the amount of health lost\n• Nearby enemies take damage equivalent to #{2}@ times the amount of health lost	text	Static canonical text	Hypothetical formatter baseline: DMG=10; HEALING=10; AP=0; no talents or objects; gameplay level unspecified; resource/form/hold/switch conditions preserved	static-text	Canonical tooltip text; no numeric engine evaluation claimed	EntitySettings/Heroes/Hero_Merlin!Hero_Merlin.entity.ot.EntitySettingsResource.gen	Blood Ritual HP Sacrificed Value	Hero_Merlin -> Blood Ritual -> HP Sacrifice					
Dash	Base	Dash	Common.LangEN.tsv	Ability_Dash_Desc	21	resource_cost		resource	unresolved(Required checklist field has no established owning runtime property/code path)	Hypothetical formatter baseline: DMG=10; HEALING=10; AP=0; no talents or objects; gameplay level unspecified; resource/form/hold/switch conditions preserved	unresolved	Formatter/configuration decoding only; engine-fed operands and runtime branches preserved. Required checklist field has no established owning runtime property/code path Blocked: Required checklist field has no established owning runtime property/code path	EntitySettings/Heroes/Hero_Common!Hero_Common.entity.ot.EntitySettingsResource.gen	resource_cost						
Trait	Base; Second Ability Selected Selector{[State] Hero_Merlin\Ability Primary/Primary Primary\State Ability Primary Primary => 1; [State] Hero_Merlin\Ability Primary/Primary Secondary\State Ability Primary Secondary => 2; [State] Hero_Merlin\Ability Primary/Primary Defense\State Ability Primary Defense => 3; [State] Hero_Merlin\Ability Secondary/Secondary Primary\State Ability Secondary Primary => 1; [State] Hero_Merlin\Ability Secondary/Secondary Secondary\State Ability Secondary Secondary => 2; [State] Hero_Merlin\Ability Secondary/Secondary Defense\State Ability Secondary Defense => 3; [State] Hero_Merlin\Ability Defense/Defense Primary\State Ability Defense Primary => 1; [State] Hero_Merlin\Ability Defense/Defense Secondary\State Ability Defense Secondary => 2; [State] Hero_Merlin\Ability Defense/Defense Defense\State Ability Defense Defense => 3; [State] Hero_Merlin\Ability Ultimate 2/Ultimate 2 Primary\State Ability Ultimate 2 Primary => 1; [State] Hero_Merlin\Ability Ultimate 2/Ultimate 2 Secondary\State Ability Ultimate 2 Secondary => 2; [State] Hero_Merlin\Ability Ultimate 2/Ultimate 2 Defense\State Ability Ultimate 2 Defense => 3; True => 0}=0	Celestial Potency	Hero_Merlin_Common.LangEN.tsv	Ability_Trait_Desc	3	cooldown	0	seconds	0.0	Hypothetical formatter baseline: DMG=10; HEALING=10; AP=0; no talents or objects; gameplay level unspecified; resource/form/hold/switch conditions preserved	decoded	Formatter/configuration decoding only; engine-fed operands and runtime branches preserved. 	EntitySettings\Heroes\Hero_Merlin!Hero_Merlin.entity.ot.EntitySettingsResource.gen	Celestial Potency Counter	EntitySettings\Heroes\Hero_Merlin!Hero_Merlin.entity.ot.EntitySettingsResource.gen@0x7b5f0 -> EntitySettings\Heroes\Hero_Merlin!Hero_Merlin.entity.ot.EntitySettingsResource.gen@0x8d24a -> EntitySettings\Heroes\Hero_Merlin!Hero_Merlin.entity.ot.EntitySettingsResource.gen@0xd18b2 -> EntitySettings\Heroes\Hero_Merlin!Hero_Merlin.entity.ot.EntitySettingsResource.gen@0xd2ff9 -> EntitySettings\Heroes\Hero_Merlin!Hero_Merlin.entity.ot.EntitySettingsResource.gen@0xbfb19 -> EntitySettings\Heroes\Hero_Merlin!Hero_Merlin.entity.ot.EntitySettingsResource.gen@0x26e0d -> EntitySettings\Heroes\Hero_Merlin!Hero_Merlin.entity.ot.EntitySettingsResource.gen@0x2734f -> EntitySettings\Heroes\Hero_Merlin!Hero_Merlin.entity.ot.EntitySettingsResource.gen@0x269bf -> EntitySettings\Heroes\Hero_Merlin!Hero_Merlin.entity.ot.EntitySettingsResource.gen@0x2800f -> EntitySettings\Heroes\Hero_Merlin!Hero_Merlin.entity.ot.EntitySettingsResource.gen@0x2856d -> EntitySettings\Heroes\Hero_Merlin!Hero_Merlin.entity.ot.EntitySettingsResource.gen@0x27ad1 -> EntitySettings\Heroes\Hero_Merlin!Hero_Merlin.entity.ot.EntitySettingsResource.gen@0x25e32 -> EntitySettings\Heroes\Hero_Merlin!Hero_Merlin.entity.ot.EntitySettingsResource.gen@0x262dc -> EntitySettings\Heroes\Hero_Merlin!Hero_Merlin.entity.ot.EntitySettingsResource.gen@0x257a8 -> EntitySettings\Heroes\Hero_Merlin!Hero_Merlin.entity.ot.EntitySettingsResource.gen@0x29725 -> EntitySettings\Heroes\Hero_Merlin!Hero_Merlin.entity.ot.EntitySettingsResource.gen@0x2a125 -> EntitySettings\Heroes\Hero_Merlin!Hero_Merlin.entity.ot.EntitySettingsResource.gen@0x293e5 -> EntitySettings\Heroes\Hero_Merlin!Hero_Merlin.entity.ot.EntitySettingsResource.gen@0xd0b4d -> EntitySettings\Heroes\Hero_Merlin!Hero_Merlin.entity.ot.EntitySettingsResource.gen@0xd0d7d -> EntitySettings\Heroes\Hero_Merlin!Hero_Merlin.entity.ot.EntitySettingsResource.gen@0xd08bc	rf88637ee	0 / 8 / 8 / 8	decoded	accepted without reading	
Trait	Base; Second Ability Selected Selector{[State] Hero_Merlin\Ability Primary/Primary Primary\State Ability Primary Primary => 1; [State] Hero_Merlin\Ability Primary/Primary Secondary\State Ability Primary Secondary => 2; [State] Hero_Merlin\Ability Primary/Primary Defense\State Ability Primary Defense => 3; [State] Hero_Merlin\Ability Secondary/Secondary Primary\State Ability Secondary Primary => 1; [State] Hero_Merlin\Ability Secondary/Secondary Secondary\State Ability Secondary Secondary => 2; [State] Hero_Merlin\Ability Secondary/Secondary Defense\State Ability Secondary Defense => 3; [State] Hero_Merlin\Ability Defense/Defense Primary\State Ability Defense Primary => 1; [State] Hero_Merlin\Ability Defense/Defense Secondary\State Ability Defense Secondary => 2; [State] Hero_Merlin\Ability Defense/Defense Defense\State Ability Defense Defense => 3; [State] Hero_Merlin\Ability Ultimate 2/Ultimate 2 Primary\State Ability Ultimate 2 Primary => 1; [State] Hero_Merlin\Ability Ultimate 2/Ultimate 2 Secondary\State Ability Ultimate 2 Secondary => 2; [State] Hero_Merlin\Ability Ultimate 2/Ultimate 2 Defense\State Ability Ultimate 2 Defense => 3; True => 0}=1	Celestial Potency	Hero_Merlin_Common.LangEN.tsv	Ability_Trait_Desc	3	cooldown	8	seconds	8.0	Hypothetical formatter baseline: DMG=10; HEALING=10; AP=0; no talents or objects; gameplay level unspecified; resource/form/hold/switch conditions preserved	decoded	Formatter/configuration decoding only; engine-fed operands and runtime branches preserved. 	EntitySettings\Heroes\Hero_Merlin!Hero_Merlin.entity.ot.EntitySettingsResource.gen	Celestial Potency Counter	EntitySettings\Heroes\Hero_Merlin!Hero_Merlin.entity.ot.EntitySettingsResource.gen@0x7b5f0 -> EntitySettings\Heroes\Hero_Merlin!Hero_Merlin.entity.ot.EntitySettingsResource.gen@0x8d24a -> EntitySettings\Heroes\Hero_Merlin!Hero_Merlin.entity.ot.EntitySettingsResource.gen@0xd18b2 -> EntitySettings\Heroes\Hero_Merlin!Hero_Merlin.entity.ot.EntitySettingsResource.gen@0xd2ff9 -> EntitySettings\Heroes\Hero_Merlin!Hero_Merlin.entity.ot.EntitySettingsResource.gen@0xbfb19 -> EntitySettings\Heroes\Hero_Merlin!Hero_Merlin.entity.ot.EntitySettingsResource.gen@0x26e0d -> EntitySettings\Heroes\Hero_Merlin!Hero_Merlin.entity.ot.EntitySettingsResource.gen@0x2734f -> EntitySettings\Heroes\Hero_Merlin!Hero_Merlin.entity.ot.EntitySettingsResource.gen@0x269bf -> EntitySettings\Heroes\Hero_Merlin!Hero_Merlin.entity.ot.EntitySettingsResource.gen@0x2800f -> EntitySettings\Heroes\Hero_Merlin!Hero_Merlin.entity.ot.EntitySettingsResource.gen@0x2856d -> EntitySettings\Heroes\Hero_Merlin!Hero_Merlin.entity.ot.EntitySettingsResource.gen@0x27ad1 -> EntitySettings\Heroes\Hero_Merlin!Hero_Merlin.entity.ot.EntitySettingsResource.gen@0x25e32 -> EntitySettings\Heroes\Hero_Merlin!Hero_Merlin.entity.ot.EntitySettingsResource.gen@0x262dc -> EntitySettings\Heroes\Hero_Merlin!Hero_Merlin.entity.ot.EntitySettingsResource.gen@0x257a8 -> EntitySettings\Heroes\Hero_Merlin!Hero_Merlin.entity.ot.EntitySettingsResource.gen@0x29725 -> EntitySettings\Heroes\Hero_Merlin!Hero_Merlin.entity.ot.EntitySettingsResource.gen@0x2a125 -> EntitySettings\Heroes\Hero_Merlin!Hero_Merlin.entity.ot.EntitySettingsResource.gen@0x293e5 -> EntitySettings\Heroes\Hero_Merlin!Hero_Merlin.entity.ot.EntitySettingsResource.gen@0xd0b4d -> EntitySettings\Heroes\Hero_Merlin!Hero_Merlin.entity.ot.EntitySettingsResource.gen@0xd0d7d -> EntitySettings\Heroes\Hero_Merlin!Hero_Merlin.entity.ot.EntitySettingsResource.gen@0xd08bc	rf88637ee	0 / 8 / 8 / 8	decoded	accepted without reading	
Trait	Base; Second Ability Selected Selector{[State] Hero_Merlin\Ability Primary/Primary Primary\State Ability Primary Primary => 1; [State] Hero_Merlin\Ability Primary/Primary Secondary\State Ability Primary Secondary => 2; [State] Hero_Merlin\Ability Primary/Primary Defense\State Ability Primary Defense => 3; [State] Hero_Merlin\Ability Secondary/Secondary Primary\State Ability Secondary Primary => 1; [State] Hero_Merlin\Ability Secondary/Secondary Secondary\State Ability Secondary Secondary => 2; [State] Hero_Merlin\Ability Secondary/Secondary Defense\State Ability Secondary Defense => 3; [State] Hero_Merlin\Ability Defense/Defense Primary\State Ability Defense Primary => 1; [State] Hero_Merlin\Ability Defense/Defense Secondary\State Ability Defense Secondary => 2; [State] Hero_Merlin\Ability Defense/Defense Defense\State Ability Defense Defense => 3; [State] Hero_Merlin\Ability Ultimate 2/Ultimate 2 Primary\State Ability Ultimate 2 Primary => 1; [State] Hero_Merlin\Ability Ultimate 2/Ultimate 2 Secondary\State Ability Ultimate 2 Secondary => 2; [State] Hero_Merlin\Ability Ultimate 2/Ultimate 2 Defense\State Ability Ultimate 2 Defense => 3; True => 0}=2	Celestial Potency	Hero_Merlin_Common.LangEN.tsv	Ability_Trait_Desc	3	cooldown	8	seconds	8.0	Hypothetical formatter baseline: DMG=10; HEALING=10; AP=0; no talents or objects; gameplay level unspecified; resource/form/hold/switch conditions preserved	decoded	Formatter/configuration decoding only; engine-fed operands and runtime branches preserved. 	EntitySettings\Heroes\Hero_Merlin!Hero_Merlin.entity.ot.EntitySettingsResource.gen	Celestial Potency Counter	EntitySettings\Heroes\Hero_Merlin!Hero_Merlin.entity.ot.EntitySettingsResource.gen@0x7b5f0 -> EntitySettings\Heroes\Hero_Merlin!Hero_Merlin.entity.ot.EntitySettingsResource.gen@0x8d24a -> EntitySettings\Heroes\Hero_Merlin!Hero_Merlin.entity.ot.EntitySettingsResource.gen@0xd18b2 -> EntitySettings\Heroes\Hero_Merlin!Hero_Merlin.entity.ot.EntitySettingsResource.gen@0xd2ff9 -> EntitySettings\Heroes\Hero_Merlin!Hero_Merlin.entity.ot.EntitySettingsResource.gen@0xbfb19 -> EntitySettings\Heroes\Hero_Merlin!Hero_Merlin.entity.ot.EntitySettingsResource.gen@0x26e0d -> EntitySettings\Heroes\Hero_Merlin!Hero_Merlin.entity.ot.EntitySettingsResource.gen@0x2734f -> EntitySettings\Heroes\Hero_Merlin!Hero_Merlin.entity.ot.EntitySettingsResource.gen@0x269bf -> EntitySettings\Heroes\Hero_Merlin!Hero_Merlin.entity.ot.EntitySettingsResource.gen@0x2800f -> EntitySettings\Heroes\Hero_Merlin!Hero_Merlin.entity.ot.EntitySettingsResource.gen@0x2856d -> EntitySettings\Heroes\Hero_Merlin!Hero_Merlin.entity.ot.EntitySettingsResource.gen@0x27ad1 -> EntitySettings\Heroes\Hero_Merlin!Hero_Merlin.entity.ot.EntitySettingsResource.gen@0x25e32 -> EntitySettings\Heroes\Hero_Merlin!Hero_Merlin.entity.ot.EntitySettingsResource.gen@0x262dc -> EntitySettings\Heroes\Hero_Merlin!Hero_Merlin.entity.ot.EntitySettingsResource.gen@0x257a8 -> EntitySettings\Heroes\Hero_Merlin!Hero_Merlin.entity.ot.EntitySettingsResource.gen@0x29725 -> EntitySettings\Heroes\Hero_Merlin!Hero_Merlin.entity.ot.EntitySettingsResource.gen@0x2a125 -> EntitySettings\Heroes\Hero_Merlin!Hero_Merlin.entity.ot.EntitySettingsResource.gen@0x293e5 -> EntitySettings\Heroes\Hero_Merlin!Hero_Merlin.entity.ot.EntitySettingsResource.gen@0xd0b4d -> EntitySettings\Heroes\Hero_Merlin!Hero_Merlin.entity.ot.EntitySettingsResource.gen@0xd0d7d -> EntitySettings\Heroes\Hero_Merlin!Hero_Merlin.entity.ot.EntitySettingsResource.gen@0xd08bc	rf88637ee	0 / 8 / 8 / 8	decoded	accepted without reading	
Trait	Base; Second Ability Selected Selector{[State] Hero_Merlin\Ability Primary/Primary Primary\State Ability Primary Primary => 1; [State] Hero_Merlin\Ability Primary/Primary Secondary\State Ability Primary Secondary => 2; [State] Hero_Merlin\Ability Primary/Primary Defense\State Ability Primary Defense => 3; [State] Hero_Merlin\Ability Secondary/Secondary Primary\State Ability Secondary Primary => 1; [State] Hero_Merlin\Ability Secondary/Secondary Secondary\State Ability Secondary Secondary => 2; [State] Hero_Merlin\Ability Secondary/Secondary Defense\State Ability Secondary Defense => 3; [State] Hero_Merlin\Ability Defense/Defense Primary\State Ability Defense Primary => 1; [State] Hero_Merlin\Ability Defense/Defense Secondary\State Ability Defense Secondary => 2; [State] Hero_Merlin\Ability Defense/Defense Defense\State Ability Defense Defense => 3; [State] Hero_Merlin\Ability Ultimate 2/Ultimate 2 Primary\State Ability Ultimate 2 Primary => 1; [State] Hero_Merlin\Ability Ultimate 2/Ultimate 2 Secondary\State Ability Ultimate 2 Secondary => 2; [State] Hero_Merlin\Ability Ultimate 2/Ultimate 2 Defense\State Ability Ultimate 2 Defense => 3; True => 0}=3	Celestial Potency	Hero_Merlin_Common.LangEN.tsv	Ability_Trait_Desc	3	cooldown	8	seconds	8.0	Hypothetical formatter baseline: DMG=10; HEALING=10; AP=0; no talents or objects; gameplay level unspecified; resource/form/hold/switch conditions preserved	decoded	Formatter/configuration decoding only; engine-fed operands and runtime branches preserved. 	EntitySettings\Heroes\Hero_Merlin!Hero_Merlin.entity.ot.EntitySettingsResource.gen	Celestial Potency Counter	EntitySettings\Heroes\Hero_Merlin!Hero_Merlin.entity.ot.EntitySettingsResource.gen@0x7b5f0 -> EntitySettings\Heroes\Hero_Merlin!Hero_Merlin.entity.ot.EntitySettingsResource.gen@0x8d24a -> EntitySettings\Heroes\Hero_Merlin!Hero_Merlin.entity.ot.EntitySettingsResource.gen@0xd18b2 -> EntitySettings\Heroes\Hero_Merlin!Hero_Merlin.entity.ot.EntitySettingsResource.gen@0xd2ff9 -> EntitySettings\Heroes\Hero_Merlin!Hero_Merlin.entity.ot.EntitySettingsResource.gen@0xbfb19 -> EntitySettings\Heroes\Hero_Merlin!Hero_Merlin.entity.ot.EntitySettingsResource.gen@0x26e0d -> EntitySettings\Heroes\Hero_Merlin!Hero_Merlin.entity.ot.EntitySettingsResource.gen@0x2734f -> EntitySettings\Heroes\Hero_Merlin!Hero_Merlin.entity.ot.EntitySettingsResource.gen@0x269bf -> EntitySettings\Heroes\Hero_Merlin!Hero_Merlin.entity.ot.EntitySettingsResource.gen@0x2800f -> EntitySettings\Heroes\Hero_Merlin!Hero_Merlin.entity.ot.EntitySettingsResource.gen@0x2856d -> EntitySettings\Heroes\Hero_Merlin!Hero_Merlin.entity.ot.EntitySettingsResource.gen@0x27ad1 -> EntitySettings\Heroes\Hero_Merlin!Hero_Merlin.entity.ot.EntitySettingsResource.gen@0x25e32 -> EntitySettings\Heroes\Hero_Merlin!Hero_Merlin.entity.ot.EntitySettingsResource.gen@0x262dc -> EntitySettings\Heroes\Hero_Merlin!Hero_Merlin.entity.ot.EntitySettingsResource.gen@0x257a8 -> EntitySettings\Heroes\Hero_Merlin!Hero_Merlin.entity.ot.EntitySettingsResource.gen@0x29725 -> EntitySettings\Heroes\Hero_Merlin!Hero_Merlin.entity.ot.EntitySettingsResource.gen@0x2a125 -> EntitySettings\Heroes\Hero_Merlin!Hero_Merlin.entity.ot.EntitySettingsResource.gen@0x293e5 -> EntitySettings\Heroes\Hero_Merlin!Hero_Merlin.entity.ot.EntitySettingsResource.gen@0xd0b4d -> EntitySettings\Heroes\Hero_Merlin!Hero_Merlin.entity.ot.EntitySettingsResource.gen@0xd0d7d -> EntitySettings\Heroes\Hero_Merlin!Hero_Merlin.entity.ot.EntitySettingsResource.gen@0xd08bc	rf88637ee	0 / 8 / 8 / 8	decoded	accepted without reading	
Trait	Base	Celestial Potency	Hero_Merlin_Common.LangEN.tsv	Ability_Trait_Desc	3	charges	1	charges	1	Hypothetical formatter baseline: DMG=10; HEALING=10; AP=0; no talents or objects; gameplay level unspecified; resource/form/hold/switch conditions preserved	decoded-baseline	Formatter/configuration decoding only; engine-fed operands and runtime branches preserved. 	EntitySettings\Heroes\Hero_Merlin!Hero_Merlin.entity.ot.EntitySettingsResource.gen; EntitySettings\Heroes\Hero_Common!Hero_Common.entity.ot.EntitySettingsResource.gen	Celestial Potency Counter	EntitySettings\Heroes\Hero_Merlin!Hero_Merlin.entity.ot.EntitySettingsResource.gen@0x7b5f0 -> EntitySettings\Heroes\Hero_Common!Hero_Common.entity.ot.EntitySettingsResource.gen@0xa1cd					
Trait	Base	Celestial Potency	Hero_Merlin_Common.LangEN.tsv	Ability_Trait_Desc	3	active_duration		seconds	unresolved(Required checklist field has no established owning runtime property/code path)	Hypothetical formatter baseline: DMG=10; HEALING=10; AP=0; no talents or objects; gameplay level unspecified; resource/form/hold/switch conditions preserved	unresolved	Formatter/configuration decoding only; engine-fed operands and runtime branches preserved. Required checklist field has no established owning runtime property/code path Blocked: Required checklist field has no established owning runtime property/code path	EntitySettings/Heroes/Hero_Merlin!Hero_Merlin.entity.ot.EntitySettingsResource.gen	active_duration						
Trait	Base	Celestial Potency	Hero_Merlin_Common.LangEN.tsv	Ability_Trait_Desc	3	resource_cost		resource	unresolved(Required checklist field has no established owning runtime property/code path)	Hypothetical formatter baseline: DMG=10; HEALING=10; AP=0; no talents or objects; gameplay level unspecified; resource/form/hold/switch conditions preserved	unresolved	Formatter/configuration decoding only; engine-fed operands and runtime branches preserved. Required checklist field has no established owning runtime property/code path Blocked: Required checklist field has no established owning runtime property/code path	EntitySettings/Heroes/Hero_Merlin!Hero_Merlin.entity.ot.EntitySettingsResource.gen	resource_cost						
Attack	Base	Magic Strikes	Hero_Merlin_Common.LangEN.tsv	Ability_Attack_Desc	5	hit_count		hits	unresolved(Required checklist field has no established owning runtime property/code path)	Hypothetical formatter baseline: DMG=10; HEALING=10; AP=0; no talents or objects; gameplay level unspecified; resource/form/hold/switch conditions preserved	unresolved	Formatter/configuration decoding only; engine-fed operands and runtime branches preserved. Required checklist field has no established owning runtime property/code path Blocked: Required checklist field has no established owning runtime property/code path	EntitySettings/Heroes/Hero_Merlin!Hero_Merlin.entity.ot.EntitySettingsResource.gen	hit_count						
Attack	Base	Magic Strikes	Hero_Merlin_Common.LangEN.tsv	Ability_Attack_Desc	5	hit_damage_sequence		damage	unresolved(Required checklist field has no established owning runtime property/code path)	Hypothetical formatter baseline: DMG=10; HEALING=10; AP=0; no talents or objects; gameplay level unspecified; resource/form/hold/switch conditions preserved	unresolved	Formatter/configuration decoding only; engine-fed operands and runtime branches preserved. Required checklist field has no established owning runtime property/code path Blocked: Required checklist field has no established owning runtime property/code path	EntitySettings/Heroes/Hero_Merlin!Hero_Merlin.entity.ot.EntitySettingsResource.gen	hit_damage_sequence						
Attack	Base	Magic Strikes	Hero_Merlin_Common.LangEN.tsv	Ability_Attack_Desc	5	attack_timing		seconds	unresolved(Required checklist field has no established owning runtime property/code path)	Hypothetical formatter baseline: DMG=10; HEALING=10; AP=0; no talents or objects; gameplay level unspecified; resource/form/hold/switch conditions preserved	unresolved	Formatter/configuration decoding only; engine-fed operands and runtime branches preserved. Required checklist field has no established owning runtime property/code path Blocked: Required checklist field has no established owning runtime property/code path	EntitySettings/Heroes/Hero_Merlin!Hero_Merlin.entity.ot.EntitySettingsResource.gen	attack_timing						
Power / Prep	Base; Second Ability Selected Selector{[State] Hero_Merlin\Ability Primary/Primary Primary\State Ability Primary Primary => 1; [State] Hero_Merlin\Ability Primary/Primary Secondary\State Ability Primary Secondary => 2; [State] Hero_Merlin\Ability Primary/Primary Defense\State Ability Primary Defense => 3; [State] Hero_Merlin\Ability Secondary/Secondary Primary\State Ability Secondary Primary => 1; [State] Hero_Merlin\Ability Secondary/Secondary Secondary\State Ability Secondary Secondary => 2; [State] Hero_Merlin\Ability Secondary/Secondary Defense\State Ability Secondary Defense => 3; [State] Hero_Merlin\Ability Defense/Defense Primary\State Ability Defense Primary => 1; [State] Hero_Merlin\Ability Defense/Defense Secondary\State Ability Defense Secondary => 2; [State] Hero_Merlin\Ability Defense/Defense Defense\State Ability Defense Defense => 3; [State] Hero_Merlin\Ability Ultimate 2/Ultimate 2 Primary\State Ability Ultimate 2 Primary => 1; [State] Hero_Merlin\Ability Ultimate 2/Ultimate 2 Secondary\State Ability Ultimate 2 Secondary => 2; [State] Hero_Merlin\Ability Ultimate 2/Ultimate 2 Defense\State Ability Ultimate 2 Defense => 3; True => 0}=0	Nature Spells	Hero_Merlin_Common.LangEN.tsv	Ability_Power_Desc	7	cooldown	0	seconds	0.0	Hypothetical formatter baseline: DMG=10; HEALING=10; AP=0; no talents or objects; gameplay level unspecified; resource/form/hold/switch conditions preserved	decoded	Formatter/configuration decoding only; engine-fed operands and runtime branches preserved. 	EntitySettings\Heroes\Hero_Merlin!Hero_Merlin.entity.ot.EntitySettingsResource.gen	Primary Prep Format	EntitySettings\Heroes\Hero_Merlin!Hero_Merlin.entity.ot.EntitySettingsResource.gen@0x7bde0 -> EntitySettings\Heroes\Hero_Merlin!Hero_Merlin.entity.ot.EntitySettingsResource.gen@0x8e4d8 -> EntitySettings\Heroes\Hero_Merlin!Hero_Merlin.entity.ot.EntitySettingsResource.gen@0xd18b2 -> EntitySettings\Heroes\Hero_Merlin!Hero_Merlin.entity.ot.EntitySettingsResource.gen@0xd2ff9 -> EntitySettings\Heroes\Hero_Merlin!Hero_Merlin.entity.ot.EntitySettingsResource.gen@0xbfb19 -> EntitySettings\Heroes\Hero_Merlin!Hero_Merlin.entity.ot.EntitySettingsResource.gen@0x26e0d -> EntitySettings\Heroes\Hero_Merlin!Hero_Merlin.entity.ot.EntitySettingsResource.gen@0x2734f -> EntitySettings\Heroes\Hero_Merlin!Hero_Merlin.entity.ot.EntitySettingsResource.gen@0x269bf -> EntitySettings\Heroes\Hero_Merlin!Hero_Merlin.entity.ot.EntitySettingsResource.gen@0x2800f -> EntitySettings\Heroes\Hero_Merlin!Hero_Merlin.entity.ot.EntitySettingsResource.gen@0x2856d -> EntitySettings\Heroes\Hero_Merlin!Hero_Merlin.entity.ot.EntitySettingsResource.gen@0x27ad1 -> EntitySettings\Heroes\Hero_Merlin!Hero_Merlin.entity.ot.EntitySettingsResource.gen@0x25e32 -> EntitySettings\Heroes\Hero_Merlin!Hero_Merlin.entity.ot.EntitySettingsResource.gen@0x262dc -> EntitySettings\Heroes\Hero_Merlin!Hero_Merlin.entity.ot.EntitySettingsResource.gen@0x257a8 -> EntitySettings\Heroes\Hero_Merlin!Hero_Merlin.entity.ot.EntitySettingsResource.gen@0x29725 -> EntitySettings\Heroes\Hero_Merlin!Hero_Merlin.entity.ot.EntitySettingsResource.gen@0x2a125 -> EntitySettings\Heroes\Hero_Merlin!Hero_Merlin.entity.ot.EntitySettingsResource.gen@0x293e5 -> EntitySettings\Heroes\Hero_Merlin!Hero_Merlin.entity.ot.EntitySettingsResource.gen@0xd2a60 -> EntitySettings\Heroes\Hero_Merlin!Hero_Merlin.entity.ot.EntitySettingsResource.gen@0xd2bdd -> EntitySettings\Heroes\Hero_Merlin!Hero_Merlin.entity.ot.EntitySettingsResource.gen@0xd25e5	rb45cb9f7	0 / 8 / 8 / 8	decoded	accepted without reading	
Power / Prep	Base; Second Ability Selected Selector{[State] Hero_Merlin\Ability Primary/Primary Primary\State Ability Primary Primary => 1; [State] Hero_Merlin\Ability Primary/Primary Secondary\State Ability Primary Secondary => 2; [State] Hero_Merlin\Ability Primary/Primary Defense\State Ability Primary Defense => 3; [State] Hero_Merlin\Ability Secondary/Secondary Primary\State Ability Secondary Primary => 1; [State] Hero_Merlin\Ability Secondary/Secondary Secondary\State Ability Secondary Secondary => 2; [State] Hero_Merlin\Ability Secondary/Secondary Defense\State Ability Secondary Defense => 3; [State] Hero_Merlin\Ability Defense/Defense Primary\State Ability Defense Primary => 1; [State] Hero_Merlin\Ability Defense/Defense Secondary\State Ability Defense Secondary => 2; [State] Hero_Merlin\Ability Defense/Defense Defense\State Ability Defense Defense => 3; [State] Hero_Merlin\Ability Ultimate 2/Ultimate 2 Primary\State Ability Ultimate 2 Primary => 1; [State] Hero_Merlin\Ability Ultimate 2/Ultimate 2 Secondary\State Ability Ultimate 2 Secondary => 2; [State] Hero_Merlin\Ability Ultimate 2/Ultimate 2 Defense\State Ability Ultimate 2 Defense => 3; True => 0}=1	Nature Spells	Hero_Merlin_Common.LangEN.tsv	Ability_Power_Desc	7	cooldown	8	seconds	8.0	Hypothetical formatter baseline: DMG=10; HEALING=10; AP=0; no talents or objects; gameplay level unspecified; resource/form/hold/switch conditions preserved	decoded	Formatter/configuration decoding only; engine-fed operands and runtime branches preserved. 	EntitySettings\Heroes\Hero_Merlin!Hero_Merlin.entity.ot.EntitySettingsResource.gen	Primary Prep Format	EntitySettings\Heroes\Hero_Merlin!Hero_Merlin.entity.ot.EntitySettingsResource.gen@0x7bde0 -> EntitySettings\Heroes\Hero_Merlin!Hero_Merlin.entity.ot.EntitySettingsResource.gen@0x8e4d8 -> EntitySettings\Heroes\Hero_Merlin!Hero_Merlin.entity.ot.EntitySettingsResource.gen@0xd18b2 -> EntitySettings\Heroes\Hero_Merlin!Hero_Merlin.entity.ot.EntitySettingsResource.gen@0xd2ff9 -> EntitySettings\Heroes\Hero_Merlin!Hero_Merlin.entity.ot.EntitySettingsResource.gen@0xbfb19 -> EntitySettings\Heroes\Hero_Merlin!Hero_Merlin.entity.ot.EntitySettingsResource.gen@0x26e0d -> EntitySettings\Heroes\Hero_Merlin!Hero_Merlin.entity.ot.EntitySettingsResource.gen@0x2734f -> EntitySettings\Heroes\Hero_Merlin!Hero_Merlin.entity.ot.EntitySettingsResource.gen@0x269bf -> EntitySettings\Heroes\Hero_Merlin!Hero_Merlin.entity.ot.EntitySettingsResource.gen@0x2800f -> EntitySettings\Heroes\Hero_Merlin!Hero_Merlin.entity.ot.EntitySettingsResource.gen@0x2856d -> EntitySettings\Heroes\Hero_Merlin!Hero_Merlin.entity.ot.EntitySettingsResource.gen@0x27ad1 -> EntitySettings\Heroes\Hero_Merlin!Hero_Merlin.entity.ot.EntitySettingsResource.gen@0x25e32 -> EntitySettings\Heroes\Hero_Merlin!Hero_Merlin.entity.ot.EntitySettingsResource.gen@0x262dc -> EntitySettings\Heroes\Hero_Merlin!Hero_Merlin.entity.ot.EntitySettingsResource.gen@0x257a8 -> EntitySettings\Heroes\Hero_Merlin!Hero_Merlin.entity.ot.EntitySettingsResource.gen@0x29725 -> EntitySettings\Heroes\Hero_Merlin!Hero_Merlin.entity.ot.EntitySettingsResource.gen@0x2a125 -> EntitySettings\Heroes\Hero_Merlin!Hero_Merlin.entity.ot.EntitySettingsResource.gen@0x293e5 -> EntitySettings\Heroes\Hero_Merlin!Hero_Merlin.entity.ot.EntitySettingsResource.gen@0xd2a60 -> EntitySettings\Heroes\Hero_Merlin!Hero_Merlin.entity.ot.EntitySettingsResource.gen@0xd2bdd -> EntitySettings\Heroes\Hero_Merlin!Hero_Merlin.entity.ot.EntitySettingsResource.gen@0xd25e5	rb45cb9f7	0 / 8 / 8 / 8	decoded	accepted without reading	
Power / Prep	Base; Second Ability Selected Selector{[State] Hero_Merlin\Ability Primary/Primary Primary\State Ability Primary Primary => 1; [State] Hero_Merlin\Ability Primary/Primary Secondary\State Ability Primary Secondary => 2; [State] Hero_Merlin\Ability Primary/Primary Defense\State Ability Primary Defense => 3; [State] Hero_Merlin\Ability Secondary/Secondary Primary\State Ability Secondary Primary => 1; [State] Hero_Merlin\Ability Secondary/Secondary Secondary\State Ability Secondary Secondary => 2; [State] Hero_Merlin\Ability Secondary/Secondary Defense\State Ability Secondary Defense => 3; [State] Hero_Merlin\Ability Defense/Defense Primary\State Ability Defense Primary => 1; [State] Hero_Merlin\Ability Defense/Defense Secondary\State Ability Defense Secondary => 2; [State] Hero_Merlin\Ability Defense/Defense Defense\State Ability Defense Defense => 3; [State] Hero_Merlin\Ability Ultimate 2/Ultimate 2 Primary\State Ability Ultimate 2 Primary => 1; [State] Hero_Merlin\Ability Ultimate 2/Ultimate 2 Secondary\State Ability Ultimate 2 Secondary => 2; [State] Hero_Merlin\Ability Ultimate 2/Ultimate 2 Defense\State Ability Ultimate 2 Defense => 3; True => 0}=2	Nature Spells	Hero_Merlin_Common.LangEN.tsv	Ability_Power_Desc	7	cooldown	8	seconds	8.0	Hypothetical formatter baseline: DMG=10; HEALING=10; AP=0; no talents or objects; gameplay level unspecified; resource/form/hold/switch conditions preserved	decoded	Formatter/configuration decoding only; engine-fed operands and runtime branches preserved. 	EntitySettings\Heroes\Hero_Merlin!Hero_Merlin.entity.ot.EntitySettingsResource.gen	Primary Prep Format	EntitySettings\Heroes\Hero_Merlin!Hero_Merlin.entity.ot.EntitySettingsResource.gen@0x7bde0 -> EntitySettings\Heroes\Hero_Merlin!Hero_Merlin.entity.ot.EntitySettingsResource.gen@0x8e4d8 -> EntitySettings\Heroes\Hero_Merlin!Hero_Merlin.entity.ot.EntitySettingsResource.gen@0xd18b2 -> EntitySettings\Heroes\Hero_Merlin!Hero_Merlin.entity.ot.EntitySettingsResource.gen@0xd2ff9 -> EntitySettings\Heroes\Hero_Merlin!Hero_Merlin.entity.ot.EntitySettingsResource.gen@0xbfb19 -> EntitySettings\Heroes\Hero_Merlin!Hero_Merlin.entity.ot.EntitySettingsResource.gen@0x26e0d -> EntitySettings\Heroes\Hero_Merlin!Hero_Merlin.entity.ot.EntitySettingsResource.gen@0x2734f -> EntitySettings\Heroes\Hero_Merlin!Hero_Merlin.entity.ot.EntitySettingsResource.gen@0x269bf -> EntitySettings\Heroes\Hero_Merlin!Hero_Merlin.entity.ot.EntitySettingsResource.gen@0x2800f -> EntitySettings\Heroes\Hero_Merlin!Hero_Merlin.entity.ot.EntitySettingsResource.gen@0x2856d -> EntitySettings\Heroes\Hero_Merlin!Hero_Merlin.entity.ot.EntitySettingsResource.gen@0x27ad1 -> EntitySettings\Heroes\Hero_Merlin!Hero_Merlin.entity.ot.EntitySettingsResource.gen@0x25e32 -> EntitySettings\Heroes\Hero_Merlin!Hero_Merlin.entity.ot.EntitySettingsResource.gen@0x262dc -> EntitySettings\Heroes\Hero_Merlin!Hero_Merlin.entity.ot.EntitySettingsResource.gen@0x257a8 -> EntitySettings\Heroes\Hero_Merlin!Hero_Merlin.entity.ot.EntitySettingsResource.gen@0x29725 -> EntitySettings\Heroes\Hero_Merlin!Hero_Merlin.entity.ot.EntitySettingsResource.gen@0x2a125 -> EntitySettings\Heroes\Hero_Merlin!Hero_Merlin.entity.ot.EntitySettingsResource.gen@0x293e5 -> EntitySettings\Heroes\Hero_Merlin!Hero_Merlin.entity.ot.EntitySettingsResource.gen@0xd2a60 -> EntitySettings\Heroes\Hero_Merlin!Hero_Merlin.entity.ot.EntitySettingsResource.gen@0xd2bdd -> EntitySettings\Heroes\Hero_Merlin!Hero_Merlin.entity.ot.EntitySettingsResource.gen@0xd25e5	rb45cb9f7	0 / 8 / 8 / 8	decoded	accepted without reading	
Power / Prep	Base; Second Ability Selected Selector{[State] Hero_Merlin\Ability Primary/Primary Primary\State Ability Primary Primary => 1; [State] Hero_Merlin\Ability Primary/Primary Secondary\State Ability Primary Secondary => 2; [State] Hero_Merlin\Ability Primary/Primary Defense\State Ability Primary Defense => 3; [State] Hero_Merlin\Ability Secondary/Secondary Primary\State Ability Secondary Primary => 1; [State] Hero_Merlin\Ability Secondary/Secondary Secondary\State Ability Secondary Secondary => 2; [State] Hero_Merlin\Ability Secondary/Secondary Defense\State Ability Secondary Defense => 3; [State] Hero_Merlin\Ability Defense/Defense Primary\State Ability Defense Primary => 1; [State] Hero_Merlin\Ability Defense/Defense Secondary\State Ability Defense Secondary => 2; [State] Hero_Merlin\Ability Defense/Defense Defense\State Ability Defense Defense => 3; [State] Hero_Merlin\Ability Ultimate 2/Ultimate 2 Primary\State Ability Ultimate 2 Primary => 1; [State] Hero_Merlin\Ability Ultimate 2/Ultimate 2 Secondary\State Ability Ultimate 2 Secondary => 2; [State] Hero_Merlin\Ability Ultimate 2/Ultimate 2 Defense\State Ability Ultimate 2 Defense => 3; True => 0}=3	Nature Spells	Hero_Merlin_Common.LangEN.tsv	Ability_Power_Desc	7	cooldown	8	seconds	8.0	Hypothetical formatter baseline: DMG=10; HEALING=10; AP=0; no talents or objects; gameplay level unspecified; resource/form/hold/switch conditions preserved	decoded	Formatter/configuration decoding only; engine-fed operands and runtime branches preserved. 	EntitySettings\Heroes\Hero_Merlin!Hero_Merlin.entity.ot.EntitySettingsResource.gen	Primary Prep Format	EntitySettings\Heroes\Hero_Merlin!Hero_Merlin.entity.ot.EntitySettingsResource.gen@0x7bde0 -> EntitySettings\Heroes\Hero_Merlin!Hero_Merlin.entity.ot.EntitySettingsResource.gen@0x8e4d8 -> EntitySettings\Heroes\Hero_Merlin!Hero_Merlin.entity.ot.EntitySettingsResource.gen@0xd18b2 -> EntitySettings\Heroes\Hero_Merlin!Hero_Merlin.entity.ot.EntitySettingsResource.gen@0xd2ff9 -> EntitySettings\Heroes\Hero_Merlin!Hero_Merlin.entity.ot.EntitySettingsResource.gen@0xbfb19 -> EntitySettings\Heroes\Hero_Merlin!Hero_Merlin.entity.ot.EntitySettingsResource.gen@0x26e0d -> EntitySettings\Heroes\Hero_Merlin!Hero_Merlin.entity.ot.EntitySettingsResource.gen@0x2734f -> EntitySettings\Heroes\Hero_Merlin!Hero_Merlin.entity.ot.EntitySettingsResource.gen@0x269bf -> EntitySettings\Heroes\Hero_Merlin!Hero_Merlin.entity.ot.EntitySettingsResource.gen@0x2800f -> EntitySettings\Heroes\Hero_Merlin!Hero_Merlin.entity.ot.EntitySettingsResource.gen@0x2856d -> EntitySettings\Heroes\Hero_Merlin!Hero_Merlin.entity.ot.EntitySettingsResource.gen@0x27ad1 -> EntitySettings\Heroes\Hero_Merlin!Hero_Merlin.entity.ot.EntitySettingsResource.gen@0x25e32 -> EntitySettings\Heroes\Hero_Merlin!Hero_Merlin.entity.ot.EntitySettingsResource.gen@0x262dc -> EntitySettings\Heroes\Hero_Merlin!Hero_Merlin.entity.ot.EntitySettingsResource.gen@0x257a8 -> EntitySettings\Heroes\Hero_Merlin!Hero_Merlin.entity.ot.EntitySettingsResource.gen@0x29725 -> EntitySettings\Heroes\Hero_Merlin!Hero_Merlin.entity.ot.EntitySettingsResource.gen@0x2a125 -> EntitySettings\Heroes\Hero_Merlin!Hero_Merlin.entity.ot.EntitySettingsResource.gen@0x293e5 -> EntitySettings\Heroes\Hero_Merlin!Hero_Merlin.entity.ot.EntitySettingsResource.gen@0xd2a60 -> EntitySettings\Heroes\Hero_Merlin!Hero_Merlin.entity.ot.EntitySettingsResource.gen@0xd2bdd -> EntitySettings\Heroes\Hero_Merlin!Hero_Merlin.entity.ot.EntitySettingsResource.gen@0xd25e5	rb45cb9f7	0 / 8 / 8 / 8	decoded	accepted without reading	
Power / Prep	Base	Nature Spells	Hero_Merlin_Common.LangEN.tsv	Ability_Power_Desc	7	charges	1	charges	Primary Charge To Damage Charge Selector{[Modifier Listener] Hero_Common\MO Charge To Damage\Primary Charge To Damage Modifier Listener => 1; True => 1}	Hypothetical formatter baseline: DMG=10; HEALING=10; AP=0; no talents or objects; gameplay level unspecified; resource/form/hold/switch conditions preserved	decoded-baseline	Formatter/configuration decoding only; engine-fed operands and runtime branches preserved. 	EntitySettings\Heroes\Hero_Merlin!Hero_Merlin.entity.ot.EntitySettingsResource.gen; EntitySettings\Heroes\Hero_Common!Hero_Common.entity.ot.EntitySettingsResource.gen	Primary Prep Format	EntitySettings\Heroes\Hero_Merlin!Hero_Merlin.entity.ot.EntitySettingsResource.gen@0x7bde0 -> EntitySettings\Heroes\Hero_Common!Hero_Common.entity.ot.EntitySettingsResource.gen@0xd15a8 -> EntitySettings\Heroes\Hero_Common!Hero_Common.entity.ot.EntitySettingsResource.gen@0x98202 -> EntitySettings\Heroes\Hero_Common!Hero_Common.entity.ot.EntitySettingsResource.gen@0xa8a9					
Power / Prep	Base	Nature Spells	Hero_Merlin_Common.LangEN.tsv	Ability_Power_Desc	7	active_duration		seconds	unresolved(Required checklist field has no established owning runtime property/code path)	Hypothetical formatter baseline: DMG=10; HEALING=10; AP=0; no talents or objects; gameplay level unspecified; resource/form/hold/switch conditions preserved	unresolved	Formatter/configuration decoding only; engine-fed operands and runtime branches preserved. Required checklist field has no established owning runtime property/code path Blocked: Required checklist field has no established owning runtime property/code path	EntitySettings/Heroes/Hero_Merlin!Hero_Merlin.entity.ot.EntitySettingsResource.gen	active_duration						
Power / Prep	Base	Nature Spells	Hero_Merlin_Common.LangEN.tsv	Ability_Power_Desc	7	resource_cost		resource	unresolved(Required checklist field has no established owning runtime property/code path)	Hypothetical formatter baseline: DMG=10; HEALING=10; AP=0; no talents or objects; gameplay level unspecified; resource/form/hold/switch conditions preserved	unresolved	Formatter/configuration decoding only; engine-fed operands and runtime branches preserved. Required checklist field has no established owning runtime property/code path Blocked: Required checklist field has no established owning runtime property/code path	EntitySettings/Heroes/Hero_Merlin!Hero_Merlin.entity.ot.EntitySettingsResource.gen	resource_cost						
Power / Nature	Base	Giant Brambles	Hero_Merlin_Common.LangEN.tsv	Ability_Power_Power_Desc	9	active_duration		seconds	unresolved(Required checklist field has no established owning runtime property/code path)	Hypothetical formatter baseline: DMG=10; HEALING=10; AP=0; no talents or objects; gameplay level unspecified; resource/form/hold/switch conditions preserved	unresolved	Formatter/configuration decoding only; engine-fed operands and runtime branches preserved. Required checklist field has no established owning runtime property/code path Blocked: Required checklist field has no established owning runtime property/code path	EntitySettings/Heroes/Hero_Merlin!Hero_Merlin.entity.ot.EntitySettingsResource.gen	active_duration						
Power / Nature	Base	Giant Brambles	Hero_Merlin_Common.LangEN.tsv	Ability_Power_Power_Desc	9	resource_cost		resource	unresolved(Required checklist field has no established owning runtime property/code path)	Hypothetical formatter baseline: DMG=10; HEALING=10; AP=0; no talents or objects; gameplay level unspecified; resource/form/hold/switch conditions preserved	unresolved	Formatter/configuration decoding only; engine-fed operands and runtime branches preserved. Required checklist field has no established owning runtime property/code path Blocked: Required checklist field has no established owning runtime property/code path	EntitySettings/Heroes/Hero_Merlin!Hero_Merlin.entity.ot.EntitySettingsResource.gen	resource_cost						
Special / Nature	Base	Starfall	Hero_Merlin_Common.LangEN.tsv	Ability_Power_Special_Desc	11	active_duration		seconds	unresolved(Required checklist field has no established owning runtime property/code path)	Hypothetical formatter baseline: DMG=10; HEALING=10; AP=0; no talents or objects; gameplay level unspecified; resource/form/hold/switch conditions preserved	unresolved	Formatter/configuration decoding only; engine-fed operands and runtime branches preserved. Required checklist field has no established owning runtime property/code path Blocked: Required checklist field has no established owning runtime property/code path	EntitySettings/Heroes/Hero_Merlin!Hero_Merlin.entity.ot.EntitySettingsResource.gen	active_duration						
Special / Nature	Base	Starfall	Hero_Merlin_Common.LangEN.tsv	Ability_Power_Special_Desc	11	resource_cost		resource	unresolved(Required checklist field has no established owning runtime property/code path)	Hypothetical formatter baseline: DMG=10; HEALING=10; AP=0; no talents or objects; gameplay level unspecified; resource/form/hold/switch conditions preserved	unresolved	Formatter/configuration decoding only; engine-fed operands and runtime branches preserved. Required checklist field has no established owning runtime property/code path Blocked: Required checklist field has no established owning runtime property/code path	EntitySettings/Heroes/Hero_Merlin!Hero_Merlin.entity.ot.EntitySettingsResource.gen	resource_cost						
Defense / Nature	Base	Stone Shield	Hero_Merlin_Common.LangEN.tsv	Ability_Power_Defense_Desc	13	active_duration		seconds	unresolved(Required checklist field has no established owning runtime property/code path)	Hypothetical formatter baseline: DMG=10; HEALING=10; AP=0; no talents or objects; gameplay level unspecified; resource/form/hold/switch conditions preserved	unresolved	Formatter/configuration decoding only; engine-fed operands and runtime branches preserved. Required checklist field has no established owning runtime property/code path Blocked: Required checklist field has no established owning runtime property/code path	EntitySettings/Heroes/Hero_Merlin!Hero_Merlin.entity.ot.EntitySettingsResource.gen	active_duration						
Defense / Nature	Base	Stone Shield	Hero_Merlin_Common.LangEN.tsv	Ability_Power_Defense_Desc	13	resource_cost		resource	unresolved(Required checklist field has no established owning runtime property/code path)	Hypothetical formatter baseline: DMG=10; HEALING=10; AP=0; no talents or objects; gameplay level unspecified; resource/form/hold/switch conditions preserved	unresolved	Formatter/configuration decoding only; engine-fed operands and runtime branches preserved. Required checklist field has no established owning runtime property/code path Blocked: Required checklist field has no established owning runtime property/code path	EntitySettings/Heroes/Hero_Merlin!Hero_Merlin.entity.ot.EntitySettingsResource.gen	resource_cost						
Special / Prep	Base	Arcane Spells	Hero_Merlin_Common.LangEN.tsv	Ability_Special_Desc	15	charges	1	charges	Trait Ability Default Charges Selector{True => 1}	Hypothetical formatter baseline: DMG=10; HEALING=10; AP=0; no talents or objects; gameplay level unspecified; resource/form/hold/switch conditions preserved	decoded-baseline	Formatter/configuration decoding only; engine-fed operands and runtime branches preserved. 	EntitySettings\Heroes\Hero_Merlin!Hero_Merlin.entity.ot.EntitySettingsResource.gen; EntitySettings\Heroes\Hero_Common!Hero_Common.entity.ot.EntitySettingsResource.gen	Secondary Ability Controller	EntitySettings\Heroes\Hero_Merlin!Hero_Merlin.entity.ot.EntitySettingsResource.gen@0x7fc12 -> EntitySettings\Heroes\Hero_Common!Hero_Common.entity.ot.EntitySettingsResource.gen@0xb280 -> EntitySettings\Heroes\Hero_Common!Hero_Common.entity.ot.EntitySettingsResource.gen@0xd2f6c					
Special / Prep	Base	Arcane Spells	Hero_Merlin_Common.LangEN.tsv	Ability_Special_Desc	15	active_duration		seconds	unresolved(Required checklist field has no established owning runtime property/code path)	Hypothetical formatter baseline: DMG=10; HEALING=10; AP=0; no talents or objects; gameplay level unspecified; resource/form/hold/switch conditions preserved	unresolved	Formatter/configuration decoding only; engine-fed operands and runtime branches preserved. Required checklist field has no established owning runtime property/code path Blocked: Required checklist field has no established owning runtime property/code path	EntitySettings/Heroes/Hero_Merlin!Hero_Merlin.entity.ot.EntitySettingsResource.gen	active_duration						
Special / Prep	Base	Arcane Spells	Hero_Merlin_Common.LangEN.tsv	Ability_Special_Desc	15	resource_cost		resource	unresolved(Required checklist field has no established owning runtime property/code path)	Hypothetical formatter baseline: DMG=10; HEALING=10; AP=0; no talents or objects; gameplay level unspecified; resource/form/hold/switch conditions preserved	unresolved	Formatter/configuration decoding only; engine-fed operands and runtime branches preserved. Required checklist field has no established owning runtime property/code path Blocked: Required checklist field has no established owning runtime property/code path	EntitySettings/Heroes/Hero_Merlin!Hero_Merlin.entity.ot.EntitySettingsResource.gen	resource_cost						
Power / Arcane	Base	Fork of Lightning	Hero_Merlin_Common.LangEN.tsv	Ability_Special_Power_Desc	17	resource_cost		resource	unresolved(Required checklist field has no established owning runtime property/code path)	Hypothetical formatter baseline: DMG=10; HEALING=10; AP=0; no talents or objects; gameplay level unspecified; resource/form/hold/switch conditions preserved	unresolved	Formatter/configuration decoding only; engine-fed operands and runtime branches preserved. Required checklist field has no established owning runtime property/code path Blocked: Required checklist field has no established owning runtime property/code path	EntitySettings/Heroes/Hero_Merlin!Hero_Merlin.entity.ot.EntitySettingsResource.gen	resource_cost						
Special / Arcane	Base	Fireball	Hero_Merlin_Common.LangEN.tsv	Ability_Special_Special_Desc	19	active_duration		seconds	unresolved(Required checklist field has no established owning runtime property/code path)	Hypothetical formatter baseline: DMG=10; HEALING=10; AP=0; no talents or objects; gameplay level unspecified; resource/form/hold/switch conditions preserved	unresolved	Formatter/configuration decoding only; engine-fed operands and runtime branches preserved. Required checklist field has no established owning runtime property/code path Blocked: Required checklist field has no established owning runtime property/code path	EntitySettings/Heroes/Hero_Merlin!Hero_Merlin.entity.ot.EntitySettingsResource.gen	active_duration						
Special / Arcane	Base	Fireball	Hero_Merlin_Common.LangEN.tsv	Ability_Special_Special_Desc	19	resource_cost		resource	unresolved(Required checklist field has no established owning runtime property/code path)	Hypothetical formatter baseline: DMG=10; HEALING=10; AP=0; no talents or objects; gameplay level unspecified; resource/form/hold/switch conditions preserved	unresolved	Formatter/configuration decoding only; engine-fed operands and runtime branches preserved. Required checklist field has no established owning runtime property/code path Blocked: Required checklist field has no established owning runtime property/code path	EntitySettings/Heroes/Hero_Merlin!Hero_Merlin.entity.ot.EntitySettingsResource.gen	resource_cost						
Defense / Arcane	Base	Frost Orb	Hero_Merlin_Common.LangEN.tsv	Ability_Special_Defense_Desc	21	active_duration		seconds	unresolved(Required checklist field has no established owning runtime property/code path)	Hypothetical formatter baseline: DMG=10; HEALING=10; AP=0; no talents or objects; gameplay level unspecified; resource/form/hold/switch conditions preserved	unresolved	Formatter/configuration decoding only; engine-fed operands and runtime branches preserved. Required checklist field has no established owning runtime property/code path Blocked: Required checklist field has no established owning runtime property/code path	EntitySettings/Heroes/Hero_Merlin!Hero_Merlin.entity.ot.EntitySettingsResource.gen	active_duration						
Defense / Arcane	Base	Frost Orb	Hero_Merlin_Common.LangEN.tsv	Ability_Special_Defense_Desc	21	resource_cost		resource	unresolved(Required checklist field has no established owning runtime property/code path)	Hypothetical formatter baseline: DMG=10; HEALING=10; AP=0; no talents or objects; gameplay level unspecified; resource/form/hold/switch conditions preserved	unresolved	Formatter/configuration decoding only; engine-fed operands and runtime branches preserved. Required checklist field has no established owning runtime property/code path Blocked: Required checklist field has no established owning runtime property/code path	EntitySettings/Heroes/Hero_Merlin!Hero_Merlin.entity.ot.EntitySettingsResource.gen	resource_cost						
Defense / Prep	Base; Second Ability Selected Selector{[State] Hero_Merlin\Ability Primary/Primary Primary\State Ability Primary Primary => 1; [State] Hero_Merlin\Ability Primary/Primary Secondary\State Ability Primary Secondary => 2; [State] Hero_Merlin\Ability Primary/Primary Defense\State Ability Primary Defense => 3; [State] Hero_Merlin\Ability Secondary/Secondary Primary\State Ability Secondary Primary => 1; [State] Hero_Merlin\Ability Secondary/Secondary Secondary\State Ability Secondary Secondary => 2; [State] Hero_Merlin\Ability Secondary/Secondary Defense\State Ability Secondary Defense => 3; [State] Hero_Merlin\Ability Defense/Defense Primary\State Ability Defense Primary => 1; [State] Hero_Merlin\Ability Defense/Defense Secondary\State Ability Defense Secondary => 2; [State] Hero_Merlin\Ability Defense/Defense Defense\State Ability Defense Defense => 3; [State] Hero_Merlin\Ability Ultimate 2/Ultimate 2 Primary\State Ability Ultimate 2 Primary => 1; [State] Hero_Merlin\Ability Ultimate 2/Ultimate 2 Secondary\State Ability Ultimate 2 Secondary => 2; [State] Hero_Merlin\Ability Ultimate 2/Ultimate 2 Defense\State Ability Ultimate 2 Defense => 3; True => 0}=0	Sacred Spells	Hero_Merlin_Common.LangEN.tsv	Ability_Defense_Desc	23	cooldown	0	seconds	0.0	Hypothetical formatter baseline: DMG=10; HEALING=10; AP=0; no talents or objects; gameplay level unspecified; resource/form/hold/switch conditions preserved	decoded	Formatter/configuration decoding only; engine-fed operands and runtime branches preserved. 	EntitySettings\Heroes\Hero_Merlin!Hero_Merlin.entity.ot.EntitySettingsResource.gen	Defensive Prep Format	EntitySettings\Heroes\Hero_Merlin!Hero_Merlin.entity.ot.EntitySettingsResource.gen@0x7dc1b -> EntitySettings\Heroes\Hero_Merlin!Hero_Merlin.entity.ot.EntitySettingsResource.gen@0x8f425 -> EntitySettings\Heroes\Hero_Merlin!Hero_Merlin.entity.ot.EntitySettingsResource.gen@0xd18b2 -> EntitySettings\Heroes\Hero_Merlin!Hero_Merlin.entity.ot.EntitySettingsResource.gen@0xd2ff9 -> EntitySettings\Heroes\Hero_Merlin!Hero_Merlin.entity.ot.EntitySettingsResource.gen@0xbfb19 -> EntitySettings\Heroes\Hero_Merlin!Hero_Merlin.entity.ot.EntitySettingsResource.gen@0x26e0d -> EntitySettings\Heroes\Hero_Merlin!Hero_Merlin.entity.ot.EntitySettingsResource.gen@0x2734f -> EntitySettings\Heroes\Hero_Merlin!Hero_Merlin.entity.ot.EntitySettingsResource.gen@0x269bf -> EntitySettings\Heroes\Hero_Merlin!Hero_Merlin.entity.ot.EntitySettingsResource.gen@0x2800f -> EntitySettings\Heroes\Hero_Merlin!Hero_Merlin.entity.ot.EntitySettingsResource.gen@0x2856d -> EntitySettings\Heroes\Hero_Merlin!Hero_Merlin.entity.ot.EntitySettingsResource.gen@0x27ad1 -> EntitySettings\Heroes\Hero_Merlin!Hero_Merlin.entity.ot.EntitySettingsResource.gen@0x25e32 -> EntitySettings\Heroes\Hero_Merlin!Hero_Merlin.entity.ot.EntitySettingsResource.gen@0x262dc -> EntitySettings\Heroes\Hero_Merlin!Hero_Merlin.entity.ot.EntitySettingsResource.gen@0x257a8 -> EntitySettings\Heroes\Hero_Merlin!Hero_Merlin.entity.ot.EntitySettingsResource.gen@0x29725 -> EntitySettings\Heroes\Hero_Merlin!Hero_Merlin.entity.ot.EntitySettingsResource.gen@0x2a125 -> EntitySettings\Heroes\Hero_Merlin!Hero_Merlin.entity.ot.EntitySettingsResource.gen@0x293e5 -> EntitySettings\Heroes\Hero_Merlin!Hero_Merlin.entity.ot.EntitySettingsResource.gen@0xd3666 -> EntitySettings\Heroes\Hero_Merlin!Hero_Merlin.entity.ot.EntitySettingsResource.gen@0xd3974 -> EntitySettings\Heroes\Hero_Merlin!Hero_Merlin.entity.ot.EntitySettingsResource.gen@0xd310a	r2921f40d	0 / 8 / 8 / 8	decoded	accepted without reading	
Defense / Prep	Base; Second Ability Selected Selector{[State] Hero_Merlin\Ability Primary/Primary Primary\State Ability Primary Primary => 1; [State] Hero_Merlin\Ability Primary/Primary Secondary\State Ability Primary Secondary => 2; [State] Hero_Merlin\Ability Primary/Primary Defense\State Ability Primary Defense => 3; [State] Hero_Merlin\Ability Secondary/Secondary Primary\State Ability Secondary Primary => 1; [State] Hero_Merlin\Ability Secondary/Secondary Secondary\State Ability Secondary Secondary => 2; [State] Hero_Merlin\Ability Secondary/Secondary Defense\State Ability Secondary Defense => 3; [State] Hero_Merlin\Ability Defense/Defense Primary\State Ability Defense Primary => 1; [State] Hero_Merlin\Ability Defense/Defense Secondary\State Ability Defense Secondary => 2; [State] Hero_Merlin\Ability Defense/Defense Defense\State Ability Defense Defense => 3; [State] Hero_Merlin\Ability Ultimate 2/Ultimate 2 Primary\State Ability Ultimate 2 Primary => 1; [State] Hero_Merlin\Ability Ultimate 2/Ultimate 2 Secondary\State Ability Ultimate 2 Secondary => 2; [State] Hero_Merlin\Ability Ultimate 2/Ultimate 2 Defense\State Ability Ultimate 2 Defense => 3; True => 0}=1	Sacred Spells	Hero_Merlin_Common.LangEN.tsv	Ability_Defense_Desc	23	cooldown	8	seconds	8.0	Hypothetical formatter baseline: DMG=10; HEALING=10; AP=0; no talents or objects; gameplay level unspecified; resource/form/hold/switch conditions preserved	decoded	Formatter/configuration decoding only; engine-fed operands and runtime branches preserved. 	EntitySettings\Heroes\Hero_Merlin!Hero_Merlin.entity.ot.EntitySettingsResource.gen	Defensive Prep Format	EntitySettings\Heroes\Hero_Merlin!Hero_Merlin.entity.ot.EntitySettingsResource.gen@0x7dc1b -> EntitySettings\Heroes\Hero_Merlin!Hero_Merlin.entity.ot.EntitySettingsResource.gen@0x8f425 -> EntitySettings\Heroes\Hero_Merlin!Hero_Merlin.entity.ot.EntitySettingsResource.gen@0xd18b2 -> EntitySettings\Heroes\Hero_Merlin!Hero_Merlin.entity.ot.EntitySettingsResource.gen@0xd2ff9 -> EntitySettings\Heroes\Hero_Merlin!Hero_Merlin.entity.ot.EntitySettingsResource.gen@0xbfb19 -> EntitySettings\Heroes\Hero_Merlin!Hero_Merlin.entity.ot.EntitySettingsResource.gen@0x26e0d -> EntitySettings\Heroes\Hero_Merlin!Hero_Merlin.entity.ot.EntitySettingsResource.gen@0x2734f -> EntitySettings\Heroes\Hero_Merlin!Hero_Merlin.entity.ot.EntitySettingsResource.gen@0x269bf -> EntitySettings\Heroes\Hero_Merlin!Hero_Merlin.entity.ot.EntitySettingsResource.gen@0x2800f -> EntitySettings\Heroes\Hero_Merlin!Hero_Merlin.entity.ot.EntitySettingsResource.gen@0x2856d -> EntitySettings\Heroes\Hero_Merlin!Hero_Merlin.entity.ot.EntitySettingsResource.gen@0x27ad1 -> EntitySettings\Heroes\Hero_Merlin!Hero_Merlin.entity.ot.EntitySettingsResource.gen@0x25e32 -> EntitySettings\Heroes\Hero_Merlin!Hero_Merlin.entity.ot.EntitySettingsResource.gen@0x262dc -> EntitySettings\Heroes\Hero_Merlin!Hero_Merlin.entity.ot.EntitySettingsResource.gen@0x257a8 -> EntitySettings\Heroes\Hero_Merlin!Hero_Merlin.entity.ot.EntitySettingsResource.gen@0x29725 -> EntitySettings\Heroes\Hero_Merlin!Hero_Merlin.entity.ot.EntitySettingsResource.gen@0x2a125 -> EntitySettings\Heroes\Hero_Merlin!Hero_Merlin.entity.ot.EntitySettingsResource.gen@0x293e5 -> EntitySettings\Heroes\Hero_Merlin!Hero_Merlin.entity.ot.EntitySettingsResource.gen@0xd3666 -> EntitySettings\Heroes\Hero_Merlin!Hero_Merlin.entity.ot.EntitySettingsResource.gen@0xd3974 -> EntitySettings\Heroes\Hero_Merlin!Hero_Merlin.entity.ot.EntitySettingsResource.gen@0xd310a	r2921f40d	0 / 8 / 8 / 8	decoded	accepted without reading	
Defense / Prep	Base; Second Ability Selected Selector{[State] Hero_Merlin\Ability Primary/Primary Primary\State Ability Primary Primary => 1; [State] Hero_Merlin\Ability Primary/Primary Secondary\State Ability Primary Secondary => 2; [State] Hero_Merlin\Ability Primary/Primary Defense\State Ability Primary Defense => 3; [State] Hero_Merlin\Ability Secondary/Secondary Primary\State Ability Secondary Primary => 1; [State] Hero_Merlin\Ability Secondary/Secondary Secondary\State Ability Secondary Secondary => 2; [State] Hero_Merlin\Ability Secondary/Secondary Defense\State Ability Secondary Defense => 3; [State] Hero_Merlin\Ability Defense/Defense Primary\State Ability Defense Primary => 1; [State] Hero_Merlin\Ability Defense/Defense Secondary\State Ability Defense Secondary => 2; [State] Hero_Merlin\Ability Defense/Defense Defense\State Ability Defense Defense => 3; [State] Hero_Merlin\Ability Ultimate 2/Ultimate 2 Primary\State Ability Ultimate 2 Primary => 1; [State] Hero_Merlin\Ability Ultimate 2/Ultimate 2 Secondary\State Ability Ultimate 2 Secondary => 2; [State] Hero_Merlin\Ability Ultimate 2/Ultimate 2 Defense\State Ability Ultimate 2 Defense => 3; True => 0}=2	Sacred Spells	Hero_Merlin_Common.LangEN.tsv	Ability_Defense_Desc	23	cooldown	8	seconds	8.0	Hypothetical formatter baseline: DMG=10; HEALING=10; AP=0; no talents or objects; gameplay level unspecified; resource/form/hold/switch conditions preserved	decoded	Formatter/configuration decoding only; engine-fed operands and runtime branches preserved. 	EntitySettings\Heroes\Hero_Merlin!Hero_Merlin.entity.ot.EntitySettingsResource.gen	Defensive Prep Format	EntitySettings\Heroes\Hero_Merlin!Hero_Merlin.entity.ot.EntitySettingsResource.gen@0x7dc1b -> EntitySettings\Heroes\Hero_Merlin!Hero_Merlin.entity.ot.EntitySettingsResource.gen@0x8f425 -> EntitySettings\Heroes\Hero_Merlin!Hero_Merlin.entity.ot.EntitySettingsResource.gen@0xd18b2 -> EntitySettings\Heroes\Hero_Merlin!Hero_Merlin.entity.ot.EntitySettingsResource.gen@0xd2ff9 -> EntitySettings\Heroes\Hero_Merlin!Hero_Merlin.entity.ot.EntitySettingsResource.gen@0xbfb19 -> EntitySettings\Heroes\Hero_Merlin!Hero_Merlin.entity.ot.EntitySettingsResource.gen@0x26e0d -> EntitySettings\Heroes\Hero_Merlin!Hero_Merlin.entity.ot.EntitySettingsResource.gen@0x2734f -> EntitySettings\Heroes\Hero_Merlin!Hero_Merlin.entity.ot.EntitySettingsResource.gen@0x269bf -> EntitySettings\Heroes\Hero_Merlin!Hero_Merlin.entity.ot.EntitySettingsResource.gen@0x2800f -> EntitySettings\Heroes\Hero_Merlin!Hero_Merlin.entity.ot.EntitySettingsResource.gen@0x2856d -> EntitySettings\Heroes\Hero_Merlin!Hero_Merlin.entity.ot.EntitySettingsResource.gen@0x27ad1 -> EntitySettings\Heroes\Hero_Merlin!Hero_Merlin.entity.ot.EntitySettingsResource.gen@0x25e32 -> EntitySettings\Heroes\Hero_Merlin!Hero_Merlin.entity.ot.EntitySettingsResource.gen@0x262dc -> EntitySettings\Heroes\Hero_Merlin!Hero_Merlin.entity.ot.EntitySettingsResource.gen@0x257a8 -> EntitySettings\Heroes\Hero_Merlin!Hero_Merlin.entity.ot.EntitySettingsResource.gen@0x29725 -> EntitySettings\Heroes\Hero_Merlin!Hero_Merlin.entity.ot.EntitySettingsResource.gen@0x2a125 -> EntitySettings\Heroes\Hero_Merlin!Hero_Merlin.entity.ot.EntitySettingsResource.gen@0x293e5 -> EntitySettings\Heroes\Hero_Merlin!Hero_Merlin.entity.ot.EntitySettingsResource.gen@0xd3666 -> EntitySettings\Heroes\Hero_Merlin!Hero_Merlin.entity.ot.EntitySettingsResource.gen@0xd3974 -> EntitySettings\Heroes\Hero_Merlin!Hero_Merlin.entity.ot.EntitySettingsResource.gen@0xd310a	r2921f40d	0 / 8 / 8 / 8	decoded	accepted without reading	
Defense / Prep	Base; Second Ability Selected Selector{[State] Hero_Merlin\Ability Primary/Primary Primary\State Ability Primary Primary => 1; [State] Hero_Merlin\Ability Primary/Primary Secondary\State Ability Primary Secondary => 2; [State] Hero_Merlin\Ability Primary/Primary Defense\State Ability Primary Defense => 3; [State] Hero_Merlin\Ability Secondary/Secondary Primary\State Ability Secondary Primary => 1; [State] Hero_Merlin\Ability Secondary/Secondary Secondary\State Ability Secondary Secondary => 2; [State] Hero_Merlin\Ability Secondary/Secondary Defense\State Ability Secondary Defense => 3; [State] Hero_Merlin\Ability Defense/Defense Primary\State Ability Defense Primary => 1; [State] Hero_Merlin\Ability Defense/Defense Secondary\State Ability Defense Secondary => 2; [State] Hero_Merlin\Ability Defense/Defense Defense\State Ability Defense Defense => 3; [State] Hero_Merlin\Ability Ultimate 2/Ultimate 2 Primary\State Ability Ultimate 2 Primary => 1; [State] Hero_Merlin\Ability Ultimate 2/Ultimate 2 Secondary\State Ability Ultimate 2 Secondary => 2; [State] Hero_Merlin\Ability Ultimate 2/Ultimate 2 Defense\State Ability Ultimate 2 Defense => 3; True => 0}=3	Sacred Spells	Hero_Merlin_Common.LangEN.tsv	Ability_Defense_Desc	23	cooldown	8	seconds	8.0	Hypothetical formatter baseline: DMG=10; HEALING=10; AP=0; no talents or objects; gameplay level unspecified; resource/form/hold/switch conditions preserved	decoded	Formatter/configuration decoding only; engine-fed operands and runtime branches preserved. 	EntitySettings\Heroes\Hero_Merlin!Hero_Merlin.entity.ot.EntitySettingsResource.gen	Defensive Prep Format	EntitySettings\Heroes\Hero_Merlin!Hero_Merlin.entity.ot.EntitySettingsResource.gen@0x7dc1b -> EntitySettings\Heroes\Hero_Merlin!Hero_Merlin.entity.ot.EntitySettingsResource.gen@0x8f425 -> EntitySettings\Heroes\Hero_Merlin!Hero_Merlin.entity.ot.EntitySettingsResource.gen@0xd18b2 -> EntitySettings\Heroes\Hero_Merlin!Hero_Merlin.entity.ot.EntitySettingsResource.gen@0xd2ff9 -> EntitySettings\Heroes\Hero_Merlin!Hero_Merlin.entity.ot.EntitySettingsResource.gen@0xbfb19 -> EntitySettings\Heroes\Hero_Merlin!Hero_Merlin.entity.ot.EntitySettingsResource.gen@0x26e0d -> EntitySettings\Heroes\Hero_Merlin!Hero_Merlin.entity.ot.EntitySettingsResource.gen@0x2734f -> EntitySettings\Heroes\Hero_Merlin!Hero_Merlin.entity.ot.EntitySettingsResource.gen@0x269bf -> EntitySettings\Heroes\Hero_Merlin!Hero_Merlin.entity.ot.EntitySettingsResource.gen@0x2800f -> EntitySettings\Heroes\Hero_Merlin!Hero_Merlin.entity.ot.EntitySettingsResource.gen@0x2856d -> EntitySettings\Heroes\Hero_Merlin!Hero_Merlin.entity.ot.EntitySettingsResource.gen@0x27ad1 -> EntitySettings\Heroes\Hero_Merlin!Hero_Merlin.entity.ot.EntitySettingsResource.gen@0x25e32 -> EntitySettings\Heroes\Hero_Merlin!Hero_Merlin.entity.ot.EntitySettingsResource.gen@0x262dc -> EntitySettings\Heroes\Hero_Merlin!Hero_Merlin.entity.ot.EntitySettingsResource.gen@0x257a8 -> EntitySettings\Heroes\Hero_Merlin!Hero_Merlin.entity.ot.EntitySettingsResource.gen@0x29725 -> EntitySettings\Heroes\Hero_Merlin!Hero_Merlin.entity.ot.EntitySettingsResource.gen@0x2a125 -> EntitySettings\Heroes\Hero_Merlin!Hero_Merlin.entity.ot.EntitySettingsResource.gen@0x293e5 -> EntitySettings\Heroes\Hero_Merlin!Hero_Merlin.entity.ot.EntitySettingsResource.gen@0xd3666 -> EntitySettings\Heroes\Hero_Merlin!Hero_Merlin.entity.ot.EntitySettingsResource.gen@0xd3974 -> EntitySettings\Heroes\Hero_Merlin!Hero_Merlin.entity.ot.EntitySettingsResource.gen@0xd310a	r2921f40d	0 / 8 / 8 / 8	decoded	accepted without reading	
Defense / Prep	Base	Sacred Spells	Hero_Merlin_Common.LangEN.tsv	Ability_Defense_Desc	23	charges	1	charges	Secondary Charge To Damage Charge Selector{[Modifier Listener] Hero_Common\MO Charge To Damage\Secondary Charge To Damage Modifier Listener => 1; True => 1}	Hypothetical formatter baseline: DMG=10; HEALING=10; AP=0; no talents or objects; gameplay level unspecified; resource/form/hold/switch conditions preserved	decoded-baseline	Formatter/configuration decoding only; engine-fed operands and runtime branches preserved. 	EntitySettings\Heroes\Hero_Merlin!Hero_Merlin.entity.ot.EntitySettingsResource.gen; EntitySettings\Heroes\Hero_Common!Hero_Common.entity.ot.EntitySettingsResource.gen	Defensive Prep Format	EntitySettings\Heroes\Hero_Merlin!Hero_Merlin.entity.ot.EntitySettingsResource.gen@0x7dc1b -> EntitySettings\Heroes\Hero_Common!Hero_Common.entity.ot.EntitySettingsResource.gen@0xd245f -> EntitySettings\Heroes\Hero_Common!Hero_Common.entity.ot.EntitySettingsResource.gen@0x9892e -> EntitySettings\Heroes\Hero_Common!Hero_Common.entity.ot.EntitySettingsResource.gen@0xae68					
Defense / Prep	Base	Sacred Spells	Hero_Merlin_Common.LangEN.tsv	Ability_Defense_Desc	23	active_duration		seconds	unresolved(Required checklist field has no established owning runtime property/code path)	Hypothetical formatter baseline: DMG=10; HEALING=10; AP=0; no talents or objects; gameplay level unspecified; resource/form/hold/switch conditions preserved	unresolved	Formatter/configuration decoding only; engine-fed operands and runtime branches preserved. Required checklist field has no established owning runtime property/code path Blocked: Required checklist field has no established owning runtime property/code path	EntitySettings/Heroes/Hero_Merlin!Hero_Merlin.entity.ot.EntitySettingsResource.gen	active_duration						
Defense / Prep	Base	Sacred Spells	Hero_Merlin_Common.LangEN.tsv	Ability_Defense_Desc	23	resource_cost		resource	unresolved(Required checklist field has no established owning runtime property/code path)	Hypothetical formatter baseline: DMG=10; HEALING=10; AP=0; no talents or objects; gameplay level unspecified; resource/form/hold/switch conditions preserved	unresolved	Formatter/configuration decoding only; engine-fed operands and runtime branches preserved. Required checklist field has no established owning runtime property/code path Blocked: Required checklist field has no established owning runtime property/code path	EntitySettings/Heroes/Hero_Merlin!Hero_Merlin.entity.ot.EntitySettingsResource.gen	resource_cost						
Power / Sacred	Base	Blessing	Hero_Merlin_Common.LangEN.tsv	Ability_Defense_Power_Desc	25	active_duration		seconds	unresolved(Required checklist field has no established owning runtime property/code path)	Hypothetical formatter baseline: DMG=10; HEALING=10; AP=0; no talents or objects; gameplay level unspecified; resource/form/hold/switch conditions preserved	unresolved	Formatter/configuration decoding only; engine-fed operands and runtime branches preserved. Required checklist field has no established owning runtime property/code path Blocked: Required checklist field has no established owning runtime property/code path	EntitySettings/Heroes/Hero_Merlin!Hero_Merlin.entity.ot.EntitySettingsResource.gen	active_duration						
Power / Sacred	Base	Blessing	Hero_Merlin_Common.LangEN.tsv	Ability_Defense_Power_Desc	25	resource_cost		resource	unresolved(Required checklist field has no established owning runtime property/code path)	Hypothetical formatter baseline: DMG=10; HEALING=10; AP=0; no talents or objects; gameplay level unspecified; resource/form/hold/switch conditions preserved	unresolved	Formatter/configuration decoding only; engine-fed operands and runtime branches preserved. Required checklist field has no established owning runtime property/code path Blocked: Required checklist field has no established owning runtime property/code path	EntitySettings/Heroes/Hero_Merlin!Hero_Merlin.entity.ot.EntitySettingsResource.gen	resource_cost						
Special / Sacred	Base	Light Nova	Hero_Merlin_Common.LangEN.tsv	Ability_Defense_Special_Desc	27	active_duration		seconds	unresolved(Required checklist field has no established owning runtime property/code path)	Hypothetical formatter baseline: DMG=10; HEALING=10; AP=0; no talents or objects; gameplay level unspecified; resource/form/hold/switch conditions preserved	unresolved	Formatter/configuration decoding only; engine-fed operands and runtime branches preserved. Required checklist field has no established owning runtime property/code path Blocked: Required checklist field has no established owning runtime property/code path	EntitySettings/Heroes/Hero_Merlin!Hero_Merlin.entity.ot.EntitySettingsResource.gen	active_duration						
Special / Sacred	Base	Light Nova	Hero_Merlin_Common.LangEN.tsv	Ability_Defense_Special_Desc	27	resource_cost		resource	unresolved(Required checklist field has no established owning runtime property/code path)	Hypothetical formatter baseline: DMG=10; HEALING=10; AP=0; no talents or objects; gameplay level unspecified; resource/form/hold/switch conditions preserved	unresolved	Formatter/configuration decoding only; engine-fed operands and runtime branches preserved. Required checklist field has no established owning runtime property/code path Blocked: Required checklist field has no established owning runtime property/code path	EntitySettings/Heroes/Hero_Merlin!Hero_Merlin.entity.ot.EntitySettingsResource.gen	resource_cost						
Defense / Sacred	Base	Blink	Hero_Merlin_Common.LangEN.tsv	Ability_Defense_Defense_Desc	29	active_duration		seconds	unresolved(Required checklist field has no established owning runtime property/code path)	Hypothetical formatter baseline: DMG=10; HEALING=10; AP=0; no talents or objects; gameplay level unspecified; resource/form/hold/switch conditions preserved	unresolved	Formatter/configuration decoding only; engine-fed operands and runtime branches preserved. Required checklist field has no established owning runtime property/code path Blocked: Required checklist field has no established owning runtime property/code path	EntitySettings/Heroes/Hero_Merlin!Hero_Merlin.entity.ot.EntitySettingsResource.gen	active_duration						
Defense / Sacred	Base	Blink	Hero_Merlin_Common.LangEN.tsv	Ability_Defense_Defense_Desc	29	resource_cost		resource	unresolved(Required checklist field has no established owning runtime property/code path)	Hypothetical formatter baseline: DMG=10; HEALING=10; AP=0; no talents or objects; gameplay level unspecified; resource/form/hold/switch conditions preserved	unresolved	Formatter/configuration decoding only; engine-fed operands and runtime branches preserved. Required checklist field has no established owning runtime property/code path Blocked: Required checklist field has no established owning runtime property/code path	EntitySettings/Heroes/Hero_Merlin!Hero_Merlin.entity.ot.EntitySettingsResource.gen	resource_cost						
Ultimate 1	Base	Standing Stone	Hero_Merlin_Common.LangEN.tsv	Ability_Ultimate_1_Desc	31	active_duration		seconds	unresolved(Required checklist field has no established owning runtime property/code path)	Hypothetical formatter baseline: DMG=10; HEALING=10; AP=0; no talents or objects; gameplay level unspecified; resource/form/hold/switch conditions preserved	unresolved	Formatter/configuration decoding only; engine-fed operands and runtime branches preserved. Required checklist field has no established owning runtime property/code path Blocked: Required checklist field has no established owning runtime property/code path	EntitySettings/Heroes/Hero_Merlin!Hero_Merlin.entity.ot.EntitySettingsResource.gen	active_duration						
Ultimate 1	Base	Standing Stone	Hero_Merlin_Common.LangEN.tsv	Ability_Ultimate_1_Desc	31	resource_cost		resource	unresolved(Required checklist field has no established owning runtime property/code path)	Hypothetical formatter baseline: DMG=10; HEALING=10; AP=0; no talents or objects; gameplay level unspecified; resource/form/hold/switch conditions preserved	unresolved	Formatter/configuration decoding only; engine-fed operands and runtime branches preserved. Required checklist field has no established owning runtime property/code path Blocked: Required checklist field has no established owning runtime property/code path	EntitySettings/Heroes/Hero_Merlin!Hero_Merlin.entity.ot.EntitySettingsResource.gen	resource_cost						
Ultimate 2 / Prep	Base	Forbidden Spells	Hero_Merlin_Common.LangEN.tsv	Ability_Ultimate_2_Desc	34	charges	1	charges	1	Hypothetical formatter baseline: DMG=10; HEALING=10; AP=0; no talents or objects; gameplay level unspecified; resource/form/hold/switch conditions preserved	decoded-baseline	Formatter/configuration decoding only; engine-fed operands and runtime branches preserved. 	EntitySettings\Heroes\Hero_Merlin!Hero_Merlin.entity.ot.EntitySettingsResource.gen; EntitySettings\Heroes\Hero_Common!Hero_Common.entity.ot.EntitySettingsResource.gen	Ultimate Power 2 Controller	EntitySettings\Heroes\Hero_Merlin!Hero_Merlin.entity.ot.EntitySettingsResource.gen@0x821a0 -> EntitySettings\Heroes\Hero_Common!Hero_Common.entity.ot.EntitySettingsResource.gen@0xb50d					
Ultimate 2 / Prep	Base	Forbidden Spells	Hero_Merlin_Common.LangEN.tsv	Ability_Ultimate_2_Desc	34	active_duration		seconds	unresolved(Required checklist field has no established owning runtime property/code path)	Hypothetical formatter baseline: DMG=10; HEALING=10; AP=0; no talents or objects; gameplay level unspecified; resource/form/hold/switch conditions preserved	unresolved	Formatter/configuration decoding only; engine-fed operands and runtime branches preserved. Required checklist field has no established owning runtime property/code path Blocked: Required checklist field has no established owning runtime property/code path	EntitySettings/Heroes/Hero_Merlin!Hero_Merlin.entity.ot.EntitySettingsResource.gen	active_duration						
Ultimate 2 / Prep	Base	Forbidden Spells	Hero_Merlin_Common.LangEN.tsv	Ability_Ultimate_2_Desc	34	resource_cost		resource	unresolved(Required checklist field has no established owning runtime property/code path)	Hypothetical formatter baseline: DMG=10; HEALING=10; AP=0; no talents or objects; gameplay level unspecified; resource/form/hold/switch conditions preserved	unresolved	Formatter/configuration decoding only; engine-fed operands and runtime branches preserved. Required checklist field has no established owning runtime property/code path Blocked: Required checklist field has no established owning runtime property/code path	EntitySettings/Heroes/Hero_Merlin!Hero_Merlin.entity.ot.EntitySettingsResource.gen	resource_cost						
Power / Forbidden	Base	Cataclysm	Hero_Merlin_Common.LangEN.tsv	Ability_Ultimate_2_Power_Desc	37	active_duration		seconds	unresolved(Required checklist field has no established owning runtime property/code path)	Hypothetical formatter baseline: DMG=10; HEALING=10; AP=0; no talents or objects; gameplay level unspecified; resource/form/hold/switch conditions preserved	unresolved	Formatter/configuration decoding only; engine-fed operands and runtime branches preserved. Required checklist field has no established owning runtime property/code path Blocked: Required checklist field has no established owning runtime property/code path	EntitySettings/Heroes/Hero_Merlin!Hero_Merlin.entity.ot.EntitySettingsResource.gen	active_duration						
Power / Forbidden	Base	Cataclysm	Hero_Merlin_Common.LangEN.tsv	Ability_Ultimate_2_Power_Desc	37	resource_cost		resource	unresolved(Required checklist field has no established owning runtime property/code path)	Hypothetical formatter baseline: DMG=10; HEALING=10; AP=0; no talents or objects; gameplay level unspecified; resource/form/hold/switch conditions preserved	unresolved	Formatter/configuration decoding only; engine-fed operands and runtime branches preserved. Required checklist field has no established owning runtime property/code path Blocked: Required checklist field has no established owning runtime property/code path	EntitySettings/Heroes/Hero_Merlin!Hero_Merlin.entity.ot.EntitySettingsResource.gen	resource_cost						
Special / Forbidden	Base	Unholy Strikes	Hero_Merlin_Common.LangEN.tsv	Ability_Ultimate_2_Special_Desc	39	active_duration		seconds	unresolved(Required checklist field has no established owning runtime property/code path)	Hypothetical formatter baseline: DMG=10; HEALING=10; AP=0; no talents or objects; gameplay level unspecified; resource/form/hold/switch conditions preserved	unresolved	Formatter/configuration decoding only; engine-fed operands and runtime branches preserved. Required checklist field has no established owning runtime property/code path Blocked: Required checklist field has no established owning runtime property/code path	EntitySettings/Heroes/Hero_Merlin!Hero_Merlin.entity.ot.EntitySettingsResource.gen	active_duration						
Special / Forbidden	Base	Unholy Strikes	Hero_Merlin_Common.LangEN.tsv	Ability_Ultimate_2_Special_Desc	39	resource_cost		resource	unresolved(Required checklist field has no established owning runtime property/code path)	Hypothetical formatter baseline: DMG=10; HEALING=10; AP=0; no talents or objects; gameplay level unspecified; resource/form/hold/switch conditions preserved	unresolved	Formatter/configuration decoding only; engine-fed operands and runtime branches preserved. Required checklist field has no established owning runtime property/code path Blocked: Required checklist field has no established owning runtime property/code path	EntitySettings/Heroes/Hero_Merlin!Hero_Merlin.entity.ot.EntitySettingsResource.gen	resource_cost						
Defense / Forbidden	Base	Blood Ritual	Hero_Merlin_Common.LangEN.tsv	Ability_Ultimate_2_Defense_Desc	41	active_duration		seconds	unresolved(Required checklist field has no established owning runtime property/code path)	Hypothetical formatter baseline: DMG=10; HEALING=10; AP=0; no talents or objects; gameplay level unspecified; resource/form/hold/switch conditions preserved	unresolved	Formatter/configuration decoding only; engine-fed operands and runtime branches preserved. Required checklist field has no established owning runtime property/code path Blocked: Required checklist field has no established owning runtime property/code path	EntitySettings/Heroes/Hero_Merlin!Hero_Merlin.entity.ot.EntitySettingsResource.gen	active_duration						
Defense / Forbidden	Base	Blood Ritual	Hero_Merlin_Common.LangEN.tsv	Ability_Ultimate_2_Defense_Desc	41	resource_cost		resource	unresolved(Required checklist field has no established owning runtime property/code path)	Hypothetical formatter baseline: DMG=10; HEALING=10; AP=0; no talents or objects; gameplay level unspecified; resource/form/hold/switch conditions preserved	unresolved	Formatter/configuration decoding only; engine-fed operands and runtime branches preserved. Required checklist field has no established owning runtime property/code path Blocked: Required checklist field has no established owning runtime property/code path	EntitySettings/Heroes/Hero_Merlin!Hero_Merlin.entity.ot.EntitySettingsResource.gen	resource_cost						
Trait	Base	Celestial Potency	Hero_Merlin_Common.LangEN.tsv	Ability_Trait_Desc	3	intangible_duration		seconds	unresolved(Explicit checklist field: activation/timing/scaling/cost code path not established)	Hypothetical formatter baseline: DMG=10; HEALING=10; AP=0; no talents or objects; gameplay level unspecified; resource/form/hold/switch conditions preserved	unresolved	Formatter/configuration decoding only; engine-fed operands and runtime branches preserved. Explicit checklist field: activation/timing/scaling/cost code path not established Blocked: Explicit checklist field: activation/timing/scaling/cost code path not established	EntitySettings/Heroes/Hero_Merlin!Hero_Merlin.entity.ot.EntitySettingsResource.gen	Celestial Potency Counter	Hero_Merlin -> Trait -> Potency Counter					
Defense / Nature	Base	Stone Shield	Hero_Merlin_Common.LangEN.tsv	Ability_Power_Defense_Desc	13	damage_per_second		damage_per_second	(Level Damage Selector{[State] Character_Common\Bhv Preview\Behaviour Preview => DMG; True => DMG} * (1.0 + AP + NO_TALENT_OBJECT_MODIFIER(Primary Ability AP Modifier Listener)) * (1.0 + runtime_operand[1658]) * runtime_operand[1647])	Hypothetical formatter baseline: DMG=10; HEALING=10; AP=0; no talents or objects; gameplay level unspecified; resource/form/hold/switch conditions preserved	unresolved	Formatter/configuration decoding only; engine-fed operands and runtime branches preserved.  Blocked: Runtime selector predicate [State] Character_Common\Bhv Preview\Behaviour Preview.0xfd2833c is not established by serialized flag initialization; Property access needs engine semantics; no fallback substitution (Behaviour Preview.0xfd2833c); Engine-fed operation operand binding; serialized fallback must not replace live operand (operand binding 1658); Engine-fed operation operand binding; serialized fallback must not replace live operand (operand binding 1647)	EntitySettings\Heroes\Hero_Merlin!Hero_Merlin.entity.ot.EntitySettingsResource.gen; EntitySettings\Character_Common\Character_Common.entity.ot.EntitySettingsResource.gen; EntitySettings\Heroes\Hero_Common!Hero_Common.entity.ot.EntitySettingsResource.gen	formatter argument; kind=3452816640; format=2	EntitySettings\Heroes\Hero_Merlin!Hero_Merlin.entity.ot.EntitySettingsResource.gen@0x83a06 -> EntitySettings\Heroes\Hero_Merlin!Hero_Merlin.entity.ot.EntitySettingsResource.gen@0x5fd2a -> EntitySettings\Character_Common\Character_Common.entity.ot.EntitySettingsResource.gen@0x56f54 -> EntitySettings\Character_Common\Character_Common.entity.ot.EntitySettingsResource.gen@0x123dd -> EntitySettings\Character_Common\Character_Common.entity.ot.EntitySettingsResource.gen@0x32ecd -> EntitySettings\Character_Common\Character_Common.entity.ot.EntitySettingsResource.gen@0x5e0b5 -> EntitySettings\Heroes\Hero_Common!Hero_Common.entity.ot.EntitySettingsResource.gen@0x8efa9 -> EntitySettings\Character_Common\Character_Common.entity.ot.EntitySettingsResource.gen@0x59bde -> EntitySettings\Heroes\Hero_Common!Hero_Common.entity.ot.EntitySettingsResource.gen@0x9807d -> EntitySettings\Heroes\Hero_Merlin!Hero_Merlin.entity.ot.EntitySettingsResource.gen@0x5df79 -> EntitySettings\Heroes\Hero_Merlin!Hero_Merlin.entity.ot.EntitySettingsResource.gen@0xd251d	ra69e49ef	10	fill pass (decoded-baseline)	accepted without reading	
Special / Arcane	Base	Fireball	Hero_Merlin_Common.LangEN.tsv	Ability_Special_Special_Desc	19	distance_damage_formula		formula	unresolved(Explicit checklist field: activation/timing/scaling/cost code path not established)	Hypothetical formatter baseline: DMG=10; HEALING=10; AP=0; no talents or objects; gameplay level unspecified; resource/form/hold/switch conditions preserved	unresolved	Formatter/configuration decoding only; engine-fed operands and runtime branches preserved. Explicit checklist field: activation/timing/scaling/cost code path not established Blocked: Explicit checklist field: activation/timing/scaling/cost code path not established	EntitySettings/Heroes/Hero_Merlin!Hero_Merlin.entity.ot.EntitySettingsResource.gen	Fireball Base Scalable Damage	Hero_Merlin -> Fireball -> Damage Operations					
Special / Arcane	Base	Fireball	Hero_Merlin_Common.LangEN.tsv	Ability_Special_Special_Desc	19	automatic_explosion_delay		seconds	unresolved(Explicit checklist field: activation/timing/scaling/cost code path not established)	Hypothetical formatter baseline: DMG=10; HEALING=10; AP=0; no talents or objects; gameplay level unspecified; resource/form/hold/switch conditions preserved	unresolved	Formatter/configuration decoding only; engine-fed operands and runtime branches preserved. Explicit checklist field: activation/timing/scaling/cost code path not established Blocked: Explicit checklist field: activation/timing/scaling/cost code path not established	EntitySettings/Heroes/Hero_Merlin!Hero_Merlin.entity.ot.EntitySettingsResource.gen	Fireball Base Scalable Damage	Hero_Merlin -> Fireball -> Damage Operations					
Power / Sacred	Base	Blessing	Hero_Merlin_Common.LangEN.tsv	Ability_Defense_Power_Desc	25	regeneration_duration		seconds	unresolved(Explicit checklist field: activation/timing/scaling/cost code path not established)	Hypothetical formatter baseline: DMG=10; HEALING=10; AP=0; no talents or objects; gameplay level unspecified; resource/form/hold/switch conditions preserved	unresolved	Formatter/configuration decoding only; engine-fed operands and runtime branches preserved. Explicit checklist field: activation/timing/scaling/cost code path not established Blocked: Explicit checklist field: activation/timing/scaling/cost code path not established	EntitySettings/Heroes/Hero_Merlin!Hero_Merlin.entity.ot.EntitySettingsResource.gen	Blessing Regeneration Operation	Hero_Merlin -> Blessing -> Regen Operation					
Power / Sacred	Base	Blessing	Hero_Merlin_Common.LangEN.tsv	Ability_Defense_Power_Desc	25	regeneration_tick_rule		formula	unresolved(Explicit checklist field: activation/timing/scaling/cost code path not established)	Hypothetical formatter baseline: DMG=10; HEALING=10; AP=0; no talents or objects; gameplay level unspecified; resource/form/hold/switch conditions preserved	unresolved	Formatter/configuration decoding only; engine-fed operands and runtime branches preserved. Explicit checklist field: activation/timing/scaling/cost code path not established Blocked: Explicit checklist field: activation/timing/scaling/cost code path not established	EntitySettings/Heroes/Hero_Merlin!Hero_Merlin.entity.ot.EntitySettingsResource.gen	Blessing Regeneration Operation	Hero_Merlin -> Blessing -> Regen Operation					
Special / Sacred	Base	Light Nova	Hero_Merlin_Common.LangEN.tsv	Ability_Defense_Special_Desc	27	stun_duration		seconds	unresolved(Explicit checklist field: activation/timing/scaling/cost code path not established)	Hypothetical formatter baseline: DMG=10; HEALING=10; AP=0; no talents or objects; gameplay level unspecified; resource/form/hold/switch conditions preserved	unresolved	Formatter/configuration decoding only; engine-fed operands and runtime branches preserved. Explicit checklist field: activation/timing/scaling/cost code path not established Blocked: Explicit checklist field: activation/timing/scaling/cost code path not established	EntitySettings/Heroes/Hero_Merlin!Hero_Merlin.entity.ot.EntitySettingsResource.gen	Light Nova Stagger Switch Selector	Hero_Merlin -> Light Nova -> Stagger Selector					
Ultimate 1	Base	Standing Stone	Hero_Merlin_Common.LangEN.tsv	Ability_Ultimate_1_Desc	31	starting_health		health	unresolved(Explicit checklist field: activation/timing/scaling/cost code path not established)	Hypothetical formatter baseline: DMG=10; HEALING=10; AP=0; no talents or objects; gameplay level unspecified; resource/form/hold/switch conditions preserved	unresolved	Formatter/configuration decoding only; engine-fed operands and runtime branches preserved. Explicit checklist field: activation/timing/scaling/cost code path not established Blocked: Explicit checklist field: activation/timing/scaling/cost code path not established	EntitySettings/Heroes/Hero_Merlin!Hero_Merlin.entity.ot.EntitySettingsResource.gen	Ultimate Power 1 Controller	Hero_Merlin -> Ultimate Power 1 Controller -> Cooldown					
Ultimate 1	Base	Standing Stone	Hero_Merlin_Common.LangEN.tsv	Ability_Ultimate_1_Desc	31	health_loss_rate		health_per_second	unresolved(Explicit checklist field: activation/timing/scaling/cost code path not established)	Hypothetical formatter baseline: DMG=10; HEALING=10; AP=0; no talents or objects; gameplay level unspecified; resource/form/hold/switch conditions preserved	unresolved	Formatter/configuration decoding only; engine-fed operands and runtime branches preserved. Explicit checklist field: activation/timing/scaling/cost code path not established Blocked: Explicit checklist field: activation/timing/scaling/cost code path not established	EntitySettings/Heroes/Hero_Merlin!Hero_Merlin.entity.ot.EntitySettingsResource.gen	Ultimate Power 1 Controller	Hero_Merlin -> Ultimate Power 1 Controller -> Cooldown					
Ultimate 1	Base	Standing Stone	Hero_Merlin_Common.LangEN.tsv	Ability_Ultimate_1_Desc	31	lifetime_formula		formula	unresolved(Explicit checklist field: activation/timing/scaling/cost code path not established)	Hypothetical formatter baseline: DMG=10; HEALING=10; AP=0; no talents or objects; gameplay level unspecified; resource/form/hold/switch conditions preserved	unresolved	Formatter/configuration decoding only; engine-fed operands and runtime branches preserved. Explicit checklist field: activation/timing/scaling/cost code path not established Blocked: Explicit checklist field: activation/timing/scaling/cost code path not established	EntitySettings/Heroes/Hero_Merlin!Hero_Merlin.entity.ot.EntitySettingsResource.gen	Ultimate Power 1 Controller	Hero_Merlin -> Ultimate Power 1 Controller -> Cooldown					
Power / Forbidden	Base	Cataclysm	Hero_Merlin_Common.LangEN.tsv	Ability_Ultimate_2_Power_Desc	37	targeting_window_before_impact		seconds	unresolved(Explicit checklist field: activation/timing/scaling/cost code path not established)	Hypothetical formatter baseline: DMG=10; HEALING=10; AP=0; no talents or objects; gameplay level unspecified; resource/form/hold/switch conditions preserved	unresolved	Formatter/configuration decoding only; engine-fed operands and runtime branches preserved. Explicit checklist field: activation/timing/scaling/cost code path not established Blocked: Explicit checklist field: activation/timing/scaling/cost code path not established	EntitySettings/Heroes/Hero_Merlin!Hero_Merlin.entity.ot.EntitySettingsResource.gen	Cataclysm Scalable Damage Operations	Hero_Merlin -> Cataclysm -> Damage Operations					
Power / Nature	Base	Giant Brambles	Hero_Merlin_Common.LangEN.tsv	Ability_Power_Power_Desc	9	cooldown	0.5	seconds	0.5	Hypothetical formatter baseline: DMG=10; HEALING=10; AP=0; no talents or objects; gameplay level unspecified; resource/form/hold/switch conditions preserved	decoded	Formatter/configuration decoding only; engine-fed operands and runtime branches preserved. 	EntitySettings\Heroes\Hero_Merlin!Hero_Merlin.entity.ot.EntitySettingsResource.gen	Primary Primary Scalable Damage Operations	EntitySettings\Heroes\Hero_Merlin!Hero_Merlin.entity.ot.EntitySettingsResource.gen@0x7cd3f	rc1c4c3a4	0.5	decoded	accepted without reading	
Power / Nature	Base	Giant Brambles	Hero_Merlin_Common.LangEN.tsv	Ability_Power_Power_Desc	9	charges	1	charges	1	Hypothetical formatter baseline: DMG=10; HEALING=10; AP=0; no talents or objects; gameplay level unspecified; resource/form/hold/switch conditions preserved	decoded	Formatter/configuration decoding only; engine-fed operands and runtime branches preserved. 	EntitySettings\Heroes\Hero_Merlin!Hero_Merlin.entity.ot.EntitySettingsResource.gen	Primary Primary Scalable Damage Operations	EntitySettings\Heroes\Hero_Merlin!Hero_Merlin.entity.ot.EntitySettingsResource.gen@0x7cd3f					
Special / Nature	Base	Starfall	Hero_Merlin_Common.LangEN.tsv	Ability_Power_Special_Desc	11	cooldown	0.5	seconds	0.5	Hypothetical formatter baseline: DMG=10; HEALING=10; AP=0; no talents or objects; gameplay level unspecified; resource/form/hold/switch conditions preserved	decoded	Formatter/configuration decoding only; engine-fed operands and runtime branches preserved. 	EntitySettings\Heroes\Hero_Merlin!Hero_Merlin.entity.ot.EntitySettingsResource.gen	Starfall Targets Switch Selector	EntitySettings\Heroes\Hero_Merlin!Hero_Merlin.entity.ot.EntitySettingsResource.gen@0x7d4a4	r53a8a7f2	0.5	decoded	accepted without reading	
Special / Nature	Base	Starfall	Hero_Merlin_Common.LangEN.tsv	Ability_Power_Special_Desc	11	charges	1	charges	1	Hypothetical formatter baseline: DMG=10; HEALING=10; AP=0; no talents or objects; gameplay level unspecified; resource/form/hold/switch conditions preserved	decoded	Formatter/configuration decoding only; engine-fed operands and runtime branches preserved. 	EntitySettings\Heroes\Hero_Merlin!Hero_Merlin.entity.ot.EntitySettingsResource.gen	Starfall Targets Switch Selector	EntitySettings\Heroes\Hero_Merlin!Hero_Merlin.entity.ot.EntitySettingsResource.gen@0x7d4a4					
Defense / Nature	Base	Stone Shield	Hero_Merlin_Common.LangEN.tsv	Ability_Power_Defense_Desc	13	cooldown	0.5	seconds	0.5	Hypothetical formatter baseline: DMG=10; HEALING=10; AP=0; no talents or objects; gameplay level unspecified; resource/form/hold/switch conditions preserved	decoded	Formatter/configuration decoding only; engine-fed operands and runtime branches preserved. 	EntitySettings\Heroes\Hero_Merlin!Hero_Merlin.entity.ot.EntitySettingsResource.gen	Stone Shield Fuse Timer	EntitySettings\Heroes\Hero_Merlin!Hero_Merlin.entity.ot.EntitySettingsResource.gen@0x7c5d8	r8d0a4e1b	0.5	decoded	accepted without reading	
Defense / Nature	Base	Stone Shield	Hero_Merlin_Common.LangEN.tsv	Ability_Power_Defense_Desc	13	charges	1	charges	1	Hypothetical formatter baseline: DMG=10; HEALING=10; AP=0; no talents or objects; gameplay level unspecified; resource/form/hold/switch conditions preserved	decoded	Formatter/configuration decoding only; engine-fed operands and runtime branches preserved. 	EntitySettings\Heroes\Hero_Merlin!Hero_Merlin.entity.ot.EntitySettingsResource.gen	Stone Shield Fuse Timer	EntitySettings\Heroes\Hero_Merlin!Hero_Merlin.entity.ot.EntitySettingsResource.gen@0x7c5d8					
Power / Arcane	Base	Fork of Lightning	Hero_Merlin_Common.LangEN.tsv	Ability_Special_Power_Desc	17	cooldown	0.5	seconds	0.5	Hypothetical formatter baseline: DMG=10; HEALING=10; AP=0; no talents or objects; gameplay level unspecified; resource/form/hold/switch conditions preserved	decoded	Formatter/configuration decoding only; engine-fed operands and runtime branches preserved. 	EntitySettings\Heroes\Hero_Merlin!Hero_Merlin.entity.ot.EntitySettingsResource.gen	Fork of Lightning Channel Timer	EntitySettings\Heroes\Hero_Merlin!Hero_Merlin.entity.ot.EntitySettingsResource.gen@0x7ebb0	rb33181c8	0.5	decoded	accepted without reading	
Power / Arcane	Base	Fork of Lightning	Hero_Merlin_Common.LangEN.tsv	Ability_Special_Power_Desc	17	charges	1	charges	1	Hypothetical formatter baseline: DMG=10; HEALING=10; AP=0; no talents or objects; gameplay level unspecified; resource/form/hold/switch conditions preserved	decoded	Formatter/configuration decoding only; engine-fed operands and runtime branches preserved. 	EntitySettings\Heroes\Hero_Merlin!Hero_Merlin.entity.ot.EntitySettingsResource.gen	Fork of Lightning Channel Timer	EntitySettings\Heroes\Hero_Merlin!Hero_Merlin.entity.ot.EntitySettingsResource.gen@0x7ebb0					
Special / Arcane	Base	Fireball	Hero_Merlin_Common.LangEN.tsv	Ability_Special_Special_Desc	19	cooldown	0.5	seconds	0.5	Hypothetical formatter baseline: DMG=10; HEALING=10; AP=0; no talents or objects; gameplay level unspecified; resource/form/hold/switch conditions preserved	decoded	Formatter/configuration decoding only; engine-fed operands and runtime branches preserved. 	EntitySettings\Heroes\Hero_Merlin!Hero_Merlin.entity.ot.EntitySettingsResource.gen	Fireball Base Scalable Damage	EntitySettings\Heroes\Hero_Merlin!Hero_Merlin.entity.ot.EntitySettingsResource.gen@0x7f3d6	rcaacf136	0.5	decoded	accepted without reading	
Special / Arcane	Base	Fireball	Hero_Merlin_Common.LangEN.tsv	Ability_Special_Special_Desc	19	charges	1	charges	1	Hypothetical formatter baseline: DMG=10; HEALING=10; AP=0; no talents or objects; gameplay level unspecified; resource/form/hold/switch conditions preserved	decoded	Formatter/configuration decoding only; engine-fed operands and runtime branches preserved. 	EntitySettings\Heroes\Hero_Merlin!Hero_Merlin.entity.ot.EntitySettingsResource.gen	Fireball Base Scalable Damage	EntitySettings\Heroes\Hero_Merlin!Hero_Merlin.entity.ot.EntitySettingsResource.gen@0x7f3d6					
Defense / Arcane	Base	Frost Orb	Hero_Merlin_Common.LangEN.tsv	Ability_Special_Defense_Desc	21	cooldown	0.5	seconds	0.5	Hypothetical formatter baseline: DMG=10; HEALING=10; AP=0; no talents or objects; gameplay level unspecified; resource/form/hold/switch conditions preserved	decoded	Formatter/configuration decoding only; engine-fed operands and runtime branches preserved. 	EntitySettings\Heroes\Hero_Merlin!Hero_Merlin.entity.ot.EntitySettingsResource.gen	Frost Orb Lifetime Timer	EntitySettings\Heroes\Hero_Merlin!Hero_Merlin.entity.ot.EntitySettingsResource.gen@0x7e427	rc876ea01	0.5	decoded	accepted without reading	
Defense / Arcane	Base	Frost Orb	Hero_Merlin_Common.LangEN.tsv	Ability_Special_Defense_Desc	21	charges	1	charges	1	Hypothetical formatter baseline: DMG=10; HEALING=10; AP=0; no talents or objects; gameplay level unspecified; resource/form/hold/switch conditions preserved	decoded	Formatter/configuration decoding only; engine-fed operands and runtime branches preserved. 	EntitySettings\Heroes\Hero_Merlin!Hero_Merlin.entity.ot.EntitySettingsResource.gen	Frost Orb Lifetime Timer	EntitySettings\Heroes\Hero_Merlin!Hero_Merlin.entity.ot.EntitySettingsResource.gen@0x7e427					
Power / Sacred	Base	Blessing	Hero_Merlin_Common.LangEN.tsv	Ability_Defense_Power_Desc	25	cooldown	0.5	seconds	0.5	Hypothetical formatter baseline: DMG=10; HEALING=10; AP=0; no talents or objects; gameplay level unspecified; resource/form/hold/switch conditions preserved	decoded	Formatter/configuration decoding only; engine-fed operands and runtime branches preserved. 	EntitySettings\Heroes\Hero_Merlin!Hero_Merlin.entity.ot.EntitySettingsResource.gen	Blessing Regeneration Operation	EntitySettings\Heroes\Hero_Merlin!Hero_Merlin.entity.ot.EntitySettingsResource.gen@0x7a708	r54fc6516	0.5	decoded	accepted without reading	
Power / Sacred	Base	Blessing	Hero_Merlin_Common.LangEN.tsv	Ability_Defense_Power_Desc	25	charges	1	charges	1	Hypothetical formatter baseline: DMG=10; HEALING=10; AP=0; no talents or objects; gameplay level unspecified; resource/form/hold/switch conditions preserved	decoded	Formatter/configuration decoding only; engine-fed operands and runtime branches preserved. 	EntitySettings\Heroes\Hero_Merlin!Hero_Merlin.entity.ot.EntitySettingsResource.gen	Blessing Regeneration Operation	EntitySettings\Heroes\Hero_Merlin!Hero_Merlin.entity.ot.EntitySettingsResource.gen@0x7a708					
Special / Sacred	Base	Light Nova	Hero_Merlin_Common.LangEN.tsv	Ability_Defense_Special_Desc	27	cooldown	0.5	seconds	0.5	Hypothetical formatter baseline: DMG=10; HEALING=10; AP=0; no talents or objects; gameplay level unspecified; resource/form/hold/switch conditions preserved	decoded	Formatter/configuration decoding only; engine-fed operands and runtime branches preserved. 	EntitySettings\Heroes\Hero_Merlin!Hero_Merlin.entity.ot.EntitySettingsResource.gen	Light Nova Stagger Switch Selector	EntitySettings\Heroes\Hero_Merlin!Hero_Merlin.entity.ot.EntitySettingsResource.gen@0x7ae73	r2af7eaff	0.5	decoded	accepted without reading	
Special / Sacred	Base	Light Nova	Hero_Merlin_Common.LangEN.tsv	Ability_Defense_Special_Desc	27	charges	1	charges	1	Hypothetical formatter baseline: DMG=10; HEALING=10; AP=0; no talents or objects; gameplay level unspecified; resource/form/hold/switch conditions preserved	decoded	Formatter/configuration decoding only; engine-fed operands and runtime branches preserved. 	EntitySettings\Heroes\Hero_Merlin!Hero_Merlin.entity.ot.EntitySettingsResource.gen	Light Nova Stagger Switch Selector	EntitySettings\Heroes\Hero_Merlin!Hero_Merlin.entity.ot.EntitySettingsResource.gen@0x7ae73					
Defense / Sacred	Base	Blink	Hero_Merlin_Common.LangEN.tsv	Ability_Defense_Defense_Desc	29	cooldown	0.5	seconds	0.5	Hypothetical formatter baseline: DMG=10; HEALING=10; AP=0; no talents or objects; gameplay level unspecified; resource/form/hold/switch conditions preserved	decoded	Formatter/configuration decoding only; engine-fed operands and runtime branches preserved. 	EntitySettings\Heroes\Hero_Merlin!Hero_Merlin.entity.ot.EntitySettingsResource.gen	Blink Intangible Timer	EntitySettings\Heroes\Hero_Merlin!Hero_Merlin.entity.ot.EntitySettingsResource.gen@0x7a01a	r3a52e23f	0.5	decoded	accepted without reading	
Defense / Sacred	Base	Blink	Hero_Merlin_Common.LangEN.tsv	Ability_Defense_Defense_Desc	29	charges	1	charges	1	Hypothetical formatter baseline: DMG=10; HEALING=10; AP=0; no talents or objects; gameplay level unspecified; resource/form/hold/switch conditions preserved	decoded	Formatter/configuration decoding only; engine-fed operands and runtime branches preserved. 	EntitySettings\Heroes\Hero_Merlin!Hero_Merlin.entity.ot.EntitySettingsResource.gen	Blink Intangible Timer	EntitySettings\Heroes\Hero_Merlin!Hero_Merlin.entity.ot.EntitySettingsResource.gen@0x7a01a					
Power / Forbidden	Base	Cataclysm	Hero_Merlin_Common.LangEN.tsv	Ability_Ultimate_2_Power_Desc	37	cooldown	0.5	seconds	0.5	Hypothetical formatter baseline: DMG=10; HEALING=10; AP=0; no talents or objects; gameplay level unspecified; resource/form/hold/switch conditions preserved	decoded	Formatter/configuration decoding only; engine-fed operands and runtime branches preserved. 	EntitySettings\Heroes\Hero_Merlin!Hero_Merlin.entity.ot.EntitySettingsResource.gen	Cataclysm Scalable Damage Operations	EntitySettings\Heroes\Hero_Merlin!Hero_Merlin.entity.ot.EntitySettingsResource.gen@0x80b09	r09132d99	0.5	decoded	accepted without reading	
Power / Forbidden	Base	Cataclysm	Hero_Merlin_Common.LangEN.tsv	Ability_Ultimate_2_Power_Desc	37	charges	1	charges	1	Hypothetical formatter baseline: DMG=10; HEALING=10; AP=0; no talents or objects; gameplay level unspecified; resource/form/hold/switch conditions preserved	decoded	Formatter/configuration decoding only; engine-fed operands and runtime branches preserved. 	EntitySettings\Heroes\Hero_Merlin!Hero_Merlin.entity.ot.EntitySettingsResource.gen	Cataclysm Scalable Damage Operations	EntitySettings\Heroes\Hero_Merlin!Hero_Merlin.entity.ot.EntitySettingsResource.gen@0x80b09					
Special / Forbidden	Base	Unholy Strikes	Hero_Merlin_Common.LangEN.tsv	Ability_Ultimate_2_Special_Desc	39	cooldown	0.5	seconds	0.5	Hypothetical formatter baseline: DMG=10; HEALING=10; AP=0; no talents or objects; gameplay level unspecified; resource/form/hold/switch conditions preserved	decoded	Formatter/configuration decoding only; engine-fed operands and runtime branches preserved. 	EntitySettings\Heroes\Hero_Merlin!Hero_Merlin.entity.ot.EntitySettingsResource.gen	Unholy Strikes Attacks Counter	EntitySettings\Heroes\Hero_Merlin!Hero_Merlin.entity.ot.EntitySettingsResource.gen@0x812a4	r7f0164eb	0.5	decoded	accepted without reading	
Special / Forbidden	Base	Unholy Strikes	Hero_Merlin_Common.LangEN.tsv	Ability_Ultimate_2_Special_Desc	39	charges	1	charges	1	Hypothetical formatter baseline: DMG=10; HEALING=10; AP=0; no talents or objects; gameplay level unspecified; resource/form/hold/switch conditions preserved	decoded	Formatter/configuration decoding only; engine-fed operands and runtime branches preserved. 	EntitySettings\Heroes\Hero_Merlin!Hero_Merlin.entity.ot.EntitySettingsResource.gen	Unholy Strikes Attacks Counter	EntitySettings\Heroes\Hero_Merlin!Hero_Merlin.entity.ot.EntitySettingsResource.gen@0x812a4					
Defense / Forbidden	Base	Blood Ritual	Hero_Merlin_Common.LangEN.tsv	Ability_Ultimate_2_Defense_Desc	41	cooldown	0.5	seconds	0.5	Hypothetical formatter baseline: DMG=10; HEALING=10; AP=0; no talents or objects; gameplay level unspecified; resource/form/hold/switch conditions preserved	decoded	Formatter/configuration decoding only; engine-fed operands and runtime branches preserved. 	EntitySettings\Heroes\Hero_Merlin!Hero_Merlin.entity.ot.EntitySettingsResource.gen	Blood Ritual HP Sacrificed Value	EntitySettings\Heroes\Hero_Merlin!Hero_Merlin.entity.ot.EntitySettingsResource.gen@0x80351	r30cf678f	0.5	decoded	accepted without reading	
Defense / Forbidden	Base	Blood Ritual	Hero_Merlin_Common.LangEN.tsv	Ability_Ultimate_2_Defense_Desc	41	charges	1	charges	1	Hypothetical formatter baseline: DMG=10; HEALING=10; AP=0; no talents or objects; gameplay level unspecified; resource/form/hold/switch conditions preserved	decoded	Formatter/configuration decoding only; engine-fed operands and runtime branches preserved. 	EntitySettings\Heroes\Hero_Merlin!Hero_Merlin.entity.ot.EntitySettingsResource.gen	Blood Ritual HP Sacrificed Value	EntitySettings\Heroes\Hero_Merlin!Hero_Merlin.entity.ot.EntitySettingsResource.gen@0x80351					
Power / Arcane	Base	Fork of Lightning	Hero_Merlin_Common.LangEN.tsv	Ability_Special_Power_Desc	17	active_duration	2	seconds	2.0	Hypothetical formatter baseline: DMG=10; HEALING=10; AP=0; no talents or objects; gameplay level unspecified; resource/form/hold/switch conditions preserved	decoded	Formatter/configuration decoding only; engine-fed operands and runtime branches preserved. Exact named configuration setting; its activation/caller is retained separately in evidence and is not inferred solely from its name	EntitySettings\Heroes\Hero_Merlin!Hero_Merlin.entity.ot.EntitySettingsResource.gen	Secondary Primary Ability Loop Duration	EntitySettings\Heroes\Hero_Merlin!Hero_Merlin.entity.ot.EntitySettingsResource.gen@0xd37ef					
Special / Sacred	Base	Light Nova	Hero_Merlin_Common.LangEN.tsv	Ability_Defense_Special_Desc	27	shield_duration	6	seconds	6.0	Hypothetical formatter baseline: DMG=10; HEALING=10; AP=0; no talents or objects; gameplay level unspecified; resource/form/hold/switch conditions preserved	decoded	Formatter/configuration decoding only; engine-fed operands and runtime branches preserved. Exact named configuration setting; its activation/caller is retained separately in evidence and is not inferred solely from its name	EntitySettings\Heroes\Hero_Merlin!Hero_Merlin.entity.ot.EntitySettingsResource.gen	Defense Secondary Ability Shield Duration Value	EntitySettings\Heroes\Hero_Merlin!Hero_Merlin.entity.ot.EntitySettingsResource.gen@0xd106a	rdc2dbff9	6	decoded	accepted without reading	
Dash	Base	Dash	Common.LangEN.tsv	Ability_Dash_Desc	21	active_duration	0.25	seconds	Dash Ability Active Duration Selector{True => 0.25}	Hypothetical formatter baseline: DMG=10; HEALING=10; AP=0; no talents or objects; gameplay level unspecified; resource/form/hold/switch conditions preserved	decoded-baseline	Formatter/configuration decoding only; engine-fed operands and runtime branches preserved. Shared timer plus hero GUID overrides; intangible state transition outside timer not assumed	EntitySettings\Heroes\Hero_Common!Hero_Common.entity.ot.EntitySettingsResource.gen	Dash Ability Active Timer duration	EntitySettings\Heroes\Hero_Common!Hero_Common.entity.ot.EntitySettingsResource.gen@0xff98 -> EntitySettings\Heroes\Hero_Common!Hero_Common.entity.ot.EntitySettingsResource.gen@0xcaf8b -> EntitySettings\Heroes\Hero_Common!Hero_Common.entity.ot.EntitySettingsResource.gen@0xda4aa					
