# source_table	Magical Objects numerical values
# rows	315
# snapshot_id	2026-10-06-values
# status	Decoded values with the 2026-10-06 maintainer check merged in (see VALUES.md). Row statuses: decoded 107; decoded-baseline 41; static-text 13; symbolic 30; unresolved 124. Checked rows: accepted without reading 101; read in game 6.
# baseline	Compendium level 1 figures: character damage 10, healing 10, no talents, no Magical Objects.
# source_version	unconfirmed; previous output claimed Steam PC 1.05.01.01.27384, build 2026/06/16, rev #773b656a63
# in_game_version	1.05.01.01.27384 2026/06/16 #773b656a63
section	form_or_condition	name	text_table	text_key	source_row_index	field	value	unit	formula	baseline	status	notes	source_path	source_property	reference_chain	check_id	checked_value	checked_value_source	maintainer_check	check_note
Common	main effect	Green Armor	Magical_Objects.LangEN.tsv	Armor_Per_Object_Description	243	armor_per_common_object	2.0	armor	multiply(2.0, selector default: 1)	Tooltip preview: selector default branches, Amount=1; no claim about equipped inventory, live getters, level or DMG	decoded-baseline	{"arg_ordinal": 0, "placeholder": "{0}", "argument_kind": 0, "formatter": 10, "evidence_key": "Magical Objects|Armor_Per_Object_Description|armor_per_common_object", "reason": "", "canonical_condition_text": "• #ARMOR@ &+{0}~ for each #Common Magical Object@{1}"}	EntitySettings/Objects/Magical_Objects!Common!Armor_Per_Object.entity.ot.EntitySettingsResource.gen	EntitySettings/Objects/Magical_Objects!Common!Armor_Per_Object.entity.ot.EntitySettingsResource.gen / Descripton Format@0x13c0 / arg[0]@0x14c7	EntitySettings/Objects/Magical_Objects!Common!Armor_Per_Object.entity.ot.EntitySettingsResource.gen / Descripton Format@0x13c0 / arg[0]@0x14c7	r8e5c0771	2	decoded-baseline	accepted without reading	
Common	main effect	Green Armor	Magical_Objects.LangEN.tsv	Armor_Per_Object_Description	243	current_armor_total_text	""	text	selector default: empty localized string	Tooltip preview: selector default branches, Amount=1; no claim about equipped inventory, live getters, level or DMG	decoded-baseline	{"arg_ordinal": 1, "placeholder": "{1}", "argument_kind": 5, "formatter": 10, "evidence_key": "Magical Objects|Armor_Per_Object_Description|current_armor_total_text", "reason": "", "canonical_condition_text": "• #ARMOR@ &+{0}~ for each #Common Magical Object@{1}"}	EntitySettings/Objects/Magical_Objects!Common!Armor_Per_Object.entity.ot.EntitySettingsResource.gen	EntitySettings/Objects/Magical_Objects!Common!Armor_Per_Object.entity.ot.EntitySettingsResource.gen / Descripton Format@0x13c0 / arg[1]@0x156e	EntitySettings/Objects/Magical_Objects!Common!Armor_Per_Object.entity.ot.EntitySettingsResource.gen / Descripton Format@0x13c0 / arg[1]@0x156e					
Common	collection bonus	Green Armor	Magical_Objects.LangEN.tsv	Armor_Per_Rare_Object_SuperEffect	217	static_description	#Rare Objects@ also count	text	canonical static text	Direct decoded setting or canonical static text; live behavior not implied	static-text	No placeholder; canonical source is distinct from implementation-link proof.	EntitySettings/Objects/Magical_Objects!Common!Armor_Per_Object.entity.ot.EntitySettingsResource.gen	canonical text table	data/Magical_Objects.LangEN.tsv / key=Armor_Per_Rare_Object_SuperEffect / index=217					
Common	main effect	Ogre Blood	Magical_Objects.LangEN.tsv	Damage_Per_Vitality_Description	162	damage_per_vitality_increment	1.0	DMG	raw*100; raw=multiply(0.009999999776482582, selector default: 1)	Tooltip preview: selector default branches, Amount=1; no claim about equipped inventory, live getters, level or DMG	decoded-baseline	{"arg_ordinal": 0, "placeholder": "{0}", "argument_kind": 0, "formatter": 1, "evidence_key": "Magical Objects|Damage_Per_Vitality_Description|damage_per_vitality_increment", "reason": "", "canonical_condition_text": "• &+{0}~ #DMG@ for each #{1} VITALITY@ you have{2}"}	EntitySettings/Objects/Magical_Objects!Common!Damage_Per_Vitality.entity.ot.EntitySettingsResource.gen	EntitySettings/Objects/Magical_Objects!Common!Damage_Per_Vitality.entity.ot.EntitySettingsResource.gen / Descripton Format@0x15a4 / arg[0]@0x16ae	EntitySettings/Objects/Magical_Objects!Common!Damage_Per_Vitality.entity.ot.EntitySettingsResource.gen / Descripton Format@0x15a4 / arg[0]@0x16ae	rd03af377	1	decoded-baseline	accepted without reading	
Common	main effect	Ogre Blood	Magical_Objects.LangEN.tsv	Damage_Per_Vitality_Description	162	vitality_increment	10.0	Vitality	raw*100; raw=0.10000000149011612	Direct decoded setting or canonical static text; live behavior not implied	decoded	{"arg_ordinal": 1, "placeholder": "{1}", "argument_kind": 0, "formatter": 1, "evidence_key": "Magical Objects|Damage_Per_Vitality_Description|vitality_increment", "reason": "", "canonical_condition_text": "• &+{0}~ #DMG@ for each #{1} VITALITY@ you have{2}"}	EntitySettings/Objects/Magical_Objects!Common!Damage_Per_Vitality.entity.ot.EntitySettingsResource.gen	EntitySettings/Objects/Magical_Objects!Common!Damage_Per_Vitality.entity.ot.EntitySettingsResource.gen / Descripton Format@0x15a4 / arg[1]@0x1755	EntitySettings/Objects/Magical_Objects!Common!Damage_Per_Vitality.entity.ot.EntitySettingsResource.gen / Descripton Format@0x15a4 / arg[1]@0x1755	r2fb59fbe	10	decoded	accepted without reading	
Common	main effect	Ogre Blood	Magical_Objects.LangEN.tsv	Damage_Per_Vitality_Description	162	current_damage_total_text	""	text	selector default: empty localized string	Tooltip preview: selector default branches, Amount=1; no claim about equipped inventory, live getters, level or DMG	decoded-baseline	{"arg_ordinal": 2, "placeholder": "{2}", "argument_kind": 5, "formatter": 1, "evidence_key": "Magical Objects|Damage_Per_Vitality_Description|current_damage_total_text", "reason": "", "canonical_condition_text": "• &+{0}~ #DMG@ for each #{1} VITALITY@ you have{2}"}	EntitySettings/Objects/Magical_Objects!Common!Damage_Per_Vitality.entity.ot.EntitySettingsResource.gen	EntitySettings/Objects/Magical_Objects!Common!Damage_Per_Vitality.entity.ot.EntitySettingsResource.gen / Descripton Format@0x15a4 / arg[2]@0x17e2	EntitySettings/Objects/Magical_Objects!Common!Damage_Per_Vitality.entity.ot.EntitySettingsResource.gen / Descripton Format@0x15a4 / arg[2]@0x17e2					
Common	collection bonus	Ogre Blood	Magical_Objects.LangEN.tsv	Crit_Chance_SuperEffect	213	critical_chance_bonus	20.0	percent	raw*100; raw=0.20000000298023224	Direct decoded setting or canonical static text; live behavior not implied	decoded	{"arg_ordinal": 0, "placeholder": "{0}", "argument_kind": 0, "formatter": 1, "evidence_key": "Magical Objects|Crit_Chance_SuperEffect|critical_chance_bonus", "reason": "", "canonical_condition_text": "#Crit Chance@ &+{0}%~"}	EntitySettings/Objects/Magical_Objects!Common!Damage_Per_Vitality.entity.ot.EntitySettingsResource.gen	EntitySettings/Objects/Magical_Objects!Common!Damage_Per_Vitality.entity.ot.EntitySettingsResource.gen / Super Effect Descripton Format@0x18a1 / arg[0]@0x19bd	EntitySettings/Objects/Magical_Objects!Common!Damage_Per_Vitality.entity.ot.EntitySettingsResource.gen / Super Effect Descripton Format@0x18a1 / arg[0]@0x19bd	rd87a5218	20	decoded	accepted without reading	
Common	main effect	Eternal Rose	Magical_Objects.LangEN.tsv	Dash_Crit_Chance_Description	277	critical_chance_after_dash	10.0	percent	raw*100; raw=multiply(0.10000000149011612, selector default: 1)	Tooltip preview: selector default branches, Amount=1; no claim about equipped inventory, live getters, level or DMG	decoded-baseline	{"arg_ordinal": 0, "placeholder": "{0}", "argument_kind": 0, "formatter": 1, "evidence_key": "Magical Objects|Dash_Crit_Chance_Description|critical_chance_after_dash", "reason": "", "canonical_condition_text": "• After #DASH@, gain &+{0}%~ #Crit Chance@ for #{1}@ seconds"}	EntitySettings/Objects/Magical_Objects!Common!Dash_Crit_Chance.entity.ot.EntitySettingsResource.gen	EntitySettings/Objects/Magical_Objects!Common!Dash_Crit_Chance.entity.ot.EntitySettingsResource.gen / Descripton Format@0x11fa / arg[0]@0x1301	EntitySettings/Objects/Magical_Objects!Common!Dash_Crit_Chance.entity.ot.EntitySettingsResource.gen / Descripton Format@0x11fa / arg[0]@0x1301	r88bc8bf5	10	decoded-baseline	accepted without reading	
Common	main effect	Eternal Rose	Magical_Objects.LangEN.tsv	Dash_Crit_Chance_Description	277	critical_chance_duration	2.0	seconds	2.0	Direct decoded setting or canonical static text; live behavior not implied	decoded	{"arg_ordinal": 1, "placeholder": "{1}", "argument_kind": 0, "formatter": 0, "evidence_key": "Magical Objects|Dash_Crit_Chance_Description|critical_chance_duration", "reason": "", "canonical_condition_text": "• After #DASH@, gain &+{0}%~ #Crit Chance@ for #{1}@ seconds"}	EntitySettings/Objects/Magical_Objects!Common!Dash_Crit_Chance.entity.ot.EntitySettingsResource.gen	EntitySettings/Objects/Magical_Objects!Common!Dash_Crit_Chance.entity.ot.EntitySettingsResource.gen / Descripton Format@0x11fa / arg[1]@0x13a5	EntitySettings/Objects/Magical_Objects!Common!Dash_Crit_Chance.entity.ot.EntitySettingsResource.gen / Descripton Format@0x11fa / arg[1]@0x13a5	r29fef842	2	decoded	accepted without reading	
Common	collection bonus	Eternal Rose	Magical_Objects.LangEN.tsv	Crit_Damage_SuperEffect	239	critical_damage_bonus	50.0	percent	raw*100; raw=0.5	Direct decoded setting or canonical static text; live behavior not implied	decoded	{"arg_ordinal": 0, "placeholder": "{0}", "argument_kind": 0, "formatter": 1, "evidence_key": "Magical Objects|Crit_Damage_SuperEffect|critical_damage_bonus", "reason": "", "canonical_condition_text": "#Critical Hits@ deal &+{0}%~ damage"}	EntitySettings/Objects/Magical_Objects!Common!Dash_Crit_Chance.entity.ot.EntitySettingsResource.gen	EntitySettings/Objects/Magical_Objects!Common!Dash_Crit_Chance.entity.ot.EntitySettingsResource.gen / Super Effect Descripton Format@0x143a / arg[0]@0x1556	EntitySettings/Objects/Magical_Objects!Common!Dash_Crit_Chance.entity.ot.EntitySettingsResource.gen / Super Effect Descripton Format@0x143a / arg[0]@0x1556	r6699fa9f	50	decoded	accepted without reading	
Common	main effect	Moonstone	Magical_Objects.LangEN.tsv	Defense_To_Damage_Description	319	damage_per_other_defense_object_or_talent	2.0	DMG	raw*100; raw=multiply(0.019999999552965164, selector default: 1)	Tooltip preview: selector default branches, Amount=1; no claim about equipped inventory, live getters, level or DMG	decoded-baseline	{"arg_ordinal": 0, "placeholder": "{0}", "argument_kind": 0, "formatter": 1, "evidence_key": "Magical Objects|Defense_To_Damage_Description|damage_per_other_defense_object_or_talent", "reason": "", "canonical_condition_text": "• #DMG@ &+{0}~ for every other #Magical Object@ or #Talent@ referring to #DEFENSE@{1}"}	EntitySettings/Objects/Magical_Objects!Common!Defense_To_Damage.entity.ot.EntitySettingsResource.gen	EntitySettings/Objects/Magical_Objects!Common!Defense_To_Damage.entity.ot.EntitySettingsResource.gen / Descripton Format@0x1324 / arg[0]@0x142c	EntitySettings/Objects/Magical_Objects!Common!Defense_To_Damage.entity.ot.EntitySettingsResource.gen / Descripton Format@0x1324 / arg[0]@0x142c	r03578370	2	decoded-baseline	accepted without reading	
Common	main effect	Moonstone	Magical_Objects.LangEN.tsv	Defense_To_Damage_Description	319	current_damage_total_text	""	text	selector default: empty localized string	Tooltip preview: selector default branches, Amount=1; no claim about equipped inventory, live getters, level or DMG	decoded-baseline	{"arg_ordinal": 1, "placeholder": "{1}", "argument_kind": 5, "formatter": 0, "evidence_key": "Magical Objects|Defense_To_Damage_Description|current_damage_total_text", "reason": "", "canonical_condition_text": "• #DMG@ &+{0}~ for every other #Magical Object@ or #Talent@ referring to #DEFENSE@{1}"}	EntitySettings/Objects/Magical_Objects!Common!Defense_To_Damage.entity.ot.EntitySettingsResource.gen	EntitySettings/Objects/Magical_Objects!Common!Defense_To_Damage.entity.ot.EntitySettingsResource.gen / Descripton Format@0x1324 / arg[1]@0x14ce	EntitySettings/Objects/Magical_Objects!Common!Defense_To_Damage.entity.ot.EntitySettingsResource.gen / Descripton Format@0x1324 / arg[1]@0x14ce					
Common	collection bonus	Moonstone	Magical_Objects.LangEN.tsv	Defense_To_Damage_SuperEffect	320	defense_damage_bonus	50.0	percent	raw*100; raw=0.5	Direct decoded setting or canonical static text; live behavior not implied	decoded	{"arg_ordinal": 0, "placeholder": "{0}", "argument_kind": 0, "formatter": 1, "evidence_key": "Magical Objects|Defense_To_Damage_SuperEffect|defense_damage_bonus", "reason": "", "canonical_condition_text": "#DEFENSE@ deals &+{0}%~ damage"}	EntitySettings/Objects/Magical_Objects!Common!Defense_To_Damage.entity.ot.EntitySettingsResource.gen	EntitySettings/Objects/Magical_Objects!Common!Defense_To_Damage.entity.ot.EntitySettingsResource.gen / Super Effect Descripton Format@0x158d / arg[0]@0x16af	EntitySettings/Objects/Magical_Objects!Common!Defense_To_Damage.entity.ot.EntitySettingsResource.gen / Super Effect Descripton Format@0x158d / arg[0]@0x16af	rc52e7f74	50	decoded	accepted without reading	
Common	main effect	Goldilocks' Porridge	Magical_Objects.LangEN.tsv	Gain_Shield_From_Orbs_Description	299	shield_per_orb	5.0	shield	multiply(selector default: 10.0, 0.5, selector default: 1)	Tooltip preview: selector default branches, Amount=1; no claim about equipped inventory, live getters, level or DMG	decoded-baseline	{"arg_ordinal": 0, "placeholder": "{0}", "argument_kind": 0, "formatter": 2, "evidence_key": "Magical Objects|Gain_Shield_From_Orbs_Description|shield_per_orb", "reason": "", "canonical_condition_text": "• #Healing Orbs@ grant &{0}~ #SHIELD@ when picked up"}	EntitySettings/Objects/Magical_Objects!Common!Gain_Shield_From_Orbs.entity.ot.EntitySettingsResource.gen	EntitySettings/Objects/Magical_Objects!Common!Gain_Shield_From_Orbs.entity.ot.EntitySettingsResource.gen / Descripton Format@0x1401 / arg[0]@0x150d	EntitySettings/Objects/Magical_Objects!Common!Gain_Shield_From_Orbs.entity.ot.EntitySettingsResource.gen / Descripton Format@0x1401 / arg[0]@0x150d	r79394b1f	5	decoded-baseline	accepted without reading	
Common	collection bonus	Goldilocks' Porridge	Magical_Objects.LangEN.tsv	Damage_From_Shield_SuperEffect	300	damage_while_shielded	30.0	DMG	raw*100; raw=0.30000001192092896	Direct decoded setting or canonical static text; live behavior not implied	decoded	{"arg_ordinal": 0, "placeholder": "{0}", "argument_kind": 0, "formatter": 1, "evidence_key": "Magical Objects|Damage_From_Shield_SuperEffect|damage_while_shielded", "reason": "", "canonical_condition_text": "#DMG@ &+{0}~ while a #SHIELD@ is active"}	EntitySettings/Objects/Magical_Objects!Common!Gain_Shield_From_Orbs.entity.ot.EntitySettingsResource.gen	EntitySettings/Objects/Magical_Objects!Common!Gain_Shield_From_Orbs.entity.ot.EntitySettingsResource.gen / Super Effect Descripton Format@0x15b4 / arg[0]@0x16d7	EntitySettings/Objects/Magical_Objects!Common!Gain_Shield_From_Orbs.entity.ot.EntitySettingsResource.gen / Super Effect Descripton Format@0x15b4 / arg[0]@0x16d7	r0233c1cd	30	decoded	accepted without reading	
Common	main effect	Mermaid Tears	Magical_Objects.LangEN.tsv	Healing_Effect_Description	5	healing_increase	25.0	percent	raw*100; raw=multiply(0.25, selector default: 1)	Tooltip preview: selector default branches, Amount=1; no claim about equipped inventory, live getters, level or DMG	decoded-baseline	{"arg_ordinal": 0, "placeholder": "{0}", "argument_kind": 0, "formatter": 1, "evidence_key": "Magical Objects|Healing_Effect_Description|healing_increase", "reason": "", "canonical_condition_text": "• &+{}%~ to any healing effect provided or received"}	EntitySettings/Objects/Magical_Objects!Common!Healing_Effect.entity.ot.EntitySettingsResource.gen	EntitySettings/Objects/Magical_Objects!Common!Healing_Effect.entity.ot.EntitySettingsResource.gen / Descripton Format@0xb76 / arg[0]@0xc7b	EntitySettings/Objects/Magical_Objects!Common!Healing_Effect.entity.ot.EntitySettingsResource.gen / Descripton Format@0xb76 / arg[0]@0xc7b	r9c9618bd	25	decoded-baseline	accepted without reading	
Common	collection bonus	Mermaid Tears	Magical_Objects.LangEN.tsv	Vitality_SuperEffect	214	vitality_bonus	30.0	Vitality	raw*100; raw=0.30000001192092896	Direct decoded setting or canonical static text; live behavior not implied	decoded	{"arg_ordinal": 0, "placeholder": "{0}", "argument_kind": 0, "formatter": 1, "evidence_key": "Magical Objects|Vitality_SuperEffect|vitality_bonus", "reason": "", "canonical_condition_text": "#VITALITY@ &+{0}~"}	EntitySettings/Objects/Magical_Objects!Common!Healing_Effect.entity.ot.EntitySettingsResource.gen	EntitySettings/Objects/Magical_Objects!Common!Healing_Effect.entity.ot.EntitySettingsResource.gen / Super Effect Descripton Format@0xd1e / arg[0]@0xe37	EntitySettings/Objects/Magical_Objects!Common!Healing_Effect.entity.ot.EntitySettingsResource.gen / Super Effect Descripton Format@0xd1e / arg[0]@0xe37	re7ca3b04	30	decoded	accepted without reading	
Common	main effect	Voodoo Doll	Magical_Objects.LangEN.tsv	Damage_To_Boss_Description	90	boss_damage_bonus	15.0	percent	raw*100; raw=multiply(0.15000000596046448, selector default: 1)	Tooltip preview: selector default branches, Amount=1; no claim about equipped inventory, live getters, level or DMG	decoded-baseline	{"arg_ordinal": 0, "placeholder": "{0}", "argument_kind": 0, "formatter": 1, "evidence_key": "Magical Objects|Damage_To_Boss_Description|boss_damage_bonus", "reason": "", "canonical_condition_text": "• Deal &+{}%~ damage to bosses"}	EntitySettings/Objects/Magical_Objects!Common!Increase_Damage_To_Boss_And_Ignore_Resistance.entity.ot.EntitySettingsResource.gen	EntitySettings/Objects/Magical_Objects!Common!Increase_Damage_To_Boss_And_Ignore_Resistance.entity.ot.EntitySettingsResource.gen / Descripton Format@0xc4a / arg[0]@0xd4f	EntitySettings/Objects/Magical_Objects!Common!Increase_Damage_To_Boss_And_Ignore_Resistance.entity.ot.EntitySettingsResource.gen / Descripton Format@0xc4a / arg[0]@0xd4f	r9d921280	15	decoded-baseline	accepted without reading	
Common	collection bonus	Voodoo Doll	Magical_Objects.LangEN.tsv	Damage_Ignore_Resistance_SuperEffect	301	damage_ignoring_armor	30.0	percent	raw*100; raw=0.30000001192092896	Direct decoded setting or canonical static text; live behavior not implied	decoded	{"arg_ordinal": 0, "placeholder": "{0}", "argument_kind": 0, "formatter": 1, "evidence_key": "Magical Objects|Damage_Ignore_Resistance_SuperEffect|damage_ignoring_armor", "reason": "", "canonical_condition_text": "&{0}%~ of damage dealt ignores enemies' armor"}	EntitySettings/Objects/Magical_Objects!Common!Increase_Damage_To_Boss_And_Ignore_Resistance.entity.ot.EntitySettingsResource.gen	EntitySettings/Objects/Magical_Objects!Common!Increase_Damage_To_Boss_And_Ignore_Resistance.entity.ot.EntitySettingsResource.gen / Super Effect Descripton Format@0xe11 / arg[0]@0xf3a	EntitySettings/Objects/Magical_Objects!Common!Increase_Damage_To_Boss_And_Ignore_Resistance.entity.ot.EntitySettingsResource.gen / Super Effect Descripton Format@0xe11 / arg[0]@0xf3a	r82ab67d6	30	decoded	accepted without reading	
Common	main effect	Dreamcatcher	Magical_Objects.LangEN.tsv	Reduce_All_DS_Price_Description	302	dream_shard_price_reduction		percent	subtract(1.0, RuntimeBinding[20])	Direct decoded setting or canonical static text; live behavior not implied	unresolved	{"arg_ordinal": 0, "placeholder": "{0}", "argument_kind": 0, "formatter": 1, "evidence_key": "Magical Objects|Reduce_All_DS_Price_Description|dream_shard_price_reduction", "reason": "One or more operands require live property/binding resolution; no zero or unknown stripping", "canonical_condition_text": "• Reduces all #Dream Shards@ prices by &{0}%~ "}	EntitySettings/Objects/Magical_Objects!Common!Reduce_All_DS_Price.entity.ot.EntitySettingsResource.gen	EntitySettings/Objects/Magical_Objects!Common!Reduce_All_DS_Price.entity.ot.EntitySettingsResource.gen / Descripton Format@0x11ce / arg[0]@0x12d8	EntitySettings/Objects/Magical_Objects!Common!Reduce_All_DS_Price.entity.ot.EntitySettingsResource.gen / Descripton Format@0x11ce / arg[0]@0x12d8	r5d938aa6	10	in-game reading	read in game: no decoded value	
Common	collection bonus	Dreamcatcher	Magical_Objects.LangEN.tsv	Next_Sandman_Free_SuperEffect	216	static_description	One free purchase at the #Sandman@ per chapter	text	canonical static text	Direct decoded setting or canonical static text; live behavior not implied	static-text	No placeholder; canonical source is distinct from implementation-link proof.	EntitySettings/Objects/Magical_Objects!Common!Reduce_All_DS_Price.entity.ot.EntitySettingsResource.gen	canonical text table	data/Magical_Objects.LangEN.tsv / key=Next_Sandman_Free_SuperEffect / index=216					
Common	main effect	Leprechaun Coin	Magical_Objects.LangEN.tsv	Reroll_To_Dreamshard_Description	245	dream_shards_per_star_spent	25	Dream Shards	multiply(25, selector default: 1)	Tooltip preview: selector default branches, Amount=1; no claim about equipped inventory, live getters, level or DMG	decoded-baseline	{"arg_ordinal": 0, "placeholder": "{0}", "argument_kind": 1, "formatter": 0, "evidence_key": "Magical Objects|Reroll_To_Dreamshard_Description|dream_shards_per_star_spent", "reason": "", "canonical_condition_text": "• For each #Star of Fate@ spent, gain &+{0}~ #Dream Shards@"}	EntitySettings/Objects/Magical_Objects!Common!Reroll_To_Dream_Shards.entity.ot.EntitySettingsResource.gen	EntitySettings/Objects/Magical_Objects!Common!Reroll_To_Dream_Shards.entity.ot.EntitySettingsResource.gen / Descripton Format@0x1b5e / arg[0]@0x1c69	EntitySettings/Objects/Magical_Objects!Common!Reroll_To_Dream_Shards.entity.ot.EntitySettingsResource.gen / Descripton Format@0x1b5e / arg[0]@0x1c69	r7583712c	25	decoded-baseline	accepted without reading	
Common	collection bonus	Leprechaun Coin	Magical_Objects.LangEN.tsv	One_Free_Reroll_SuperEffect	218	static_description	Rerolling a choice is free the first time	text	canonical static text	Direct decoded setting or canonical static text; live behavior not implied	static-text	No placeholder; canonical source is distinct from implementation-link proof.	EntitySettings/Objects/Magical_Objects!Common!Reroll_To_Dream_Shards.entity.ot.EntitySettingsResource.gen	canonical text table	data/Magical_Objects.LangEN.tsv / key=One_Free_Reroll_SuperEffect / index=218					
Common	main effect	Horn of Plenty	Magical_Objects.LangEN.tsv	Spawn_Consumables_Description	280	consumables_on_pickup	2	consumables	multiply(2, selector default: 1)	Tooltip preview: selector default branches, Amount=1; no claim about equipped inventory, live getters, level or DMG	decoded-baseline	{"arg_ordinal": 0, "placeholder": "{0}", "argument_kind": 1, "formatter": 1, "evidence_key": "Magical Objects|Spawn_Consumables_Description|consumables_on_pickup", "reason": "", "canonical_condition_text": "• Spawns #{0}@ consumables when picked up"}	EntitySettings/Objects/Magical_Objects!Common!Spawn_Consumables.entity.ot.EntitySettingsResource.gen	EntitySettings/Objects/Magical_Objects!Common!Spawn_Consumables.entity.ot.EntitySettingsResource.gen / Descripton Format@0xe91 / arg[0]@0xf99	EntitySettings/Objects/Magical_Objects!Common!Spawn_Consumables.entity.ot.EntitySettingsResource.gen / Descripton Format@0xe91 / arg[0]@0xf99	rffb07261	2	decoded-baseline	accepted without reading	
Common	collection bonus	Horn of Plenty	Magical_Objects.LangEN.tsv	Dmg_Vitality_Armor_SuperEffect	281	damage_bonus	10.0	DMG	raw*100; raw=0.10000000149011612	Direct decoded setting or canonical static text; live behavior not implied	decoded	{"arg_ordinal": 0, "placeholder": "{0}", "argument_kind": 0, "formatter": 1, "evidence_key": "Magical Objects|Dmg_Vitality_Armor_SuperEffect|damage_bonus", "reason": "", "canonical_condition_text": "#DMG@ &+{0}~, #VITALITY@ &+{1}, #ARMOR@ &+{2}~"}	EntitySettings/Objects/Magical_Objects!Common!Spawn_Consumables.entity.ot.EntitySettingsResource.gen	EntitySettings/Objects/Magical_Objects!Common!Spawn_Consumables.entity.ot.EntitySettingsResource.gen / Super Effect Descripton Format@0x103f / arg[0]@0x1162	EntitySettings/Objects/Magical_Objects!Common!Spawn_Consumables.entity.ot.EntitySettingsResource.gen / Super Effect Descripton Format@0x103f / arg[0]@0x1162	r01d50e62	10	decoded	accepted without reading	
Common	collection bonus	Horn of Plenty	Magical_Objects.LangEN.tsv	Dmg_Vitality_Armor_SuperEffect	281	vitality_bonus	20.0	Vitality	raw*100; raw=0.20000000298023224	Direct decoded setting or canonical static text; live behavior not implied	decoded	{"arg_ordinal": 1, "placeholder": "{1}", "argument_kind": 0, "formatter": 1, "evidence_key": "Magical Objects|Dmg_Vitality_Armor_SuperEffect|vitality_bonus", "reason": "", "canonical_condition_text": "#DMG@ &+{0}~, #VITALITY@ &+{1}, #ARMOR@ &+{2}~"}	EntitySettings/Objects/Magical_Objects!Common!Spawn_Consumables.entity.ot.EntitySettingsResource.gen	EntitySettings/Objects/Magical_Objects!Common!Spawn_Consumables.entity.ot.EntitySettingsResource.gen / Super Effect Descripton Format@0x103f / arg[1]@0x11e9	EntitySettings/Objects/Magical_Objects!Common!Spawn_Consumables.entity.ot.EntitySettingsResource.gen / Super Effect Descripton Format@0x103f / arg[1]@0x11e9	r0682567f	20	decoded	accepted without reading	
Common	collection bonus	Horn of Plenty	Magical_Objects.LangEN.tsv	Dmg_Vitality_Armor_SuperEffect	281	armor_bonus	20.0	armor	20.0	Direct decoded setting or canonical static text; live behavior not implied	decoded	{"arg_ordinal": 2, "placeholder": "{2}", "argument_kind": 0, "formatter": 2, "evidence_key": "Magical Objects|Dmg_Vitality_Armor_SuperEffect|armor_bonus", "reason": "", "canonical_condition_text": "#DMG@ &+{0}~, #VITALITY@ &+{1}, #ARMOR@ &+{2}~"}	EntitySettings/Objects/Magical_Objects!Common!Spawn_Consumables.entity.ot.EntitySettingsResource.gen	EntitySettings/Objects/Magical_Objects!Common!Spawn_Consumables.entity.ot.EntitySettingsResource.gen / Super Effect Descripton Format@0x103f / arg[2]@0x1276	EntitySettings/Objects/Magical_Objects!Common!Spawn_Consumables.entity.ot.EntitySettingsResource.gen / Super Effect Descripton Format@0x103f / arg[2]@0x1276	re5e58063	20	decoded	accepted without reading	
Rare	main effect	Golden Egg	Magical_Objects.LangEN.tsv	Dream_Shards_To_Damage_Description	246	damage_per_spend_increment	1.0	DMG	multiply(1.0, selector default: 1)	Tooltip preview: selector default branches, Amount=1; no claim about equipped inventory, live getters, level or DMG	decoded-baseline	{"arg_ordinal": 0, "placeholder": "{0}", "argument_kind": 0, "formatter": 10, "evidence_key": "Magical Objects|Dream_Shards_To_Damage_Description|damage_per_spend_increment", "reason": "", "canonical_condition_text": "• Gain &+{0}~ #DMG@ per #{1} Dream Shards@ spent during the game{2}"}	EntitySettings/Objects/Magical_Objects!Rare!AP_For_Dream_Shards_Stack.entity.ot.EntitySettingsResource.gen	EntitySettings/Objects/Magical_Objects!Rare!AP_For_Dream_Shards_Stack.entity.ot.EntitySettingsResource.gen / Descripton Format@0x15a7 / arg[0]@0x16b4	EntitySettings/Objects/Magical_Objects!Rare!AP_For_Dream_Shards_Stack.entity.ot.EntitySettingsResource.gen / Descripton Format@0x15a7 / arg[0]@0x16b4	re0712ff7	1	decoded-baseline	accepted without reading	
Rare	main effect	Golden Egg	Magical_Objects.LangEN.tsv	Dream_Shards_To_Damage_Description	246	dream_shards_spend_increment	150	Dream Shards	150	Direct decoded setting or canonical static text; live behavior not implied	decoded	{"arg_ordinal": 1, "placeholder": "{1}", "argument_kind": 1, "formatter": 0, "evidence_key": "Magical Objects|Dream_Shards_To_Damage_Description|dream_shards_spend_increment", "reason": "", "canonical_condition_text": "• Gain &+{0}~ #DMG@ per #{1} Dream Shards@ spent during the game{2}"}	EntitySettings/Objects/Magical_Objects!Rare!AP_For_Dream_Shards_Stack.entity.ot.EntitySettingsResource.gen	EntitySettings/Objects/Magical_Objects!Rare!AP_For_Dream_Shards_Stack.entity.ot.EntitySettingsResource.gen / Descripton Format@0x15a7 / arg[1]@0x1765	EntitySettings/Objects/Magical_Objects!Rare!AP_For_Dream_Shards_Stack.entity.ot.EntitySettingsResource.gen / Descripton Format@0x15a7 / arg[1]@0x1765	r18dc1fd1	150	decoded	accepted without reading	
Rare	main effect	Golden Egg	Magical_Objects.LangEN.tsv	Dream_Shards_To_Damage_Description	246	current_damage_total_text	""	text	selector default: empty localized string	Tooltip preview: selector default branches, Amount=1; no claim about equipped inventory, live getters, level or DMG	decoded-baseline	{"arg_ordinal": 2, "placeholder": "{2}", "argument_kind": 5, "formatter": 10, "evidence_key": "Magical Objects|Dream_Shards_To_Damage_Description|current_damage_total_text", "reason": "", "canonical_condition_text": "• Gain &+{0}~ #DMG@ per #{1} Dream Shards@ spent during the game{2}"}	EntitySettings/Objects/Magical_Objects!Rare!AP_For_Dream_Shards_Stack.entity.ot.EntitySettingsResource.gen	EntitySettings/Objects/Magical_Objects!Rare!AP_For_Dream_Shards_Stack.entity.ot.EntitySettingsResource.gen / Descripton Format@0x15a7 / arg[2]@0x17fc	EntitySettings/Objects/Magical_Objects!Rare!AP_For_Dream_Shards_Stack.entity.ot.EntitySettingsResource.gen / Descripton Format@0x15a7 / arg[2]@0x17fc					
Rare	collection bonus	Golden Egg	Magical_Objects.LangEN.tsv	Dream_Shard_Effect_SuperEffect	222	dream_shard_gain_bonus	30.0	percent	abs(raw)*100; raw=0.30000001192092896	Direct decoded setting or canonical static text; live behavior not implied	decoded	{"arg_ordinal": 0, "placeholder": "{0}", "argument_kind": 0, "formatter": 5, "evidence_key": "Magical Objects|Dream_Shard_Effect_SuperEffect|dream_shard_gain_bonus", "reason": "", "canonical_condition_text": "&+{0}%~ to any #Dream Shard@ gains"}	EntitySettings/Objects/Magical_Objects!Rare!AP_For_Dream_Shards_Stack.entity.ot.EntitySettingsResource.gen	EntitySettings/Objects/Magical_Objects!Rare!AP_For_Dream_Shards_Stack.entity.ot.EntitySettingsResource.gen / Super Effect Descripton Format@0x18bb / arg[0]@0x19de	EntitySettings/Objects/Magical_Objects!Rare!AP_For_Dream_Shards_Stack.entity.ot.EntitySettingsResource.gen / Super Effect Descripton Format@0x18bb / arg[0]@0x19de	r29b168b1	30	decoded	accepted without reading	
Rare	main effect	Cryptic Prophecy	Magical_Objects.LangEN.tsv	Collection_To_Damage_Description	314	stars_of_fate_granted	1	Stars of Fate	multiply(1, selector default: 1)	Tooltip preview: selector default branches, Amount=1; no claim about equipped inventory, live getters, level or DMG	decoded-baseline	{"arg_ordinal": 0, "placeholder": "{0}", "argument_kind": 1, "formatter": 0, "evidence_key": "Magical Objects|Collection_To_Damage_Description|stars_of_fate_granted", "reason": "", "canonical_condition_text": "• &+{0}~ #Star(s) of Fate@\\n• #DMG@ &+{1}~ for each complete collection of #Common@ or #Rare@ Magical Objects{2}"}	EntitySettings/Objects/Magical_Objects!Rare!Collection_To_Damage.entity.ot.EntitySettingsResource.gen	EntitySettings/Objects/Magical_Objects!Rare!Collection_To_Damage.entity.ot.EntitySettingsResource.gen / Descripton Format@0x1900 / arg[0]@0x1a0b	EntitySettings/Objects/Magical_Objects!Rare!Collection_To_Damage.entity.ot.EntitySettingsResource.gen / Descripton Format@0x1900 / arg[0]@0x1a0b	r14b4f9c1	1	decoded-baseline	accepted without reading	
Rare	main effect	Cryptic Prophecy	Magical_Objects.LangEN.tsv	Collection_To_Damage_Description	314	damage_per_common_or_rare_collection	6.0	DMG	raw*100; raw=multiply(0.05999999865889549, selector default: 1)	Tooltip preview: selector default branches, Amount=1; no claim about equipped inventory, live getters, level or DMG	decoded-baseline	{"arg_ordinal": 1, "placeholder": "{1}", "argument_kind": 0, "formatter": 1, "evidence_key": "Magical Objects|Collection_To_Damage_Description|damage_per_common_or_rare_collection", "reason": "", "canonical_condition_text": "• &+{0}~ #Star(s) of Fate@\\n• #DMG@ &+{1}~ for each complete collection of #Common@ or #Rare@ Magical Objects{2}"}	EntitySettings/Objects/Magical_Objects!Rare!Collection_To_Damage.entity.ot.EntitySettingsResource.gen	EntitySettings/Objects/Magical_Objects!Rare!Collection_To_Damage.entity.ot.EntitySettingsResource.gen / Descripton Format@0x1900 / arg[1]@0x1ab0	EntitySettings/Objects/Magical_Objects!Rare!Collection_To_Damage.entity.ot.EntitySettingsResource.gen / Descripton Format@0x1900 / arg[1]@0x1ab0	rca8f354e	6	decoded-baseline	accepted without reading	
Rare	main effect	Cryptic Prophecy	Magical_Objects.LangEN.tsv	Collection_To_Damage_Description	314	current_damage_total_text	""	text	selector default: empty localized string	Tooltip preview: selector default branches, Amount=1; no claim about equipped inventory, live getters, level or DMG	decoded-baseline	{"arg_ordinal": 2, "placeholder": "{2}", "argument_kind": 5, "formatter": 1, "evidence_key": "Magical Objects|Collection_To_Damage_Description|current_damage_total_text", "reason": "", "canonical_condition_text": "• &+{0}~ #Star(s) of Fate@\\n• #DMG@ &+{1}~ for each complete collection of #Common@ or #Rare@ Magical Objects{2}"}	EntitySettings/Objects/Magical_Objects!Rare!Collection_To_Damage.entity.ot.EntitySettingsResource.gen	EntitySettings/Objects/Magical_Objects!Rare!Collection_To_Damage.entity.ot.EntitySettingsResource.gen / Descripton Format@0x1900 / arg[2]@0x1b55	EntitySettings/Objects/Magical_Objects!Rare!Collection_To_Damage.entity.ot.EntitySettingsResource.gen / Descripton Format@0x1900 / arg[2]@0x1b55					
Rare	collection bonus	Cryptic Prophecy	Magical_Objects.LangEN.tsv	Collection_To_Damage_SuperEffect	315	static_description	#Epic@ collections also count toward this	text	canonical static text	Direct decoded setting or canonical static text; live behavior not implied	static-text	No placeholder; canonical source is distinct from implementation-link proof.	EntitySettings/Objects/Magical_Objects!Rare!Collection_To_Damage.entity.ot.EntitySettingsResource.gen	canonical text table	data/Magical_Objects.LangEN.tsv / key=Collection_To_Damage_SuperEffect / index=315					
Rare	main effect	Ace of Spades Card	Magical_Objects.LangEN.tsv	Attack_Damage_Description	84	attack_damage_bonus		percent	multiply(unresolved, selector default: 1)	Direct decoded setting or canonical static text; live behavior not implied	unresolved	{"arg_ordinal": 0, "placeholder": "{0}", "argument_kind": 0, "formatter": 1, "evidence_key": "Magical Objects|Attack_Damage_Description|attack_damage_bonus", "reason": "One or more operands require live property/binding resolution; no zero or unknown stripping", "canonical_condition_text": "• #ATTACK@ deals &+{}%~ damage"}	EntitySettings/Objects/Magical_Objects!Rare!Damage_Attack.entity.ot.EntitySettingsResource.gen	EntitySettings/Objects/Magical_Objects!Rare!Damage_Attack.entity.ot.EntitySettingsResource.gen / Descripton Format@0x1051 / arg[0]@0x1155	EntitySettings/Objects/Magical_Objects!Rare!Damage_Attack.entity.ot.EntitySettingsResource.gen / Descripton Format@0x1051 / arg[0]@0x1155	r4015178f	20	fill pass (decoded-baseline)	accepted without reading	
Rare	collection bonus	Ace of Spades Card	Magical_Objects.LangEN.tsv	Attack_Speed_SuperEffect	219	attack_speed_bonus	15.0	percent	raw*100; raw=0.15000000596046448	Direct decoded setting or canonical static text; live behavior not implied	decoded	{"arg_ordinal": 0, "placeholder": "{0}", "argument_kind": 0, "formatter": 1, "evidence_key": "Magical Objects|Attack_Speed_SuperEffect|attack_speed_bonus", "reason": "", "canonical_condition_text": "#ATTACK@ speed &+{0}%~"}	EntitySettings/Objects/Magical_Objects!Rare!Damage_Attack.entity.ot.EntitySettingsResource.gen	EntitySettings/Objects/Magical_Objects!Rare!Damage_Attack.entity.ot.EntitySettingsResource.gen / Super Effect Descripton Format@0x11fa / arg[0]@0x1317	EntitySettings/Objects/Magical_Objects!Rare!Damage_Attack.entity.ot.EntitySettingsResource.gen / Super Effect Descripton Format@0x11fa / arg[0]@0x1317	r38450f57	15	decoded	accepted without reading	
Rare	main effect	King of Clubs Card	Magical_Objects.LangEN.tsv	Power_Damage_Description	86	power_damage_bonus		percent	multiply(unresolved, selector default: 1)	Direct decoded setting or canonical static text; live behavior not implied	unresolved	{"arg_ordinal": 0, "placeholder": "{0}", "argument_kind": 0, "formatter": 1, "evidence_key": "Magical Objects|Power_Damage_Description|power_damage_bonus", "reason": "One or more operands require live property/binding resolution; no zero or unknown stripping", "canonical_condition_text": "• #POWER@ deals &+{}%~ damage"}	EntitySettings/Objects/Magical_Objects!Rare!Damage_Power.entity.ot.EntitySettingsResource.gen	EntitySettings/Objects/Magical_Objects!Rare!Damage_Power.entity.ot.EntitySettingsResource.gen / Descripton Format@0x1020 / arg[0]@0x1123	EntitySettings/Objects/Magical_Objects!Rare!Damage_Power.entity.ot.EntitySettingsResource.gen / Descripton Format@0x1020 / arg[0]@0x1123	rebd244e1	20	fill pass (decoded-baseline)	accepted without reading	
Rare	collection bonus	King of Clubs Card	Magical_Objects.LangEN.tsv	Power_Crit_Chance_SuperEffect	220	power_critical_chance_bonus	40.0	percent	raw*100; raw=0.4000000059604645	Direct decoded setting or canonical static text; live behavior not implied	decoded	{"arg_ordinal": 0, "placeholder": "{0}", "argument_kind": 0, "formatter": 1, "evidence_key": "Magical Objects|Power_Crit_Chance_SuperEffect|power_critical_chance_bonus", "reason": "", "canonical_condition_text": "#POWER@ has &+{0}%~ #Crit Chance@"}	EntitySettings/Objects/Magical_Objects!Rare!Damage_Power.entity.ot.EntitySettingsResource.gen	EntitySettings/Objects/Magical_Objects!Rare!Damage_Power.entity.ot.EntitySettingsResource.gen / Super Effect Descripton Format@0x11c7 / arg[0]@0x12e9	EntitySettings/Objects/Magical_Objects!Rare!Damage_Power.entity.ot.EntitySettingsResource.gen / Super Effect Descripton Format@0x11c7 / arg[0]@0x12e9	r47eb8769	40	decoded	accepted without reading	
Rare	main effect	Jack of Diamonds Card	Magical_Objects.LangEN.tsv	Special_Damage_Description	88	special_damage_bonus		percent	multiply(unresolved, selector default: 1)	Direct decoded setting or canonical static text; live behavior not implied	unresolved	{"arg_ordinal": 0, "placeholder": "{0}", "argument_kind": 0, "formatter": 1, "evidence_key": "Magical Objects|Special_Damage_Description|special_damage_bonus", "reason": "One or more operands require live property/binding resolution; no zero or unknown stripping", "canonical_condition_text": "• #SPECIAL@ deals &+{}%~ damage"}	EntitySettings/Objects/Magical_Objects!Rare!Damage_Special.entity.ot.EntitySettingsResource.gen	EntitySettings/Objects/Magical_Objects!Rare!Damage_Special.entity.ot.EntitySettingsResource.gen / Descripton Format@0x1030 / arg[0]@0x1135	EntitySettings/Objects/Magical_Objects!Rare!Damage_Special.entity.ot.EntitySettingsResource.gen / Descripton Format@0x1030 / arg[0]@0x1135	r7d85320f	20	fill pass (decoded-baseline)	accepted without reading	
Rare	collection bonus	Jack of Diamonds Card	Magical_Objects.LangEN.tsv	Special_Crit_Chance_SuperEffect	221	special_critical_chance_bonus	40.0	percent	raw*100; raw=0.4000000059604645	Direct decoded setting or canonical static text; live behavior not implied	decoded	{"arg_ordinal": 0, "placeholder": "{0}", "argument_kind": 0, "formatter": 1, "evidence_key": "Magical Objects|Special_Crit_Chance_SuperEffect|special_critical_chance_bonus", "reason": "", "canonical_condition_text": "#SPECIAL@ has &+{0}%~ #Crit Chance@"}	EntitySettings/Objects/Magical_Objects!Rare!Damage_Special.entity.ot.EntitySettingsResource.gen	EntitySettings/Objects/Magical_Objects!Rare!Damage_Special.entity.ot.EntitySettingsResource.gen / Super Effect Descripton Format@0x11db / arg[0]@0x12ff	EntitySettings/Objects/Magical_Objects!Rare!Damage_Special.entity.ot.EntitySettingsResource.gen / Super Effect Descripton Format@0x11db / arg[0]@0x12ff	r7fe81626	40	decoded	accepted without reading	
Rare	main effect	Vajra	Magical_Objects.LangEN.tsv	Dash_Deal_Damage_Description	172	damage_per_dash		damage	multiply(40.0, RuntimeBinding[21], selector default: 1)	Direct decoded setting or canonical static text; live behavior not implied	unresolved	{"arg_ordinal": 0, "placeholder": "{0}", "argument_kind": 0, "formatter": 2, "evidence_key": "Magical Objects|Dash_Deal_Damage_Description|damage_per_dash", "reason": "One or more operands require live property/binding resolution; no zero or unknown stripping", "canonical_condition_text": "• #DASH@ deals &+{}~ damage to all enemies passed"}	EntitySettings/Objects/Magical_Objects!Rare!Dash_Deal_Damage.entity.ot.EntitySettingsResource.gen	EntitySettings/Objects/Magical_Objects!Rare!Dash_Deal_Damage.entity.ot.EntitySettingsResource.gen / Descripton Format@0x1ae0 / arg[0]@0x1be7	EntitySettings/Objects/Magical_Objects!Rare!Dash_Deal_Damage.entity.ot.EntitySettingsResource.gen / Descripton Format@0x1ae0 / arg[0]@0x1be7	r6f3b779f	40	fill pass (decoded-baseline)	accepted without reading	
Rare	collection bonus	Vajra	Magical_Objects.LangEN.tsv	Dash_Lightning Strike_SuperEffect	223	static_description	#DASH@ casts a lightning strike at the starting location	text	canonical static text	Direct decoded setting or canonical static text; live behavior not implied	static-text	No placeholder; canonical source is distinct from implementation-link proof.	EntitySettings/Objects/Magical_Objects!Rare!Dash_Deal_Damage.entity.ot.EntitySettingsResource.gen	canonical text table	data/Magical_Objects.LangEN.tsv / key=Dash_Lightning Strike_SuperEffect / index=223					
Rare	main effect	Dragon Hide	Magical_Objects.LangEN.tsv	Gain_Armor_From_Talents_Rarity_Description	304	armor_per_common_talent	1.0	armor	multiply(1.0, selector default: 1)	Tooltip preview: selector default branches, Amount=1; no claim about equipped inventory, live getters, level or DMG	decoded-baseline	{"arg_ordinal": 0, "placeholder": "{0}", "argument_kind": 0, "formatter": 10, "evidence_key": "Magical Objects|Gain_Armor_From_Talents_Rarity_Description|armor_per_common_talent", "reason": "", "canonical_condition_text": "• &+{0}~/&+{1}~/&+{2}~/&+{3}~ #ARMOR@ for each Common, Rare, Epic or Legendary #Talent@{4}"}	EntitySettings/Objects/Magical_Objects!Rare!Gain_Armor_From_Talents_Rarity.entity.ot.EntitySettingsResource.gen	EntitySettings/Objects/Magical_Objects!Rare!Gain_Armor_From_Talents_Rarity.entity.ot.EntitySettingsResource.gen / Descripton Format@0x1f58 / arg[0]@0x206d	EntitySettings/Objects/Magical_Objects!Rare!Gain_Armor_From_Talents_Rarity.entity.ot.EntitySettingsResource.gen / Descripton Format@0x1f58 / arg[0]@0x206d	r0e34f174	1	decoded-baseline	accepted without reading	
Rare	main effect	Dragon Hide	Magical_Objects.LangEN.tsv	Gain_Armor_From_Talents_Rarity_Description	304	armor_per_rare_talent	2.0	armor	multiply(2.0, selector default: 1)	Tooltip preview: selector default branches, Amount=1; no claim about equipped inventory, live getters, level or DMG	decoded-baseline	{"arg_ordinal": 1, "placeholder": "{1}", "argument_kind": 0, "formatter": 10, "evidence_key": "Magical Objects|Gain_Armor_From_Talents_Rarity_Description|armor_per_rare_talent", "reason": "", "canonical_condition_text": "• &+{0}~/&+{1}~/&+{2}~/&+{3}~ #ARMOR@ for each Common, Rare, Epic or Legendary #Talent@{4}"}	EntitySettings/Objects/Magical_Objects!Rare!Gain_Armor_From_Talents_Rarity.entity.ot.EntitySettingsResource.gen	EntitySettings/Objects/Magical_Objects!Rare!Gain_Armor_From_Talents_Rarity.entity.ot.EntitySettingsResource.gen / Descripton Format@0x1f58 / arg[1]@0x212e	EntitySettings/Objects/Magical_Objects!Rare!Gain_Armor_From_Talents_Rarity.entity.ot.EntitySettingsResource.gen / Descripton Format@0x1f58 / arg[1]@0x212e	r7f9129c1	2	decoded-baseline	accepted without reading	
Rare	main effect	Dragon Hide	Magical_Objects.LangEN.tsv	Gain_Armor_From_Talents_Rarity_Description	304	armor_per_epic_talent	3.0	armor	multiply(3.0, selector default: 1)	Tooltip preview: selector default branches, Amount=1; no claim about equipped inventory, live getters, level or DMG	decoded-baseline	{"arg_ordinal": 2, "placeholder": "{2}", "argument_kind": 0, "formatter": 10, "evidence_key": "Magical Objects|Gain_Armor_From_Talents_Rarity_Description|armor_per_epic_talent", "reason": "", "canonical_condition_text": "• &+{0}~/&+{1}~/&+{2}~/&+{3}~ #ARMOR@ for each Common, Rare, Epic or Legendary #Talent@{4}"}	EntitySettings/Objects/Magical_Objects!Rare!Gain_Armor_From_Talents_Rarity.entity.ot.EntitySettingsResource.gen	EntitySettings/Objects/Magical_Objects!Rare!Gain_Armor_From_Talents_Rarity.entity.ot.EntitySettingsResource.gen / Descripton Format@0x1f58 / arg[2]@0x21ed	EntitySettings/Objects/Magical_Objects!Rare!Gain_Armor_From_Talents_Rarity.entity.ot.EntitySettingsResource.gen / Descripton Format@0x1f58 / arg[2]@0x21ed	r0325610b	3	decoded-baseline	accepted without reading	
Rare	main effect	Dragon Hide	Magical_Objects.LangEN.tsv	Gain_Armor_From_Talents_Rarity_Description	304	armor_per_legendary_talent	4.0	armor	multiply(4.0, selector default: 1)	Tooltip preview: selector default branches, Amount=1; no claim about equipped inventory, live getters, level or DMG	decoded-baseline	{"arg_ordinal": 3, "placeholder": "{3}", "argument_kind": 0, "formatter": 10, "evidence_key": "Magical Objects|Gain_Armor_From_Talents_Rarity_Description|armor_per_legendary_talent", "reason": "", "canonical_condition_text": "• &+{0}~/&+{1}~/&+{2}~/&+{3}~ #ARMOR@ for each Common, Rare, Epic or Legendary #Talent@{4}"}	EntitySettings/Objects/Magical_Objects!Rare!Gain_Armor_From_Talents_Rarity.entity.ot.EntitySettingsResource.gen	EntitySettings/Objects/Magical_Objects!Rare!Gain_Armor_From_Talents_Rarity.entity.ot.EntitySettingsResource.gen / Descripton Format@0x1f58 / arg[3]@0x22ac	EntitySettings/Objects/Magical_Objects!Rare!Gain_Armor_From_Talents_Rarity.entity.ot.EntitySettingsResource.gen / Descripton Format@0x1f58 / arg[3]@0x22ac	rd729f0c2	4	decoded-baseline	accepted without reading	
Rare	main effect	Dragon Hide	Magical_Objects.LangEN.tsv	Gain_Armor_From_Talents_Rarity_Description	304	current_armor_total_text	""	text	selector default: empty localized string	Tooltip preview: selector default branches, Amount=1; no claim about equipped inventory, live getters, level or DMG	decoded-baseline	{"arg_ordinal": 4, "placeholder": "{4}", "argument_kind": 5, "formatter": 10, "evidence_key": "Magical Objects|Gain_Armor_From_Talents_Rarity_Description|current_armor_total_text", "reason": "", "canonical_condition_text": "• &+{0}~/&+{1}~/&+{2}~/&+{3}~ #ARMOR@ for each Common, Rare, Epic or Legendary #Talent@{4}"}	EntitySettings/Objects/Magical_Objects!Rare!Gain_Armor_From_Talents_Rarity.entity.ot.EntitySettingsResource.gen	EntitySettings/Objects/Magical_Objects!Rare!Gain_Armor_From_Talents_Rarity.entity.ot.EntitySettingsResource.gen / Descripton Format@0x1f58 / arg[4]@0x2370	EntitySettings/Objects/Magical_Objects!Rare!Gain_Armor_From_Talents_Rarity.entity.ot.EntitySettingsResource.gen / Descripton Format@0x1f58 / arg[4]@0x2370					
Rare	collection bonus	Dragon Hide	Magical_Objects.LangEN.tsv	Armor_To_Damage_SuperEffect	226	armor_to_damage_conversion	40.0	percent	raw*100; raw=0.4000000059604645	Direct decoded setting or canonical static text; live behavior not implied	decoded	{"arg_ordinal": 0, "placeholder": "{0}", "argument_kind": 0, "formatter": 1, "evidence_key": "Magical Objects|Armor_To_Damage_SuperEffect|armor_to_damage_conversion", "reason": "", "canonical_condition_text": "#ARMOR@ grants &+{0}%~ of its value as #DMG@"}	EntitySettings/Objects/Magical_Objects!Rare!Gain_Armor_From_Talents_Rarity.entity.ot.EntitySettingsResource.gen	EntitySettings/Objects/Magical_Objects!Rare!Gain_Armor_From_Talents_Rarity.entity.ot.EntitySettingsResource.gen / Super Effect Descripton Format@0x242f / arg[0]@0x254f	EntitySettings/Objects/Magical_Objects!Rare!Gain_Armor_From_Talents_Rarity.entity.ot.EntitySettingsResource.gen / Super Effect Descripton Format@0x242f / arg[0]@0x254f	raf8a2ff9	40	decoded	accepted without reading	
Rare	main effect	Queen of Hearts Card	Magical_Objects.LangEN.tsv	Gain_Passive_Heal_Description	303	maximum_health_healed_per_tick		percent	multiply(unresolved, selector default: 1)	Direct decoded setting or canonical static text; live behavior not implied	unresolved	{"arg_ordinal": 0, "placeholder": "{0}", "argument_kind": 0, "formatter": 1, "evidence_key": "Magical Objects|Gain_Passive_Heal_Description|maximum_health_healed_per_tick", "reason": "One or more operands require live property/binding resolution; no zero or unknown stripping", "canonical_condition_text": "• Passively heals &{0}%~ Max Health every #{1}@ seconds"}	EntitySettings/Objects/Magical_Objects!Rare!Gain_Passive_Heal.entity.ot.EntitySettingsResource.gen	EntitySettings/Objects/Magical_Objects!Rare!Gain_Passive_Heal.entity.ot.EntitySettingsResource.gen / Descripton Format@0x2029 / arg[0]@0x2131	EntitySettings/Objects/Magical_Objects!Rare!Gain_Passive_Heal.entity.ot.EntitySettingsResource.gen / Descripton Format@0x2029 / arg[0]@0x2131	r7c9b3bdf	1	fill pass (decoded-baseline)	accepted without reading	
Rare	main effect	Queen of Hearts Card	Magical_Objects.LangEN.tsv	Gain_Passive_Heal_Description	303	healing_interval		seconds		Direct decoded setting or canonical static text; live behavior not implied	unresolved	{"arg_ordinal": 1, "placeholder": "{1}", "argument_kind": 0, "formatter": 0, "evidence_key": "Magical Objects|Gain_Passive_Heal_Description|healing_interval", "reason": "Internal property binding; fallback union is not the bound value", "canonical_condition_text": "• Passively heals &{0}%~ Max Health every #{1}@ seconds"}	EntitySettings/Objects/Magical_Objects!Rare!Gain_Passive_Heal.entity.ot.EntitySettingsResource.gen	EntitySettings/Objects/Magical_Objects!Rare!Gain_Passive_Heal.entity.ot.EntitySettingsResource.gen / Descripton Format@0x2029 / arg[1]@0x21e4	EntitySettings/Objects/Magical_Objects!Rare!Gain_Passive_Heal.entity.ot.EntitySettingsResource.gen / Descripton Format@0x2029 / arg[1]@0x21e4	rbc145978	5	fill pass (decoded-baseline)	accepted without reading	
Rare	collection bonus	Queen of Hearts Card	Magical_Objects.LangEN.tsv	Damage_At_Full_Health_SuperEffect	240	damage_at_full_health	30.0	DMG	raw*100; raw=0.30000001192092896	Direct decoded setting or canonical static text; live behavior not implied	decoded	{"arg_ordinal": 0, "placeholder": "{0}", "argument_kind": 0, "formatter": 1, "evidence_key": "Magical Objects|Damage_At_Full_Health_SuperEffect|damage_at_full_health", "reason": "", "canonical_condition_text": "&+{}~ #DMG@ when at full Health"}	EntitySettings/Objects/Magical_Objects!Rare!Gain_Passive_Heal.entity.ot.EntitySettingsResource.gen	EntitySettings/Objects/Magical_Objects!Rare!Gain_Passive_Heal.entity.ot.EntitySettingsResource.gen / Super Effect Descripton Format@0x2277 / arg[0]@0x239d	EntitySettings/Objects/Magical_Objects!Rare!Gain_Passive_Heal.entity.ot.EntitySettingsResource.gen / Super Effect Descripton Format@0x2277 / arg[0]@0x239d	r7c881ae4	30	decoded	accepted without reading	
Rare	main effect	Unicorn Horn	Magical_Objects.LangEN.tsv	Regeneration_On_Low_Life_Description	19	regeneration_amount	4.0	Regeneration	multiply(4.0, selector default: 1)	Tooltip preview: selector default branches, Amount=1; no claim about equipped inventory, live getters, level or DMG	decoded-baseline	{"arg_ordinal": 0, "placeholder": "{0}", "argument_kind": 1, "formatter": 0, "evidence_key": "Magical Objects|Regeneration_On_Low_Life_Description|regeneration_amount", "reason": "", "canonical_condition_text": "• At #Critical Health@, gain &+{}~ #REGENERATION@ (max every #{}@ seconds)"}	EntitySettings/Objects/Magical_Objects!Rare!Gain_Regeneration_On_Low_Life.entity.ot.EntitySettingsResource.gen	EntitySettings/Objects/Magical_Objects!Rare!Gain_Regeneration_On_Low_Life.entity.ot.EntitySettingsResource.gen / Descripton Format@0x1f4c / arg[0]@0x205b	EntitySettings/Objects/Magical_Objects!Rare!Gain_Regeneration_On_Low_Life.entity.ot.EntitySettingsResource.gen / Descripton Format@0x1f4c / arg[0]@0x205b	r1c75e061	4	decoded-baseline	accepted without reading	
Rare	main effect	Unicorn Horn	Magical_Objects.LangEN.tsv	Regeneration_On_Low_Life_Description	19	trigger_cooldown	45.0	seconds	45.0	Direct decoded setting or canonical static text; live behavior not implied	decoded	{"arg_ordinal": 1, "placeholder": "{1}", "argument_kind": 0, "formatter": 0, "evidence_key": "Magical Objects|Regeneration_On_Low_Life_Description|trigger_cooldown", "reason": "", "canonical_condition_text": "• At #Critical Health@, gain &+{}~ #REGENERATION@ (max every #{}@ seconds)"}	EntitySettings/Objects/Magical_Objects!Rare!Gain_Regeneration_On_Low_Life.entity.ot.EntitySettingsResource.gen	EntitySettings/Objects/Magical_Objects!Rare!Gain_Regeneration_On_Low_Life.entity.ot.EntitySettingsResource.gen / Descripton Format@0x1f4c / arg[1]@0x2109	EntitySettings/Objects/Magical_Objects!Rare!Gain_Regeneration_On_Low_Life.entity.ot.EntitySettingsResource.gen / Descripton Format@0x1f4c / arg[1]@0x2109	r5b2083e7	45	decoded	accepted without reading	
Rare	collection bonus	Unicorn Horn	Magical_Objects.LangEN.tsv	Regeneration_To_Damage_SuperEffect	227	damage_during_regeneration	50.0	DMG	raw*100; raw=0.5	Direct decoded setting or canonical static text; live behavior not implied	decoded	{"arg_ordinal": 0, "placeholder": "{0}", "argument_kind": 0, "formatter": 1, "evidence_key": "Magical Objects|Regeneration_To_Damage_SuperEffect|damage_during_regeneration", "reason": "", "canonical_condition_text": "#DMG@ &+{0}~ when under a #REGENERATION@ effect"}	EntitySettings/Objects/Magical_Objects!Rare!Gain_Regeneration_On_Low_Life.entity.ot.EntitySettingsResource.gen	EntitySettings/Objects/Magical_Objects!Rare!Gain_Regeneration_On_Low_Life.entity.ot.EntitySettingsResource.gen / Super Effect Descripton Format@0x219f / arg[0]@0x22c6	EntitySettings/Objects/Magical_Objects!Rare!Gain_Regeneration_On_Low_Life.entity.ot.EntitySettingsResource.gen / Super Effect Descripton Format@0x219f / arg[0]@0x22c6	r9ae62534	50	decoded	accepted without reading	
Rare	main effect	Fairy Dust	Magical_Objects.LangEN.tsv	Shield_Gain_When_Hit_Description	241	shield_when_hit	10.0	shield	multiply(selector default: 10.0, 1.0, selector default: 1)	Tooltip preview: selector default branches, Amount=1; no claim about equipped inventory, live getters, level or DMG	decoded-baseline	{"arg_ordinal": 0, "placeholder": "{0}", "argument_kind": 0, "formatter": 2, "evidence_key": "Magical Objects|Shield_Gain_When_Hit_Description|shield_when_hit", "reason": "", "canonical_condition_text": "• When taking damage, gain &{0}~ #SHIELD@ (at most every #{1}@ seconds)"}	EntitySettings/Objects/Magical_Objects!Rare!Increase_Shield.entity.ot.EntitySettingsResource.gen	EntitySettings/Objects/Magical_Objects!Rare!Increase_Shield.entity.ot.EntitySettingsResource.gen / Descripton Format@0x1a19 / arg[0]@0x1b24	EntitySettings/Objects/Magical_Objects!Rare!Increase_Shield.entity.ot.EntitySettingsResource.gen / Descripton Format@0x1a19 / arg[0]@0x1b24	rb3f061b0	10	decoded-baseline	accepted without reading	
Rare	main effect	Fairy Dust	Magical_Objects.LangEN.tsv	Shield_Gain_When_Hit_Description	241	trigger_cooldown	30.0	seconds	30.0	Direct decoded setting or canonical static text; live behavior not implied	decoded	{"arg_ordinal": 1, "placeholder": "{1}", "argument_kind": 0, "formatter": 0, "evidence_key": "Magical Objects|Shield_Gain_When_Hit_Description|trigger_cooldown", "reason": "", "canonical_condition_text": "• When taking damage, gain &{0}~ #SHIELD@ (at most every #{1}@ seconds)"}	EntitySettings/Objects/Magical_Objects!Rare!Increase_Shield.entity.ot.EntitySettingsResource.gen	EntitySettings/Objects/Magical_Objects!Rare!Increase_Shield.entity.ot.EntitySettingsResource.gen / Descripton Format@0x1a19 / arg[1]@0x1bc5	EntitySettings/Objects/Magical_Objects!Rare!Increase_Shield.entity.ot.EntitySettingsResource.gen / Descripton Format@0x1a19 / arg[1]@0x1bc5	r8c90c639	30	decoded	accepted without reading	
Rare	collection bonus	Fairy Dust	Magical_Objects.LangEN.tsv	Shield_Effect_SuperEffect	215	shield_effect_increase	50.0	percent	raw*100; raw=0.5	Direct decoded setting or canonical static text; live behavior not implied	decoded	{"arg_ordinal": 0, "placeholder": "{0}", "argument_kind": 0, "formatter": 1, "evidence_key": "Magical Objects|Shield_Effect_SuperEffect|shield_effect_increase", "reason": "", "canonical_condition_text": "&+{}%~ to any #SHIELD@ applied or received"}	EntitySettings/Objects/Magical_Objects!Rare!Increase_Shield.entity.ot.EntitySettingsResource.gen	EntitySettings/Objects/Magical_Objects!Rare!Increase_Shield.entity.ot.EntitySettingsResource.gen / Super Effect Descripton Format@0x1c52 / arg[0]@0x1d70	EntitySettings/Objects/Magical_Objects!Rare!Increase_Shield.entity.ot.EntitySettingsResource.gen / Super Effect Descripton Format@0x1c52 / arg[0]@0x1d70	r2248d9b3	50	decoded	accepted without reading	
Epic	main effect	Joker Card	Magical_Objects.LangEN.tsv	Copy_Cards_Description	322	static_description	• Grants the effects of other #card types@ owned	text	canonical static text	Direct decoded setting or canonical static text; live behavior not implied	static-text	No placeholder; canonical source is distinct from implementation-link proof.	EntitySettings/Objects/Magical_Objects!Epic!Copy_Card.entity.ot.EntitySettingsResource.gen	canonical text table	data/Magical_Objects.LangEN.tsv / key=Copy_Cards_Description / index=322					
Epic	collection bonus	Joker Card	Magical_Objects.LangEN.tsv	Copy_Cards_SuperEffect	323	critical_damage_per_other_card_type	25.0	percent	raw*100; raw=0.25	Direct decoded setting or canonical static text; live behavior not implied	decoded	{"arg_ordinal": 0, "placeholder": "{0}", "argument_kind": 0, "formatter": 1, "evidence_key": "Magical Objects|Copy_Cards_SuperEffect|critical_damage_per_other_card_type", "reason": "", "canonical_condition_text": "Critical hits deal &+{0}%~ damage per other #card type@ owned{1}"}	EntitySettings/Objects/Magical_Objects!Epic!Copy_Card.entity.ot.EntitySettingsResource.gen	EntitySettings/Objects/Magical_Objects!Epic!Copy_Card.entity.ot.EntitySettingsResource.gen / Super Effect Descripton Format@0x259c / arg[0]@0x26cf	EntitySettings/Objects/Magical_Objects!Epic!Copy_Card.entity.ot.EntitySettingsResource.gen / Super Effect Descripton Format@0x259c / arg[0]@0x26cf	rffc5d9dd	25	decoded	accepted without reading	
Epic	collection bonus	Joker Card	Magical_Objects.LangEN.tsv	Copy_Cards_SuperEffect	323	current_card_bonus_total_text	""	text	selector default: empty localized string	Tooltip preview: selector default branches, Amount=1; no claim about equipped inventory, live getters, level or DMG	decoded-baseline	{"arg_ordinal": 1, "placeholder": "{1}", "argument_kind": 5, "formatter": 0, "evidence_key": "Magical Objects|Copy_Cards_SuperEffect|current_card_bonus_total_text", "reason": "", "canonical_condition_text": "Critical hits deal &+{0}%~ damage per other #card type@ owned{1}"}	EntitySettings/Objects/Magical_Objects!Epic!Copy_Card.entity.ot.EntitySettingsResource.gen	EntitySettings/Objects/Magical_Objects!Epic!Copy_Card.entity.ot.EntitySettingsResource.gen / Super Effect Descripton Format@0x259c / arg[1]@0x2765	EntitySettings/Objects/Magical_Objects!Epic!Copy_Card.entity.ot.EntitySettingsResource.gen / Super Effect Descripton Format@0x259c / arg[1]@0x2765					
Epic	alternate description	Joker Card	Magical_Objects.LangEN.tsv	Copy_Cards_DescriptionCurrent	324	current_attack_description	+0% #ATTACK@ damage	text	selector default: localized text reference	Tooltip preview: selector default branches, Amount=1; no claim about equipped inventory, live getters, level or DMG	decoded-baseline	{"arg_ordinal": 0, "placeholder": "{0}", "argument_kind": 5, "formatter": 1, "evidence_key": "Magical Objects|Copy_Cards_DescriptionCurrent|current_attack_description", "reason": "", "canonical_condition_text": "• Grants the effects of other #card types@ owned\\n• Current: {0}, {1}, {2}, {3}"}	EntitySettings/Objects/Magical_Objects!Epic!Copy_Card.entity.ot.EntitySettingsResource.gen	EntitySettings/Objects/Magical_Objects!Epic!Copy_Card.entity.ot.EntitySettingsResource.gen / Current Descripton Format@0x1a41 / arg[0]@0x1b5c	EntitySettings/Objects/Magical_Objects!Epic!Copy_Card.entity.ot.EntitySettingsResource.gen / Current Descripton Format@0x1a41 / arg[0]@0x1b5c					
Epic	alternate description	Joker Card	Magical_Objects.LangEN.tsv	Copy_Cards_DescriptionCurrent	324	current_power_description	+0% #POWER@ damage	text	selector default: localized text reference	Tooltip preview: selector default branches, Amount=1; no claim about equipped inventory, live getters, level or DMG	decoded-baseline	{"arg_ordinal": 1, "placeholder": "{1}", "argument_kind": 5, "formatter": 0, "evidence_key": "Magical Objects|Copy_Cards_DescriptionCurrent|current_power_description", "reason": "", "canonical_condition_text": "• Grants the effects of other #card types@ owned\\n• Current: {0}, {1}, {2}, {3}"}	EntitySettings/Objects/Magical_Objects!Epic!Copy_Card.entity.ot.EntitySettingsResource.gen	EntitySettings/Objects/Magical_Objects!Epic!Copy_Card.entity.ot.EntitySettingsResource.gen / Current Descripton Format@0x1a41 / arg[1]@0x1c11	EntitySettings/Objects/Magical_Objects!Epic!Copy_Card.entity.ot.EntitySettingsResource.gen / Current Descripton Format@0x1a41 / arg[1]@0x1c11					
Epic	alternate description	Joker Card	Magical_Objects.LangEN.tsv	Copy_Cards_DescriptionCurrent	324	current_special_description	+0% #SPECIAL@ damage	text	selector default: localized text reference	Tooltip preview: selector default branches, Amount=1; no claim about equipped inventory, live getters, level or DMG	decoded-baseline	{"arg_ordinal": 2, "placeholder": "{2}", "argument_kind": 5, "formatter": 0, "evidence_key": "Magical Objects|Copy_Cards_DescriptionCurrent|current_special_description", "reason": "", "canonical_condition_text": "• Grants the effects of other #card types@ owned\\n• Current: {0}, {1}, {2}, {3}"}	EntitySettings/Objects/Magical_Objects!Epic!Copy_Card.entity.ot.EntitySettingsResource.gen	EntitySettings/Objects/Magical_Objects!Epic!Copy_Card.entity.ot.EntitySettingsResource.gen / Current Descripton Format@0x1a41 / arg[2]@0x1cc5	EntitySettings/Objects/Magical_Objects!Epic!Copy_Card.entity.ot.EntitySettingsResource.gen / Current Descripton Format@0x1a41 / arg[2]@0x1cc5					
Epic	alternate description	Joker Card	Magical_Objects.LangEN.tsv	Copy_Cards_DescriptionCurrent	324	current_healing_description	0% #Passive Healing@	text	selector default: canonical static text Copy_Cards_DescriptionCurrentNoHeal	Tooltip preview: selector default branches, Amount=1; no claim about equipped inventory, live getters, level or DMG	decoded-baseline	{"arg_ordinal": 3, "placeholder": "{3}", "argument_kind": 5, "formatter": 0, "evidence_key": "Magical Objects|Copy_Cards_DescriptionCurrent|current_healing_description", "reason": "", "canonical_condition_text": "• Grants the effects of other #card types@ owned\\n• Current: {0}, {1}, {2}, {3}"}	EntitySettings/Objects/Magical_Objects!Epic!Copy_Card.entity.ot.EntitySettingsResource.gen	EntitySettings/Objects/Magical_Objects!Epic!Copy_Card.entity.ot.EntitySettingsResource.gen / Current Descripton Format@0x1a41 / arg[3]@0x1d7b	EntitySettings/Objects/Magical_Objects!Epic!Copy_Card.entity.ot.EntitySettingsResource.gen / Current Descripton Format@0x1a41 / arg[3]@0x1d7b					
Epic	alternate description	Joker Card	Magical_Objects.LangEN.tsv	Copy_Cards_DescriptionCurrentAttack	325	copied_attack_damage_bonus		percent	multiply(0xd4abae79, selector default: 1)	Direct decoded setting or canonical static text; live behavior not implied	unresolved	{"arg_ordinal": 0, "placeholder": "{0}", "argument_kind": 0, "formatter": 1, "evidence_key": "Magical Objects|Copy_Cards_DescriptionCurrentAttack|copied_attack_damage_bonus", "reason": "One or more operands require live property/binding resolution; no zero or unknown stripping", "canonical_condition_text": "&+{0}%~ #ATTACK@ damage"}	EntitySettings/Objects/Magical_Objects!Epic!Copy_Card.entity.ot.EntitySettingsResource.gen	EntitySettings/Objects/Magical_Objects!Epic!Copy_Card.entity.ot.EntitySettingsResource.gen / Current Attack Desc Format@0x18aa / arg[0]@0x1995	EntitySettings/Objects/Magical_Objects!Epic!Copy_Card.entity.ot.EntitySettingsResource.gen / Current Attack Desc Format@0x18aa / arg[0]@0x1995					
Epic	alternate description	Joker Card	Magical_Objects.LangEN.tsv	Copy_Cards_DescriptionCurrentNoAttack	326	static_description	+0% #ATTACK@ damage	text	canonical static text	Direct decoded setting or canonical static text; live behavior not implied	static-text	No placeholder; canonical source is distinct from implementation-link proof.	EntitySettings/Objects/Magical_Objects!Epic!Copy_Card.entity.ot.EntitySettingsResource.gen	canonical text table	data/Magical_Objects.LangEN.tsv / key=Copy_Cards_DescriptionCurrentNoAttack / index=326					
Epic	alternate description	Joker Card	Magical_Objects.LangEN.tsv	Copy_Cards_DescriptionCurrentPower	327	copied_power_damage_bonus		percent	multiply(0x7c1b7c0f, selector default: 1)	Direct decoded setting or canonical static text; live behavior not implied	unresolved	{"arg_ordinal": 0, "placeholder": "{0}", "argument_kind": 0, "formatter": 1, "evidence_key": "Magical Objects|Copy_Cards_DescriptionCurrentPower|copied_power_damage_bonus", "reason": "One or more operands require live property/binding resolution; no zero or unknown stripping", "canonical_condition_text": "&+{0}%~ #POWER@ damage"}	EntitySettings/Objects/Magical_Objects!Epic!Copy_Card.entity.ot.EntitySettingsResource.gen	EntitySettings/Objects/Magical_Objects!Epic!Copy_Card.entity.ot.EntitySettingsResource.gen / Current Power Desc Format@0x212f / arg[0]@0x2218	EntitySettings/Objects/Magical_Objects!Epic!Copy_Card.entity.ot.EntitySettingsResource.gen / Current Power Desc Format@0x212f / arg[0]@0x2218					
Epic	alternate description	Joker Card	Magical_Objects.LangEN.tsv	Copy_Cards_DescriptionCurrentNoPower	328	static_description	+0% #POWER@ damage	text	canonical static text	Direct decoded setting or canonical static text; live behavior not implied	static-text	No placeholder; canonical source is distinct from implementation-link proof.	EntitySettings/Objects/Magical_Objects!Epic!Copy_Card.entity.ot.EntitySettingsResource.gen	canonical text table	data/Magical_Objects.LangEN.tsv / key=Copy_Cards_DescriptionCurrentNoPower / index=328					
Epic	alternate description	Joker Card	Magical_Objects.LangEN.tsv	Copy_Cards_DescriptionCurrentSpecial	329	copied_special_damage_bonus		percent	multiply(0x6b675740, selector default: 1)	Direct decoded setting or canonical static text; live behavior not implied	unresolved	{"arg_ordinal": 0, "placeholder": "{0}", "argument_kind": 0, "formatter": 1, "evidence_key": "Magical Objects|Copy_Cards_DescriptionCurrentSpecial|copied_special_damage_bonus", "reason": "One or more operands require live property/binding resolution; no zero or unknown stripping", "canonical_condition_text": "&+{0}%~ #SPECIAL@ damage"}	EntitySettings/Objects/Magical_Objects!Epic!Copy_Card.entity.ot.EntitySettingsResource.gen	EntitySettings/Objects/Magical_Objects!Epic!Copy_Card.entity.ot.EntitySettingsResource.gen / Current Special Desc Format@0x22c3 / arg[0]@0x23b0	EntitySettings/Objects/Magical_Objects!Epic!Copy_Card.entity.ot.EntitySettingsResource.gen / Current Special Desc Format@0x22c3 / arg[0]@0x23b0					
Epic	alternate description	Joker Card	Magical_Objects.LangEN.tsv	Copy_Cards_DescriptionCurrentNoSpecial	330	static_description	+0% #SPECIAL@ damage	text	canonical static text	Direct decoded setting or canonical static text; live behavior not implied	static-text	No placeholder; canonical source is distinct from implementation-link proof.	EntitySettings/Objects/Magical_Objects!Epic!Copy_Card.entity.ot.EntitySettingsResource.gen	canonical text table	data/Magical_Objects.LangEN.tsv / key=Copy_Cards_DescriptionCurrentNoSpecial / index=330					
Epic	alternate description	Joker Card	Magical_Objects.LangEN.tsv	Copy_Cards_DescriptionCurrentHeal	331	copied_passive_healing		percent	multiply(0x8eab5fe0, selector default: 1)	Direct decoded setting or canonical static text; live behavior not implied	unresolved	{"arg_ordinal": 0, "placeholder": "{0}", "argument_kind": 0, "formatter": 1, "evidence_key": "Magical Objects|Copy_Cards_DescriptionCurrentHeal|copied_passive_healing", "reason": "One or more operands require live property/binding resolution; no zero or unknown stripping", "canonical_condition_text": "&{0}%~ #Passive Healing@"}	EntitySettings/Objects/Magical_Objects!Epic!Copy_Card.entity.ot.EntitySettingsResource.gen	EntitySettings/Objects/Magical_Objects!Epic!Copy_Card.entity.ot.EntitySettingsResource.gen / Current Heal Desc Format@0x1e32 / arg[0]@0x1f19	EntitySettings/Objects/Magical_Objects!Epic!Copy_Card.entity.ot.EntitySettingsResource.gen / Current Heal Desc Format@0x1e32 / arg[0]@0x1f19					
Epic	alternate description	Joker Card	Magical_Objects.LangEN.tsv	Copy_Cards_DescriptionCurrentNoHeal	332	static_description	0% #Passive Healing@	text	canonical static text	Direct decoded setting or canonical static text; live behavior not implied	static-text	No placeholder; canonical source is distinct from implementation-link proof.	EntitySettings/Objects/Magical_Objects!Epic!Copy_Card.entity.ot.EntitySettingsResource.gen	canonical text table	data/Magical_Objects.LangEN.tsv / key=Copy_Cards_DescriptionCurrentNoHeal / index=332					
Epic	main effect	Charmstone	Magical_Objects.LangEN.tsv	Dash_Charge_Gain_Description	252	additional_dash_charges	1.0	charges	multiply(1.0, selector default: 1)	Tooltip preview: selector default branches, Amount=1; no claim about equipped inventory, live getters, level or DMG	decoded-baseline	{"arg_ordinal": 0, "placeholder": "{0}", "argument_kind": 1, "formatter": 0, "evidence_key": "Magical Objects|Dash_Charge_Gain_Description|additional_dash_charges", "reason": "", "canonical_condition_text": "• #DASH@ gains &+{0}~ charge(s)"}	EntitySettings/Objects/Magical_Objects!Epic!Dash_Gain_Charge.entity.ot.EntitySettingsResource.gen	EntitySettings/Objects/Magical_Objects!Epic!Dash_Gain_Charge.entity.ot.EntitySettingsResource.gen / Descripton Format@0x1199 / arg[0]@0x12a0	EntitySettings/Objects/Magical_Objects!Epic!Dash_Gain_Charge.entity.ot.EntitySettingsResource.gen / Descripton Format@0x1199 / arg[0]@0x12a0	r654cd444	1	decoded-baseline	accepted without reading	
Epic	collection bonus	Charmstone	Magical_Objects.LangEN.tsv	Dash_Grants_Shield_SuperEffect	285	shield_after_dash	10.0	shield	multiply(selector default: 10.0, 1.0)	Tooltip preview: selector default branches, Amount=1; no claim about equipped inventory, live getters, level or DMG	decoded-baseline	{"arg_ordinal": 0, "placeholder": "{0}", "argument_kind": 0, "formatter": 2, "evidence_key": "Magical Objects|Dash_Grants_Shield_SuperEffect|shield_after_dash", "reason": "", "canonical_condition_text": "#DASH@ grants a &{0}~ #SHIELD@ for #{1}@ seconds"}	EntitySettings/Objects/Magical_Objects!Epic!Dash_Gain_Charge.entity.ot.EntitySettingsResource.gen	EntitySettings/Objects/Magical_Objects!Epic!Dash_Gain_Charge.entity.ot.EntitySettingsResource.gen / Super Effect Descripton Format@0x1345 / arg[0]@0x1468	EntitySettings/Objects/Magical_Objects!Epic!Dash_Gain_Charge.entity.ot.EntitySettingsResource.gen / Super Effect Descripton Format@0x1345 / arg[0]@0x1468	r44cbfaa0	10	decoded-baseline	accepted without reading	
Epic	collection bonus	Charmstone	Magical_Objects.LangEN.tsv	Dash_Grants_Shield_SuperEffect	285	shield_duration	6.0	seconds	6.0	Direct decoded setting or canonical static text; live behavior not implied	decoded	{"arg_ordinal": 1, "placeholder": "{1}", "argument_kind": 0, "formatter": 2, "evidence_key": "Magical Objects|Dash_Grants_Shield_SuperEffect|shield_duration", "reason": "", "canonical_condition_text": "#DASH@ grants a &{0}~ #SHIELD@ for #{1}@ seconds"}	EntitySettings/Objects/Magical_Objects!Epic!Dash_Gain_Charge.entity.ot.EntitySettingsResource.gen	EntitySettings/Objects/Magical_Objects!Epic!Dash_Gain_Charge.entity.ot.EntitySettingsResource.gen / Super Effect Descripton Format@0x1345 / arg[1]@0x150e	EntitySettings/Objects/Magical_Objects!Epic!Dash_Gain_Charge.entity.ot.EntitySettingsResource.gen / Super Effect Descripton Format@0x1345 / arg[1]@0x150e	rf8c5d6be	6	decoded	accepted without reading	
Epic	main effect	Adder Stone	Magical_Objects.LangEN.tsv	Defensive_Charge_Gain_Description	35	additional_defense_charges	1.0	charges	multiply(1.0, selector default: 1)	Tooltip preview: selector default branches, Amount=1; no claim about equipped inventory, live getters, level or DMG	decoded-baseline	{"arg_ordinal": 0, "placeholder": "{0}", "argument_kind": 1, "formatter": 0, "evidence_key": "Magical Objects|Defensive_Charge_Gain_Description|additional_defense_charges", "reason": "", "canonical_condition_text": "• #DEFENSE@ gains &+{}~ charge(s)"}	EntitySettings/Objects/Magical_Objects!Epic!Defensive_Gain_Charge.entity.ot.EntitySettingsResource.gen	EntitySettings/Objects/Magical_Objects!Epic!Defensive_Gain_Charge.entity.ot.EntitySettingsResource.gen / Descripton Format@0x1499 / arg[0]@0x15a5	EntitySettings/Objects/Magical_Objects!Epic!Defensive_Gain_Charge.entity.ot.EntitySettingsResource.gen / Descripton Format@0x1499 / arg[0]@0x15a5	rc0164c6f	1	decoded-baseline	accepted without reading	
Epic	collection bonus	Adder Stone	Magical_Objects.LangEN.tsv	Defense_Decaying_Move_Speed_SuperEffect	284	initial_move_speed_bonus	40.0	percent	raw*100; raw=0.4000000059604645	Direct decoded setting or canonical static text; live behavior not implied	decoded	{"arg_ordinal": 0, "placeholder": "{0}", "argument_kind": 0, "formatter": 1, "evidence_key": "Magical Objects|Defense_Decaying_Move_Speed_SuperEffect|initial_move_speed_bonus", "reason": "", "canonical_condition_text": "After a #DEFENSE@, gain &+{0}%~ Move Speed decaying over #{1}@ seconds"}	EntitySettings/Objects/Magical_Objects!Epic!Defensive_Gain_Charge.entity.ot.EntitySettingsResource.gen	EntitySettings/Objects/Magical_Objects!Epic!Defensive_Gain_Charge.entity.ot.EntitySettingsResource.gen / Super Effect Descripton Format@0x164f / arg[0]@0x177b	EntitySettings/Objects/Magical_Objects!Epic!Defensive_Gain_Charge.entity.ot.EntitySettingsResource.gen / Super Effect Descripton Format@0x164f / arg[0]@0x177b	r3e634bbd	40	decoded	accepted without reading	
Epic	collection bonus	Adder Stone	Magical_Objects.LangEN.tsv	Defense_Decaying_Move_Speed_SuperEffect	284	bonus_decay_duration	3.0	seconds	3.0	Direct decoded setting or canonical static text; live behavior not implied	decoded	{"arg_ordinal": 1, "placeholder": "{1}", "argument_kind": 0, "formatter": 2, "evidence_key": "Magical Objects|Defense_Decaying_Move_Speed_SuperEffect|bonus_decay_duration", "reason": "", "canonical_condition_text": "After a #DEFENSE@, gain &+{0}%~ Move Speed decaying over #{1}@ seconds"}	EntitySettings/Objects/Magical_Objects!Epic!Defensive_Gain_Charge.entity.ot.EntitySettingsResource.gen	EntitySettings/Objects/Magical_Objects!Epic!Defensive_Gain_Charge.entity.ot.EntitySettingsResource.gen / Super Effect Descripton Format@0x164f / arg[1]@0x180d	EntitySettings/Objects/Magical_Objects!Epic!Defensive_Gain_Charge.entity.ot.EntitySettingsResource.gen / Super Effect Descripton Format@0x164f / arg[1]@0x180d	rc78ff8a4	3	decoded	accepted without reading	
Epic	main effect	Flaming Pearl	Magical_Objects.LangEN.tsv	Primary_Charge_Gain_Description	31	additional_power_charges	1.0	charges	multiply(1.0, selector default: 1)	Tooltip preview: selector default branches, Amount=1; no claim about equipped inventory, live getters, level or DMG	decoded-baseline	{"arg_ordinal": 0, "placeholder": "{0}", "argument_kind": 1, "formatter": 0, "evidence_key": "Magical Objects|Primary_Charge_Gain_Description|additional_power_charges", "reason": "", "canonical_condition_text": "• #POWER@ gains &+{}~ charge(s)"}	EntitySettings/Objects/Magical_Objects!Epic!Primary_Gain_Charge.entity.ot.EntitySettingsResource.gen	EntitySettings/Objects/Magical_Objects!Epic!Primary_Gain_Charge.entity.ot.EntitySettingsResource.gen / Descripton Format@0xb54 / arg[0]@0xc5e	EntitySettings/Objects/Magical_Objects!Epic!Primary_Gain_Charge.entity.ot.EntitySettingsResource.gen / Descripton Format@0xb54 / arg[0]@0xc5e	r9b69bdf1	1	decoded-baseline	accepted without reading	
Epic	collection bonus	Flaming Pearl	Magical_Objects.LangEN.tsv	Power_Dmg_Per_Negative_Status_SuperEffect	282	power_damage_bonus_per_negative_status	15.0	percent	raw*100; raw=0.15000000596046448	Direct decoded setting or canonical static text; live behavior not implied	decoded	{"arg_ordinal": 0, "placeholder": "{0}", "argument_kind": 0, "formatter": 1, "evidence_key": "Magical Objects|Power_Dmg_Per_Negative_Status_SuperEffect|power_damage_bonus_per_negative_status", "reason": "", "canonical_condition_text": "#POWER@ deals &+{}%~ damage to enemies for each #Negative Status@ they have"}	EntitySettings/Objects/Magical_Objects!Epic!Primary_Gain_Charge.entity.ot.EntitySettingsResource.gen	EntitySettings/Objects/Magical_Objects!Epic!Primary_Gain_Charge.entity.ot.EntitySettingsResource.gen / Super Effect Descripton Format@0xd06 / arg[0]@0xe34	EntitySettings/Objects/Magical_Objects!Epic!Primary_Gain_Charge.entity.ot.EntitySettingsResource.gen / Super Effect Descripton Format@0xd06 / arg[0]@0xe34	raf3be987	15	decoded	accepted without reading	
Epic	main effect	Raven Eye	Magical_Objects.LangEN.tsv	Reduce_Ultimate_CD_Description	106	ultimate_cooldown_reduction		percent	subtract(1.0, RuntimeBinding[16])	Direct decoded setting or canonical static text; live behavior not implied	unresolved	{"arg_ordinal": 0, "placeholder": "{0}", "argument_kind": 0, "formatter": 1, "evidence_key": "Magical Objects|Reduce_Ultimate_CD_Description|ultimate_cooldown_reduction", "reason": "One or more operands require live property/binding resolution; no zero or unknown stripping", "canonical_condition_text": "• Reduces #ULTIMATE@'s cooldown by &{}%~"}	EntitySettings/Objects/Magical_Objects!Epic!Reduce_CD_And_Buff_Ultimate.entity.ot.EntitySettingsResource.gen	EntitySettings/Objects/Magical_Objects!Epic!Reduce_CD_And_Buff_Ultimate.entity.ot.EntitySettingsResource.gen / Descripton Format@0xb26 / arg[0]@0xc2f	EntitySettings/Objects/Magical_Objects!Epic!Reduce_CD_And_Buff_Ultimate.entity.ot.EntitySettingsResource.gen / Descripton Format@0xb26 / arg[0]@0xc2f	re1b93935	25	in-game reading	read in game: no decoded value	
Epic	collection bonus	Raven Eye	Magical_Objects.LangEN.tsv	Increase_Ultimate_Damage_SuperEffect	305	ultimate_damage_bonus	40.0	percent	raw*100; raw=0.4000000059604645	Direct decoded setting or canonical static text; live behavior not implied	decoded	{"arg_ordinal": 0, "placeholder": "{0}", "argument_kind": 0, "formatter": 1, "evidence_key": "Magical Objects|Increase_Ultimate_Damage_SuperEffect|ultimate_damage_bonus", "reason": "", "canonical_condition_text": "#ULTIMATE@ deals &+{0}%~ damage"}	EntitySettings/Objects/Magical_Objects!Epic!Reduce_CD_And_Buff_Ultimate.entity.ot.EntitySettingsResource.gen	EntitySettings/Objects/Magical_Objects!Epic!Reduce_CD_And_Buff_Ultimate.entity.ot.EntitySettingsResource.gen / Super Effect Descripton Format@0xcdf / arg[0]@0xe08	EntitySettings/Objects/Magical_Objects!Epic!Reduce_CD_And_Buff_Ultimate.entity.ot.EntitySettingsResource.gen / Super Effect Descripton Format@0xcdf / arg[0]@0xe08	r7069baa6	40	decoded	accepted without reading	
Epic	main effect	Raven Wing	Magical_Objects.LangEN.tsv	Reduce_Dash_CD_Description	114	dash_cooldown_reduction		percent	subtract(1.0, RuntimeBinding[16])	Direct decoded setting or canonical static text; live behavior not implied	unresolved	{"arg_ordinal": 0, "placeholder": "{0}", "argument_kind": 0, "formatter": 1, "evidence_key": "Magical Objects|Reduce_Dash_CD_Description|dash_cooldown_reduction", "reason": "One or more operands require live property/binding resolution; no zero or unknown stripping", "canonical_condition_text": "• Reduces #DASH@'s cooldown by &{}%~"}	EntitySettings/Objects/Magical_Objects!Epic!Reduce_Dash_CD.entity.ot.EntitySettingsResource.gen	EntitySettings/Objects/Magical_Objects!Epic!Reduce_Dash_CD.entity.ot.EntitySettingsResource.gen / Descripton Format@0xabd / arg[0]@0xbc2	EntitySettings/Objects/Magical_Objects!Epic!Reduce_Dash_CD.entity.ot.EntitySettingsResource.gen / Descripton Format@0xabd / arg[0]@0xbc2	rcb5846e1	25	in-game reading	read in game: no decoded value	
Epic	collection bonus	Raven Wing	Magical_Objects.LangEN.tsv	Move_Speed_SuperEffect	232	move_speed_bonus	15.0	percent	raw*100; raw=0.15000000596046448	Direct decoded setting or canonical static text; live behavior not implied	decoded	{"arg_ordinal": 0, "placeholder": "{0}", "argument_kind": 0, "formatter": 1, "evidence_key": "Magical Objects|Move_Speed_SuperEffect|move_speed_bonus", "reason": "", "canonical_condition_text": "Move Speed &+{0}%~"}	EntitySettings/Objects/Magical_Objects!Epic!Reduce_Dash_CD.entity.ot.EntitySettingsResource.gen	EntitySettings/Objects/Magical_Objects!Epic!Reduce_Dash_CD.entity.ot.EntitySettingsResource.gen / Super Effect Descripton Format@0xc65 / arg[0]@0xd80	EntitySettings/Objects/Magical_Objects!Epic!Reduce_Dash_CD.entity.ot.EntitySettingsResource.gen / Super Effect Descripton Format@0xc65 / arg[0]@0xd80	r8fc06c28	15	decoded	accepted without reading	
Epic	main effect	Raven Skull	Magical_Objects.LangEN.tsv	Reduce_Defense_CD_Description	112	defense_cooldown_reduction		percent	subtract(1.0, RuntimeBinding[18])	Direct decoded setting or canonical static text; live behavior not implied	unresolved	{"arg_ordinal": 0, "placeholder": "{0}", "argument_kind": 0, "formatter": 1, "evidence_key": "Magical Objects|Reduce_Defense_CD_Description|defense_cooldown_reduction", "reason": "One or more operands require live property/binding resolution; no zero or unknown stripping", "canonical_condition_text": "• Reduces #DEFENSE@'s cooldown by &{}%~"}	EntitySettings/Objects/Magical_Objects!Epic!Reduce_Defensive_CD.entity.ot.EntitySettingsResource.gen	EntitySettings/Objects/Magical_Objects!Epic!Reduce_Defensive_CD.entity.ot.EntitySettingsResource.gen / Descripton Format@0xc93 / arg[0]@0xd9b	EntitySettings/Objects/Magical_Objects!Epic!Reduce_Defensive_CD.entity.ot.EntitySettingsResource.gen / Descripton Format@0xc93 / arg[0]@0xd9b	r51807806	25	in-game reading	read in game: no decoded value	
Epic	collection bonus	Raven Skull	Magical_Objects.LangEN.tsv	Armor_SuperEffect	235	armor_bonus	40.0	armor	40.0	Direct decoded setting or canonical static text; live behavior not implied	decoded	{"arg_ordinal": 0, "placeholder": "{0}", "argument_kind": 0, "formatter": 0, "evidence_key": "Magical Objects|Armor_SuperEffect|armor_bonus", "reason": "", "canonical_condition_text": "#ARMOR@ &+{0}~"}	EntitySettings/Objects/Magical_Objects!Epic!Reduce_Defensive_CD.entity.ot.EntitySettingsResource.gen	EntitySettings/Objects/Magical_Objects!Epic!Reduce_Defensive_CD.entity.ot.EntitySettingsResource.gen / Super Effect Descripton Format@0xe43 / arg[0]@0xf59	EntitySettings/Objects/Magical_Objects!Epic!Reduce_Defensive_CD.entity.ot.EntitySettingsResource.gen / Super Effect Descripton Format@0xe43 / arg[0]@0xf59	rf6403736	40	decoded	accepted without reading	
Epic	main effect	Raven Claw	Magical_Objects.LangEN.tsv	Reduce_Power_CD_Description	108	power_cooldown_reduction		percent	subtract(1.0, RuntimeBinding[16])	Direct decoded setting or canonical static text; live behavior not implied	unresolved	{"arg_ordinal": 0, "placeholder": "{0}", "argument_kind": 0, "formatter": 1, "evidence_key": "Magical Objects|Reduce_Power_CD_Description|power_cooldown_reduction", "reason": "One or more operands require live property/binding resolution; no zero or unknown stripping", "canonical_condition_text": "• Reduces #POWER@'s cooldown by &{}%~"}	EntitySettings/Objects/Magical_Objects!Epic!Reduce_Primary_CD.entity.ot.EntitySettingsResource.gen	EntitySettings/Objects/Magical_Objects!Epic!Reduce_Primary_CD.entity.ot.EntitySettingsResource.gen / Descripton Format@0xac4 / arg[0]@0xbca	EntitySettings/Objects/Magical_Objects!Epic!Reduce_Primary_CD.entity.ot.EntitySettingsResource.gen / Descripton Format@0xac4 / arg[0]@0xbca	r2e9a0985	25	in-game reading	read in game: no decoded value	
Epic	collection bonus	Raven Claw	Magical_Objects.LangEN.tsv	Power_Damage_SuperEffect	233	power_damage_bonus	40.0	percent	raw*100; raw=0.4000000059604645	Direct decoded setting or canonical static text; live behavior not implied	decoded	{"arg_ordinal": 0, "placeholder": "{0}", "argument_kind": 0, "formatter": 1, "evidence_key": "Magical Objects|Power_Damage_SuperEffect|power_damage_bonus", "reason": "", "canonical_condition_text": "#POWER@ deals &+{0}%~ damage"}	EntitySettings/Objects/Magical_Objects!Epic!Reduce_Primary_CD.entity.ot.EntitySettingsResource.gen	EntitySettings/Objects/Magical_Objects!Epic!Reduce_Primary_CD.entity.ot.EntitySettingsResource.gen / Super Effect Descripton Format@0xc70 / arg[0]@0xd8d	EntitySettings/Objects/Magical_Objects!Epic!Reduce_Primary_CD.entity.ot.EntitySettingsResource.gen / Super Effect Descripton Format@0xc70 / arg[0]@0xd8d	rb116423c	40	decoded	accepted without reading	
Epic	main effect	Raven Beak	Magical_Objects.LangEN.tsv	Reduce_Special_CD_Description	110	special_cooldown_reduction		percent	subtract(1.0, RuntimeBinding[16])	Direct decoded setting or canonical static text; live behavior not implied	unresolved	{"arg_ordinal": 0, "placeholder": "{0}", "argument_kind": 0, "formatter": 1, "evidence_key": "Magical Objects|Reduce_Special_CD_Description|special_cooldown_reduction", "reason": "One or more operands require live property/binding resolution; no zero or unknown stripping", "canonical_condition_text": "• Reduces #SPECIAL@'s cooldown by &{}%~"}	EntitySettings/Objects/Magical_Objects!Epic!Reduce_Secondary_CD.entity.ot.EntitySettingsResource.gen	EntitySettings/Objects/Magical_Objects!Epic!Reduce_Secondary_CD.entity.ot.EntitySettingsResource.gen / Descripton Format@0xace / arg[0]@0xbd6	EntitySettings/Objects/Magical_Objects!Epic!Reduce_Secondary_CD.entity.ot.EntitySettingsResource.gen / Descripton Format@0xace / arg[0]@0xbd6	rfccf29b6	25	in-game reading	read in game: no decoded value	
Epic	collection bonus	Raven Beak	Magical_Objects.LangEN.tsv	Special_Damage_SuperEffect	234	special_damage_bonus	40.0	percent	raw*100; raw=0.4000000059604645	Direct decoded setting or canonical static text; live behavior not implied	decoded	{"arg_ordinal": 0, "placeholder": "{0}", "argument_kind": 0, "formatter": 1, "evidence_key": "Magical Objects|Special_Damage_SuperEffect|special_damage_bonus", "reason": "", "canonical_condition_text": "#SPECIAL@ deals &+{0}%~ damage"}	EntitySettings/Objects/Magical_Objects!Epic!Reduce_Secondary_CD.entity.ot.EntitySettingsResource.gen	EntitySettings/Objects/Magical_Objects!Epic!Reduce_Secondary_CD.entity.ot.EntitySettingsResource.gen / Super Effect Descripton Format@0xc7e / arg[0]@0xd9d	EntitySettings/Objects/Magical_Objects!Epic!Reduce_Secondary_CD.entity.ot.EntitySettingsResource.gen / Super Effect Descripton Format@0xc7e / arg[0]@0xd9d	r0adf4faa	40	decoded	accepted without reading	
Epic	main effect	Thunderstone	Magical_Objects.LangEN.tsv	Secondary_Charge_Gain_Description	33	additional_special_charges	1.0	charges	multiply(1.0, selector default: 1)	Tooltip preview: selector default branches, Amount=1; no claim about equipped inventory, live getters, level or DMG	decoded-baseline	{"arg_ordinal": 0, "placeholder": "{0}", "argument_kind": 1, "formatter": 0, "evidence_key": "Magical Objects|Secondary_Charge_Gain_Description|additional_special_charges", "reason": "", "canonical_condition_text": "• #SPECIAL@ gains &+{}~ charge(s)"}	EntitySettings/Objects/Magical_Objects!Epic!Secondary_Gain_Charge.entity.ot.EntitySettingsResource.gen	EntitySettings/Objects/Magical_Objects!Epic!Secondary_Gain_Charge.entity.ot.EntitySettingsResource.gen / Descripton Format@0x25ca / arg[0]@0x26d6	EntitySettings/Objects/Magical_Objects!Epic!Secondary_Gain_Charge.entity.ot.EntitySettingsResource.gen / Descripton Format@0x25ca / arg[0]@0x26d6	rbf2bc23e	1	decoded-baseline	accepted without reading	
Epic	collection bonus	Thunderstone	Magical_Objects.LangEN.tsv	Special_Casts_Lighning_Strike_SuperEffect	283	maximum_lightning_targets	3	targets	3	Direct decoded setting or canonical static text; live behavior not implied	decoded	{"arg_ordinal": 0, "placeholder": "{0}", "argument_kind": 1, "formatter": 0, "evidence_key": "Magical Objects|Special_Casts_Lighning_Strike_SuperEffect|maximum_lightning_targets", "reason": "", "canonical_condition_text": "#SPECIAL@ casts a Lightning Strike upon up to &{0}~ close enemies"}	EntitySettings/Objects/Magical_Objects!Epic!Secondary_Gain_Charge.entity.ot.EntitySettingsResource.gen	EntitySettings/Objects/Magical_Objects!Epic!Secondary_Gain_Charge.entity.ot.EntitySettingsResource.gen / Super Effect Descripton Format@0x2780 / arg[0]@0x28ae	EntitySettings/Objects/Magical_Objects!Epic!Secondary_Gain_Charge.entity.ot.EntitySettingsResource.gen / Super Effect Descripton Format@0x2780 / arg[0]@0x28ae	r9e8aba94	3	decoded	accepted without reading	
Legendary	main effect	Raven Effigy	Magical_Objects.LangEN.tsv	Ability_Charge_Description	256	additional_power_and_special_charges	1	charges	1	Direct decoded setting or canonical static text; live behavior not implied	decoded	{"arg_ordinal": 0, "placeholder": "{0}", "argument_kind": 1, "formatter": 0, "evidence_key": "Magical Objects|Ability_Charge_Description|additional_power_and_special_charges", "reason": "", "canonical_condition_text": "• #POWER@ and #SPECIAL@ gain &+{0}~ charge(s)"}	EntitySettings/Objects/Magical_Objects!Legendary!All_Abilities_Gain_Charge.entity.ot.EntitySettingsResource.gen	EntitySettings/Objects/Magical_Objects!Legendary!All_Abilities_Gain_Charge.entity.ot.EntitySettingsResource.gen / Descripton Format@0x876 / arg[0]@0x97b	EntitySettings/Objects/Magical_Objects!Legendary!All_Abilities_Gain_Charge.entity.ot.EntitySettingsResource.gen / Descripton Format@0x876 / arg[0]@0x97b	r17472276	1	decoded	accepted without reading	
Legendary	main effect	Water of Life	Magical_Objects.LangEN.tsv	Avoid_Death_Once_Per_Chapter _Description	307	vitality_bonus	25.0	Vitality	raw*100; raw=0.25	Direct decoded setting or canonical static text; live behavior not implied	decoded	{"arg_ordinal": 0, "placeholder": "{0}", "argument_kind": 0, "formatter": 1, "evidence_key": "Magical Objects|Avoid_Death_Once_Per_Chapter _Description|vitality_bonus", "reason": "", "canonical_condition_text": "• #VITALITY@ &+{0}~\\n• Prevents lethal damage and restores all health instead (once per chapter)"}	EntitySettings/Objects/Magical_Objects!Legendary!Avoid_Death_Once_Per_Chapter.entity.ot.EntitySettingsResource.gen	EntitySettings/Objects/Magical_Objects!Legendary!Avoid_Death_Once_Per_Chapter.entity.ot.EntitySettingsResource.gen / Descripton Format@0x957 / arg[0]@0xa6b	EntitySettings/Objects/Magical_Objects!Legendary!Avoid_Death_Once_Per_Chapter.entity.ot.EntitySettingsResource.gen / Descripton Format@0x957 / arg[0]@0xa6b	rbc42f8a9	25	decoded	accepted without reading	
Legendary	main effect	Golden Coat of Chainmail	Magical_Objects.LangEN.tsv	Clamp_High_Damage_Description	136	damage_aggregation_window	1.0	seconds	1.0	Direct decoded setting or canonical static text; live behavior not implied	decoded	{"arg_ordinal": 0, "placeholder": "{0}", "argument_kind": 0, "formatter": 0, "evidence_key": "Magical Objects|Clamp_High_Damage_Description|damage_aggregation_window", "reason": "", "canonical_condition_text": "• Damage taken within #{}@ second(s) cannot exceed #{}%@ of your Maximum Health"}	EntitySettings/Objects/Magical_Objects!Legendary!Clamp_High_Damage.entity.ot.EntitySettingsResource.gen	EntitySettings/Objects/Magical_Objects!Legendary!Clamp_High_Damage.entity.ot.EntitySettingsResource.gen / Descripton Format@0x8cd / arg[0]@0x9d5	EntitySettings/Objects/Magical_Objects!Legendary!Clamp_High_Damage.entity.ot.EntitySettingsResource.gen / Descripton Format@0x8cd / arg[0]@0x9d5	r12452cee	1	decoded	accepted without reading	
Legendary	main effect	Golden Coat of Chainmail	Magical_Objects.LangEN.tsv	Clamp_High_Damage_Description	136	damage_cap_of_maximum_health	50.0	percent	raw*100; raw=0.5	Direct decoded setting or canonical static text; live behavior not implied	decoded	{"arg_ordinal": 1, "placeholder": "{1}", "argument_kind": 0, "formatter": 1, "evidence_key": "Magical Objects|Clamp_High_Damage_Description|damage_cap_of_maximum_health", "reason": "", "canonical_condition_text": "• Damage taken within #{}@ second(s) cannot exceed #{}%@ of your Maximum Health"}	EntitySettings/Objects/Magical_Objects!Legendary!Clamp_High_Damage.entity.ot.EntitySettingsResource.gen	EntitySettings/Objects/Magical_Objects!Legendary!Clamp_High_Damage.entity.ot.EntitySettingsResource.gen / Descripton Format@0x8cd / arg[1]@0xa5b	EntitySettings/Objects/Magical_Objects!Legendary!Clamp_High_Damage.entity.ot.EntitySettingsResource.gen / Descripton Format@0x8cd / arg[1]@0xa5b	r6b8928f8	50	decoded	accepted without reading	
Legendary	main effect	Seven-league Boots	Magical_Objects.LangEN.tsv	Clear_Dash_Cooldown_On_Defense_Description	144	static_description	• Remove #DASH@'s cooldown whenever you use #POWER@, #SPECIAL@ or #DEFENSE@	text	canonical static text	Direct decoded setting or canonical static text; live behavior not implied	static-text	No placeholder; canonical source is distinct from implementation-link proof.	EntitySettings/Objects/Magical_Objects!Legendary!Clear_Dash_Cooldown_On_Defense.entity.ot.EntitySettingsResource.gen	canonical text table	data/Magical_Objects.LangEN.tsv / key=Clear_Dash_Cooldown_On_Defense_Description / index=144					
Legendary	main effect	Excalibur	Magical_Objects.LangEN.tsv	Damage_Per_Legendary_Object_Description	138	damage_per_legendary_talent	10	DMG	10	Direct decoded setting or canonical static text; live behavior not implied	decoded	{"arg_ordinal": 0, "placeholder": "{0}", "argument_kind": 1, "formatter": 1, "evidence_key": "Magical Objects|Damage_Per_Legendary_Object_Description|damage_per_legendary_talent", "reason": "", "canonical_condition_text": "• &+{}~ #DMG@ for each #Legendary Talent@ you have{1}"}	EntitySettings/Objects/Magical_Objects!Legendary!Damage_Per_Legendary_Skill.entity.ot.EntitySettingsResource.gen	EntitySettings/Objects/Magical_Objects!Legendary!Damage_Per_Legendary_Skill.entity.ot.EntitySettingsResource.gen / Descripton Format@0xe79 / arg[0]@0xf8b	EntitySettings/Objects/Magical_Objects!Legendary!Damage_Per_Legendary_Skill.entity.ot.EntitySettingsResource.gen / Descripton Format@0xe79 / arg[0]@0xf8b	r74cd3f5c	10	decoded	accepted without reading	
Legendary	main effect	Excalibur	Magical_Objects.LangEN.tsv	Damage_Per_Legendary_Object_Description	138	current_damage_total_text	""	text	selector default: empty localized string	Tooltip preview: selector default branches, Amount=1; no claim about equipped inventory, live getters, level or DMG	decoded-baseline	{"arg_ordinal": 1, "placeholder": "{1}", "argument_kind": 5, "formatter": 0, "evidence_key": "Magical Objects|Damage_Per_Legendary_Object_Description|current_damage_total_text", "reason": "", "canonical_condition_text": "• &+{}~ #DMG@ for each #Legendary Talent@ you have{1}"}	EntitySettings/Objects/Magical_Objects!Legendary!Damage_Per_Legendary_Skill.entity.ot.EntitySettingsResource.gen	EntitySettings/Objects/Magical_Objects!Legendary!Damage_Per_Legendary_Skill.entity.ot.EntitySettingsResource.gen / Descripton Format@0xe79 / arg[1]@0x1018	EntitySettings/Objects/Magical_Objects!Legendary!Damage_Per_Legendary_Skill.entity.ot.EntitySettingsResource.gen / Descripton Format@0xe79 / arg[1]@0x1018					
Legendary	main effect	Ring of Dispel	Magical_Objects.LangEN.tsv	Dash_Vulnerable_Description	258	vulnerable_duration	4.0	seconds	4.0	Direct decoded setting or canonical static text; live behavior not implied	decoded	{"arg_ordinal": 0, "placeholder": "{0}", "argument_kind": 0, "formatter": 0, "evidence_key": "Magical Objects|Dash_Vulnerable_Description|vulnerable_duration", "reason": "", "canonical_condition_text": "• #DASH@ applies #VULNERABLE@ for &{0}~ seconds to enemies hit"}	EntitySettings/Objects/Magical_Objects!Legendary!Dash_Apply_Vulnerable.entity.ot.EntitySettingsResource.gen	EntitySettings/Objects/Magical_Objects!Legendary!Dash_Apply_Vulnerable.entity.ot.EntitySettingsResource.gen / Descripton Format@0x8fa / arg[0]@0xa00	EntitySettings/Objects/Magical_Objects!Legendary!Dash_Apply_Vulnerable.entity.ot.EntitySettingsResource.gen / Descripton Format@0x8fa / arg[0]@0xa00	rc3f0d8d0	4	decoded	accepted without reading	
Legendary	main effect	Swan Cloak	Magical_Objects.LangEN.tsv	Dash_Heal_For_Damage_Taken_Description	120	healing_of_recent_damage	50.0	percent	raw*100; raw=0.5	Direct decoded setting or canonical static text; live behavior not implied	decoded	{"arg_ordinal": 0, "placeholder": "{0}", "argument_kind": 0, "formatter": 1, "evidence_key": "Magical Objects|Dash_Heal_For_Damage_Taken_Description|healing_of_recent_damage", "reason": "", "canonical_condition_text": "• #DASH@ heals for &{0}%~ of damage taken over the last #{1}@ second(s)"}	EntitySettings/Objects/Magical_Objects!Legendary!Dash_Heal_For_Damage_Taken.entity.ot.EntitySettingsResource.gen	EntitySettings/Objects/Magical_Objects!Legendary!Dash_Heal_For_Damage_Taken.entity.ot.EntitySettingsResource.gen / Descripton Format@0x901 / arg[0]@0xa12	EntitySettings/Objects/Magical_Objects!Legendary!Dash_Heal_For_Damage_Taken.entity.ot.EntitySettingsResource.gen / Descripton Format@0x901 / arg[0]@0xa12	rb8e94c8b	50	decoded	accepted without reading	
Legendary	main effect	Swan Cloak	Magical_Objects.LangEN.tsv	Dash_Heal_For_Damage_Taken_Description	120	damage_lookback_window	2.0	seconds	2.0	Direct decoded setting or canonical static text; live behavior not implied	decoded	{"arg_ordinal": 1, "placeholder": "{1}", "argument_kind": 0, "formatter": 0, "evidence_key": "Magical Objects|Dash_Heal_For_Damage_Taken_Description|damage_lookback_window", "reason": "", "canonical_condition_text": "• #DASH@ heals for &{0}%~ of damage taken over the last #{1}@ second(s)"}	EntitySettings/Objects/Magical_Objects!Legendary!Dash_Heal_For_Damage_Taken.entity.ot.EntitySettingsResource.gen	EntitySettings/Objects/Magical_Objects!Legendary!Dash_Heal_For_Damage_Taken.entity.ot.EntitySettingsResource.gen / Descripton Format@0x901 / arg[1]@0xaa5	EntitySettings/Objects/Magical_Objects!Legendary!Dash_Heal_For_Damage_Taken.entity.ot.EntitySettingsResource.gen / Descripton Format@0x901 / arg[1]@0xaa5	r04311332	2	decoded	accepted without reading	
Legendary	main effect	Holy Grail	Magical_Objects.LangEN.tsv	Defense_Heal_Nearby_Description	264	nearby_healing_amount		health	multiply(selector default: multiply(10.0, RuntimeBinding[35]), 1.0)	Direct decoded setting or canonical static text; live behavior not implied	unresolved	{"arg_ordinal": 0, "placeholder": "{0}", "argument_kind": 0, "formatter": 2, "evidence_key": "Magical Objects|Defense_Heal_Nearby_Description|nearby_healing_amount", "reason": "One or more operands require live property/binding resolution; no zero or unknown stripping", "canonical_condition_text": "• When in combat, #DEFENSE@ restores &{0}~ health to all nearby heroes (at most every #{1}@ seconds)"}	EntitySettings/Objects/Magical_Objects!Legendary!Defense_Heal.entity.ot.EntitySettingsResource.gen	EntitySettings/Objects/Magical_Objects!Legendary!Defense_Heal.entity.ot.EntitySettingsResource.gen / Descripton Format@0x1bab / arg[0]@0x1cb5	EntitySettings/Objects/Magical_Objects!Legendary!Defense_Heal.entity.ot.EntitySettingsResource.gen / Descripton Format@0x1bab / arg[0]@0x1cb5	r8659f58f	10	fill pass (decoded-baseline)	accepted without reading	
Legendary	main effect	Holy Grail	Magical_Objects.LangEN.tsv	Defense_Heal_Nearby_Description	264	trigger_cooldown	5.0	seconds	5.0	Direct decoded setting or canonical static text; live behavior not implied	decoded	{"arg_ordinal": 1, "placeholder": "{1}", "argument_kind": 0, "formatter": 0, "evidence_key": "Magical Objects|Defense_Heal_Nearby_Description|trigger_cooldown", "reason": "", "canonical_condition_text": "• When in combat, #DEFENSE@ restores &{0}~ health to all nearby heroes (at most every #{1}@ seconds)"}	EntitySettings/Objects/Magical_Objects!Legendary!Defense_Heal.entity.ot.EntitySettingsResource.gen	EntitySettings/Objects/Magical_Objects!Legendary!Defense_Heal.entity.ot.EntitySettingsResource.gen / Descripton Format@0x1bab / arg[1]@0x1d48	EntitySettings/Objects/Magical_Objects!Legendary!Defense_Heal.entity.ot.EntitySettingsResource.gen / Descripton Format@0x1bab / arg[1]@0x1d48	re908fcf8	5	decoded	accepted without reading	
Legendary	main effect	Tamatebako	Magical_Objects.LangEN.tsv	Extra_MO_Choice_And_Reroll_Description	254	stars_of_fate_granted	2	Stars of Fate	2	Direct decoded setting or canonical static text; live behavior not implied	decoded	{"arg_ordinal": 0, "placeholder": "{0}", "argument_kind": 1, "formatter": 0, "evidence_key": "Magical Objects|Extra_MO_Choice_And_Reroll_Description|stars_of_fate_granted", "reason": "", "canonical_condition_text": "• &+{0}~ #Stars of Fate@\\n• Get &+1~ choice when obtaining #Magical Objects@"}	EntitySettings/Objects/Magical_Objects!Legendary!Extra_MO_Choice.entity.ot.EntitySettingsResource.gen	EntitySettings/Objects/Magical_Objects!Legendary!Extra_MO_Choice.entity.ot.EntitySettingsResource.gen / Descripton Format@0x984 / arg[0]@0xa95	EntitySettings/Objects/Magical_Objects!Legendary!Extra_MO_Choice.entity.ot.EntitySettingsResource.gen / Descripton Format@0x984 / arg[0]@0xa95	rfb042908	2	decoded	accepted without reading	
Legendary	main effect	Vorpal Blade	Magical_Objects.LangEN.tsv	Kill_Low_Life_Enemies_Description	158	standard_enemy_health_threshold	20.0	percent	raw*100; raw=0.20000000298023224	Direct decoded setting or canonical static text; live behavior not implied	decoded	{"arg_ordinal": 0, "placeholder": "{0}", "argument_kind": 0, "formatter": 1, "evidence_key": "Magical Objects|Kill_Low_Life_Enemies_Description|standard_enemy_health_threshold", "reason": "", "canonical_condition_text": "• Any damage you deal kills standard enemies below #{}%@ Health or elite enemies below #{}%@ Health"}	EntitySettings/Objects/Magical_Objects!Legendary!Kill_Low_Life_Enemies.entity.ot.EntitySettingsResource.gen	EntitySettings/Objects/Magical_Objects!Legendary!Kill_Low_Life_Enemies.entity.ot.EntitySettingsResource.gen / Descripton Format@0x942 / arg[0]@0xa4e	EntitySettings/Objects/Magical_Objects!Legendary!Kill_Low_Life_Enemies.entity.ot.EntitySettingsResource.gen / Descripton Format@0x942 / arg[0]@0xa4e	rd1371368	20	decoded	accepted without reading	
Legendary	main effect	Vorpal Blade	Magical_Objects.LangEN.tsv	Kill_Low_Life_Enemies_Description	158	elite_enemy_health_threshold	10.0	percent	raw*100; raw=0.10000000149011612	Direct decoded setting or canonical static text; live behavior not implied	decoded	{"arg_ordinal": 1, "placeholder": "{1}", "argument_kind": 0, "formatter": 1, "evidence_key": "Magical Objects|Kill_Low_Life_Enemies_Description|elite_enemy_health_threshold", "reason": "", "canonical_condition_text": "• Any damage you deal kills standard enemies below #{}%@ Health or elite enemies below #{}%@ Health"}	EntitySettings/Objects/Magical_Objects!Legendary!Kill_Low_Life_Enemies.entity.ot.EntitySettingsResource.gen	EntitySettings/Objects/Magical_Objects!Legendary!Kill_Low_Life_Enemies.entity.ot.EntitySettingsResource.gen / Descripton Format@0x942 / arg[1]@0xae9	EntitySettings/Objects/Magical_Objects!Legendary!Kill_Low_Life_Enemies.entity.ot.EntitySettingsResource.gen / Descripton Format@0x942 / arg[1]@0xae9	ra9191dee	10	decoded	accepted without reading	
Legendary	main effect	Father Time's Hourglass	Magical_Objects.LangEN.tsv	Reduce_All_Abilities_CD_Description	306	power_special_defense_cooldown_reduction	20.0	percent	raw*100; raw=0.20000000298023224	Direct decoded setting or canonical static text; live behavior not implied	decoded	{"arg_ordinal": 0, "placeholder": "{0}", "argument_kind": 0, "formatter": 1, "evidence_key": "Magical Objects|Reduce_All_Abilities_CD_Description|power_special_defense_cooldown_reduction", "reason": "", "canonical_condition_text": "• Reduces #POWER@, #SPECIAL@ and #DEFENSE@ cooldowns by &{0}%~"}	EntitySettings/Objects/Magical_Objects!Legendary!Reduce_All_Abilities_CD.entity.ot.EntitySettingsResource.gen	EntitySettings/Objects/Magical_Objects!Legendary!Reduce_All_Abilities_CD.entity.ot.EntitySettingsResource.gen / Descripton Format@0xe5f / arg[0]@0xf6d	EntitySettings/Objects/Magical_Objects!Legendary!Reduce_All_Abilities_CD.entity.ot.EntitySettingsResource.gen / Descripton Format@0xe5f / arg[0]@0xf6d	r196ab200	20	decoded	accepted without reading	
Legendary	main effect	Nibelungen Ring	Magical_Objects.LangEN.tsv	Ultimate_Charge_Gain_Description	37	static_description	• #ULTIMATE@ gains an extra charge	text	canonical static text	Direct decoded setting or canonical static text; live behavior not implied	static-text	No placeholder; canonical source is distinct from implementation-link proof.	EntitySettings/Objects/Magical_Objects!Legendary!Ultimate_Gain_Charge.entity.ot.EntitySettingsResource.gen	canonical text table	data/Magical_Objects.LangEN.tsv / key=Ultimate_Charge_Gain_Description / index=37					
Legendary	main effect	Sun Crown	Magical_Objects.LangEN.tsv	Upgrade_All_Talents_Once _Description	309	static_description	• Improves the rarity of all #Talents@ already learned and all future #Talents@ once selected	text	canonical static text	Direct decoded setting or canonical static text; live behavior not implied	static-text	No placeholder; canonical source is distinct from implementation-link proof.	EntitySettings/Objects/Magical_Objects!Legendary!Upgrade_All_Talents_Once.entity.ot.EntitySettingsResource.gen	canonical text table	data/Magical_Objects.LangEN.tsv / key=Upgrade_All_Talents_Once _Description / index=309					
Legendary	main effect	Philosopher's Stone	Magical_Objects.LangEN.tsv	Vitality_Per_Health_Globe_Description	146	vitality_per_healing_orb	1.0	Vitality	raw*100; raw=0.009999999776482582	Direct decoded setting or canonical static text; live behavior not implied	decoded	{"arg_ordinal": 0, "placeholder": "{0}", "argument_kind": 0, "formatter": 1, "evidence_key": "Magical Objects|Vitality_Per_Health_Globe_Description|vitality_per_healing_orb", "reason": "", "canonical_condition_text": "• Gain &+{0}~ #VITALITY@ each time you collect a #Healing Orb@{1}"}	EntitySettings/Objects/Magical_Objects!Legendary!Vitality_Per_Health_Globe.entity.ot.EntitySettingsResource.gen	EntitySettings/Objects/Magical_Objects!Legendary!Vitality_Per_Health_Globe.entity.ot.EntitySettingsResource.gen / Descripton Format@0xa1b / arg[0]@0xb2b	EntitySettings/Objects/Magical_Objects!Legendary!Vitality_Per_Health_Globe.entity.ot.EntitySettingsResource.gen / Descripton Format@0xa1b / arg[0]@0xb2b	r47f5bfb1	1	decoded	accepted without reading	
Legendary	main effect	Philosopher's Stone	Magical_Objects.LangEN.tsv	Vitality_Per_Health_Globe_Description	146	current_vitality_total_text	""	text	selector default: empty localized string	Tooltip preview: selector default branches, Amount=1; no claim about equipped inventory, live getters, level or DMG	decoded-baseline	{"arg_ordinal": 1, "placeholder": "{1}", "argument_kind": 5, "formatter": 0, "evidence_key": "Magical Objects|Vitality_Per_Health_Globe_Description|current_vitality_total_text", "reason": "", "canonical_condition_text": "• Gain &+{0}~ #VITALITY@ each time you collect a #Healing Orb@{1}"}	EntitySettings/Objects/Magical_Objects!Legendary!Vitality_Per_Health_Globe.entity.ot.EntitySettingsResource.gen	EntitySettings/Objects/Magical_Objects!Legendary!Vitality_Per_Health_Globe.entity.ot.EntitySettingsResource.gen / Descripton Format@0xa1b / arg[1]@0xbca	EntitySettings/Objects/Magical_Objects!Legendary!Vitality_Per_Health_Globe.entity.ot.EntitySettingsResource.gen / Descripton Format@0xa1b / arg[1]@0xbca					
Cursed	main effect	Balor's Eye	Magical_Objects.LangEN.tsv	Charge_To_Damage_Description	273	damage_per_removed_extra_charge	100.0	percent	raw*100; raw=1.0	Direct decoded setting or canonical static text; live behavior not implied	decoded	{"arg_ordinal": 0, "placeholder": "{0}", "argument_kind": 0, "formatter": 1, "evidence_key": "Magical Objects|Charge_To_Damage_Description|damage_per_removed_extra_charge", "reason": "", "canonical_condition_text": "• #POWER@ and #SPECIAL@ extra charges are $removed* to get &+{0}%~ damage per extra charge to those abilities"}	EntitySettings/Objects/Magical_Objects!Cursed!Charge_To_Damage.entity.ot.EntitySettingsResource.gen	EntitySettings/Objects/Magical_Objects!Cursed!Charge_To_Damage.entity.ot.EntitySettingsResource.gen / Descripton Format@0x919 / arg[0]@0xa20	EntitySettings/Objects/Magical_Objects!Cursed!Charge_To_Damage.entity.ot.EntitySettingsResource.gen / Descripton Format@0x919 / arg[0]@0xa20	ra2eeff24	100	decoded	accepted without reading	
Cursed	main effect	Bloody Mary’s Mirror	Magical_Objects.LangEN.tsv	Convert_Vitality_Into_Damage_Description	296	damage_per_vitality	0.5	DMG	0.5	Direct decoded setting or canonical static text; live behavior not implied	decoded	{"arg_ordinal": 0, "placeholder": "{0}", "argument_kind": 0, "formatter": 10, "evidence_key": "Magical Objects|Convert_Vitality_Into_Damage_Description|damage_per_vitality", "reason": "", "canonical_condition_text": "• Gain &+{0}~ #DMG@ per #VITALITY@ point{1}\\n• #VITALITY@ now increases maximum health by only ${2}%* per point (from #1%@)"}	EntitySettings/Objects/Magical_Objects!Cursed!Convert_Vitality_Into_AP.entity.ot.EntitySettingsResource.gen	EntitySettings/Objects/Magical_Objects!Cursed!Convert_Vitality_Into_AP.entity.ot.EntitySettingsResource.gen / Descripton Format@0x1601 / arg[0]@0x1714	EntitySettings/Objects/Magical_Objects!Cursed!Convert_Vitality_Into_AP.entity.ot.EntitySettingsResource.gen / Descripton Format@0x1601 / arg[0]@0x1714	rbb053162	0.5	decoded	accepted without reading	
Cursed	main effect	Bloody Mary’s Mirror	Magical_Objects.LangEN.tsv	Convert_Vitality_Into_Damage_Description	296	current_damage_total_text	""	text	selector default: empty localized string	Tooltip preview: selector default branches, Amount=1; no claim about equipped inventory, live getters, level or DMG	decoded-baseline	{"arg_ordinal": 1, "placeholder": "{1}", "argument_kind": 5, "formatter": 10, "evidence_key": "Magical Objects|Convert_Vitality_Into_Damage_Description|current_damage_total_text", "reason": "", "canonical_condition_text": "• Gain &+{0}~ #DMG@ per #VITALITY@ point{1}\\n• #VITALITY@ now increases maximum health by only ${2}%* per point (from #1%@)"}	EntitySettings/Objects/Magical_Objects!Cursed!Convert_Vitality_Into_AP.entity.ot.EntitySettingsResource.gen	EntitySettings/Objects/Magical_Objects!Cursed!Convert_Vitality_Into_AP.entity.ot.EntitySettingsResource.gen / Descripton Format@0x1601 / arg[1]@0x17b7	EntitySettings/Objects/Magical_Objects!Cursed!Convert_Vitality_Into_AP.entity.ot.EntitySettingsResource.gen / Descripton Format@0x1601 / arg[1]@0x17b7					
Cursed	main effect	Bloody Mary’s Mirror	Magical_Objects.LangEN.tsv	Convert_Vitality_Into_Damage_Description	296	maximum_health_increase_per_vitality	0.5	percent	add(1.0, -0.5)	Direct decoded setting or canonical static text; live behavior not implied	decoded	{"arg_ordinal": 2, "placeholder": "{2}", "argument_kind": 0, "formatter": 10, "evidence_key": "Magical Objects|Convert_Vitality_Into_Damage_Description|maximum_health_increase_per_vitality", "reason": "", "canonical_condition_text": "• Gain &+{0}~ #DMG@ per #VITALITY@ point{1}\\n• #VITALITY@ now increases maximum health by only ${2}%* per point (from #1%@)"}	EntitySettings/Objects/Magical_Objects!Cursed!Convert_Vitality_Into_AP.entity.ot.EntitySettingsResource.gen	EntitySettings/Objects/Magical_Objects!Cursed!Convert_Vitality_Into_AP.entity.ot.EntitySettingsResource.gen / Descripton Format@0x1601 / arg[2]@0x1872	EntitySettings/Objects/Magical_Objects!Cursed!Convert_Vitality_Into_AP.entity.ot.EntitySettingsResource.gen / Descripton Format@0x1601 / arg[2]@0x1872	r7d49bbeb	0.5	decoded	accepted without reading	
Cursed	main effect	Nightmare Thorn	Magical_Objects.LangEN.tsv	Curse_Increase_Power_Damage_And_Cooldown_Description	116	power_damage_bonus	100.0	percent	raw*100; raw=1.0	Direct decoded setting or canonical static text; live behavior not implied	decoded	{"arg_ordinal": 0, "placeholder": "{0}", "argument_kind": 0, "formatter": 1, "evidence_key": "Magical Objects|Curse_Increase_Power_Damage_And_Cooldown_Description|power_damage_bonus", "reason": "", "canonical_condition_text": "• #POWER@ deals &+{}%~ damage but has a $+{}%* increased cooldown"}	EntitySettings/Objects/Magical_Objects!Cursed!Curse_Increase_Power_Damage_And_Cooldown.entity.ot.EntitySettingsResource.gen	EntitySettings/Objects/Magical_Objects!Cursed!Curse_Increase_Power_Damage_And_Cooldown.entity.ot.EntitySettingsResource.gen / Descripton Format@0x953 / arg[0]@0xa72	EntitySettings/Objects/Magical_Objects!Cursed!Curse_Increase_Power_Damage_And_Cooldown.entity.ot.EntitySettingsResource.gen / Descripton Format@0x953 / arg[0]@0xa72	r005bd348	100	decoded	accepted without reading	
Cursed	main effect	Nightmare Thorn	Magical_Objects.LangEN.tsv	Curse_Increase_Power_Damage_And_Cooldown_Description	116	power_cooldown_increase	50.0	percent	abs(raw)*100; raw=-0.5	Direct decoded setting or canonical static text; live behavior not implied	decoded	{"arg_ordinal": 1, "placeholder": "{1}", "argument_kind": 0, "formatter": 5, "evidence_key": "Magical Objects|Curse_Increase_Power_Damage_And_Cooldown_Description|power_cooldown_increase", "reason": "", "canonical_condition_text": "• #POWER@ deals &+{}%~ damage but has a $+{}%* increased cooldown"}	EntitySettings/Objects/Magical_Objects!Cursed!Curse_Increase_Power_Damage_And_Cooldown.entity.ot.EntitySettingsResource.gen	EntitySettings/Objects/Magical_Objects!Cursed!Curse_Increase_Power_Damage_And_Cooldown.entity.ot.EntitySettingsResource.gen / Descripton Format@0x953 / arg[1]@0xb13	EntitySettings/Objects/Magical_Objects!Cursed!Curse_Increase_Power_Damage_And_Cooldown.entity.ot.EntitySettingsResource.gen / Descripton Format@0x953 / arg[1]@0xb13	r7e3d8b14	50	decoded	accepted without reading	
Cursed	main effect	Nightmare Ichor	Magical_Objects.LangEN.tsv	Curse_Increase_Special_Damage_And_Cooldown_Description	118	special_damage_bonus	100.0	percent	raw*100; raw=1.0	Direct decoded setting or canonical static text; live behavior not implied	decoded	{"arg_ordinal": 0, "placeholder": "{0}", "argument_kind": 0, "formatter": 1, "evidence_key": "Magical Objects|Curse_Increase_Special_Damage_And_Cooldown_Description|special_damage_bonus", "reason": "", "canonical_condition_text": "• #SPECIAL@ deals &+{}%~ damage but has a $+{}%* increased cooldown"}	EntitySettings/Objects/Magical_Objects!Cursed!Curse_Increase_Special_Damage_And_Cooldown.entity.ot.EntitySettingsResource.gen	EntitySettings/Objects/Magical_Objects!Cursed!Curse_Increase_Special_Damage_And_Cooldown.entity.ot.EntitySettingsResource.gen / Descripton Format@0x95b / arg[0]@0xa7c	EntitySettings/Objects/Magical_Objects!Cursed!Curse_Increase_Special_Damage_And_Cooldown.entity.ot.EntitySettingsResource.gen / Descripton Format@0x95b / arg[0]@0xa7c	rcbebc83e	100	decoded	accepted without reading	
Cursed	main effect	Nightmare Ichor	Magical_Objects.LangEN.tsv	Curse_Increase_Special_Damage_And_Cooldown_Description	118	special_cooldown_increase	50.0	percent	abs(raw)*100; raw=-0.5	Direct decoded setting or canonical static text; live behavior not implied	decoded	{"arg_ordinal": 1, "placeholder": "{1}", "argument_kind": 0, "formatter": 5, "evidence_key": "Magical Objects|Curse_Increase_Special_Damage_And_Cooldown_Description|special_cooldown_increase", "reason": "", "canonical_condition_text": "• #SPECIAL@ deals &+{}%~ damage but has a $+{}%* increased cooldown"}	EntitySettings/Objects/Magical_Objects!Cursed!Curse_Increase_Special_Damage_And_Cooldown.entity.ot.EntitySettingsResource.gen	EntitySettings/Objects/Magical_Objects!Cursed!Curse_Increase_Special_Damage_And_Cooldown.entity.ot.EntitySettingsResource.gen / Descripton Format@0x95b / arg[1]@0xb1f	EntitySettings/Objects/Magical_Objects!Cursed!Curse_Increase_Special_Damage_And_Cooldown.entity.ot.EntitySettingsResource.gen / Descripton Format@0x95b / arg[1]@0xb1f	r4f391805	50	decoded	accepted without reading	
Cursed	main effect	Black Lotus	Magical_Objects.LangEN.tsv	Curse_Life_On_Hit_Description	156	attack_lifesteal	5.0	percent	raw*100; raw=0.05000000074505806	Direct decoded setting or canonical static text; live behavior not implied	decoded	{"arg_ordinal": 0, "placeholder": "{0}", "argument_kind": 0, "formatter": 1, "evidence_key": "Magical Objects|Curse_Life_On_Hit_Description|attack_lifesteal", "reason": "", "canonical_condition_text": "• #ATTACK@ gains &+{}%~ #Lifesteal@ but $Healing Orbs* don't heal you anymore"}	EntitySettings/Objects/Magical_Objects!Cursed!Curse_Life_On_Hit.entity.ot.EntitySettingsResource.gen	EntitySettings/Objects/Magical_Objects!Cursed!Curse_Life_On_Hit.entity.ot.EntitySettingsResource.gen / Descripton Format@0x898 / arg[0]@0x9a0	EntitySettings/Objects/Magical_Objects!Cursed!Curse_Life_On_Hit.entity.ot.EntitySettingsResource.gen / Descripton Format@0x898 / arg[0]@0x9a0	rc8766985	5	decoded	accepted without reading	
Cursed	main effect	Mad Hat	Magical_Objects.LangEN.tsv	Curse_Lose_Life_Gain_Damage_Description	312	damage_bonus	70.0	DMG	raw*100; raw=0.699999988079071	Direct decoded setting or canonical static text; live behavior not implied	decoded	{"arg_ordinal": 0, "placeholder": "{0}", "argument_kind": 0, "formatter": 1, "evidence_key": "Magical Objects|Curse_Lose_Life_Gain_Damage_Description|damage_bonus", "reason": "", "canonical_condition_text": "• #DMG@ &+{0}~ \\n• Every #{1}@ seconds, $inflicts damage* equal to ${2}%* of maximum health"}	EntitySettings/Objects/Magical_Objects!Cursed!Curse_Lose_Life_Gain_Damage.entity.ot.EntitySettingsResource.gen	EntitySettings/Objects/Magical_Objects!Cursed!Curse_Lose_Life_Gain_Damage.entity.ot.EntitySettingsResource.gen / Descripton Format@0x2fd4 / arg[0]@0x30e6	EntitySettings/Objects/Magical_Objects!Cursed!Curse_Lose_Life_Gain_Damage.entity.ot.EntitySettingsResource.gen / Descripton Format@0x2fd4 / arg[0]@0x30e6	r70af4c7b	70	decoded	accepted without reading	
Cursed	main effect	Mad Hat	Magical_Objects.LangEN.tsv	Curse_Lose_Life_Gain_Damage_Description	312	self_damage_interval	60.0	seconds	60.0	Direct decoded setting or canonical static text; live behavior not implied	decoded	{"arg_ordinal": 1, "placeholder": "{1}", "argument_kind": 0, "formatter": 0, "evidence_key": "Magical Objects|Curse_Lose_Life_Gain_Damage_Description|self_damage_interval", "reason": "", "canonical_condition_text": "• #DMG@ &+{0}~ \\n• Every #{1}@ seconds, $inflicts damage* equal to ${2}%* of maximum health"}	EntitySettings/Objects/Magical_Objects!Cursed!Curse_Lose_Life_Gain_Damage.entity.ot.EntitySettingsResource.gen	EntitySettings/Objects/Magical_Objects!Cursed!Curse_Lose_Life_Gain_Damage.entity.ot.EntitySettingsResource.gen / Descripton Format@0x2fd4 / arg[1]@0x317a	EntitySettings/Objects/Magical_Objects!Cursed!Curse_Lose_Life_Gain_Damage.entity.ot.EntitySettingsResource.gen / Descripton Format@0x2fd4 / arg[1]@0x317a	r2d83c234	60	decoded	accepted without reading	
Cursed	main effect	Mad Hat	Magical_Objects.LangEN.tsv	Curse_Lose_Life_Gain_Damage_Description	312	self_damage_of_maximum_health	50.0	percent	raw*100; raw=0.5	Direct decoded setting or canonical static text; live behavior not implied	decoded	{"arg_ordinal": 2, "placeholder": "{2}", "argument_kind": 0, "formatter": 1, "evidence_key": "Magical Objects|Curse_Lose_Life_Gain_Damage_Description|self_damage_of_maximum_health", "reason": "", "canonical_condition_text": "• #DMG@ &+{0}~ \\n• Every #{1}@ seconds, $inflicts damage* equal to ${2}%* of maximum health"}	EntitySettings/Objects/Magical_Objects!Cursed!Curse_Lose_Life_Gain_Damage.entity.ot.EntitySettingsResource.gen	EntitySettings/Objects/Magical_Objects!Cursed!Curse_Lose_Life_Gain_Damage.entity.ot.EntitySettingsResource.gen / Descripton Format@0x2fd4 / arg[2]@0x3213	EntitySettings/Objects/Magical_Objects!Cursed!Curse_Lose_Life_Gain_Damage.entity.ot.EntitySettingsResource.gen / Descripton Format@0x2fd4 / arg[2]@0x3213	rd170e2a9	50	decoded	accepted without reading	
Cursed	main effect	Devil's Pocket	Magical_Objects.LangEN.tsv	Stack_Shards_Description	311	dream_shards_absorbed	50.0	percent	raw*100; raw=0.5	Direct decoded setting or canonical static text; live behavior not implied	decoded	{"arg_ordinal": 0, "placeholder": "{0}", "argument_kind": 0, "formatter": 1, "evidence_key": "Magical Objects|Stack_Shards_Description|dream_shards_absorbed", "reason": "", "canonical_condition_text": "• ${0}%* of collected dream fragments are absorbed by the Devil's Pocket until it is full (#{1}@ required)\\n• Once full, increases #crit chance@ by &{2}%~"}	EntitySettings/Objects/Magical_Objects!Cursed!Curse_Stack_Shard_Quest.entity.ot.EntitySettingsResource.gen	EntitySettings/Objects/Magical_Objects!Cursed!Curse_Stack_Shard_Quest.entity.ot.EntitySettingsResource.gen / Descripton Format@0x1746 / arg[0]@0x1849	EntitySettings/Objects/Magical_Objects!Cursed!Curse_Stack_Shard_Quest.entity.ot.EntitySettingsResource.gen / Descripton Format@0x1746 / arg[0]@0x1849	r25f06814	50	decoded	accepted without reading	
Cursed	main effect	Devil's Pocket	Magical_Objects.LangEN.tsv	Stack_Shards_Description	311	dream_shards_capacity	400.0	Dream Shards	400.0	Direct decoded setting or canonical static text; live behavior not implied	decoded	{"arg_ordinal": 1, "placeholder": "{1}", "argument_kind": 0, "formatter": 0, "evidence_key": "Magical Objects|Stack_Shards_Description|dream_shards_capacity", "reason": "", "canonical_condition_text": "• ${0}%* of collected dream fragments are absorbed by the Devil's Pocket until it is full (#{1}@ required)\\n• Once full, increases #crit chance@ by &{2}%~"}	EntitySettings/Objects/Magical_Objects!Cursed!Curse_Stack_Shard_Quest.entity.ot.EntitySettingsResource.gen	EntitySettings/Objects/Magical_Objects!Cursed!Curse_Stack_Shard_Quest.entity.ot.EntitySettingsResource.gen / Descripton Format@0x1746 / arg[1]@0x18d0	EntitySettings/Objects/Magical_Objects!Cursed!Curse_Stack_Shard_Quest.entity.ot.EntitySettingsResource.gen / Descripton Format@0x1746 / arg[1]@0x18d0	r7c935a01	400	decoded	accepted without reading	
Cursed	main effect	Devil's Pocket	Magical_Objects.LangEN.tsv	Stack_Shards_Description	311	critical_chance_when_full	50.0	percent	multiply(0.5, 100.0)	Direct decoded setting or canonical static text; live behavior not implied	decoded	{"arg_ordinal": 2, "placeholder": "{2}", "argument_kind": 0, "formatter": 10, "evidence_key": "Magical Objects|Stack_Shards_Description|critical_chance_when_full", "reason": "", "canonical_condition_text": "• ${0}%* of collected dream fragments are absorbed by the Devil's Pocket until it is full (#{1}@ required)\\n• Once full, increases #crit chance@ by &{2}%~"}	EntitySettings/Objects/Magical_Objects!Cursed!Curse_Stack_Shard_Quest.entity.ot.EntitySettingsResource.gen	EntitySettings/Objects/Magical_Objects!Cursed!Curse_Stack_Shard_Quest.entity.ot.EntitySettingsResource.gen / Descripton Format@0x1746 / arg[2]@0x1961	EntitySettings/Objects/Magical_Objects!Cursed!Curse_Stack_Shard_Quest.entity.ot.EntitySettingsResource.gen / Descripton Format@0x1746 / arg[2]@0x1961	rcd2dc5bc	50	decoded	accepted without reading	
Cursed	main effect	Oni Mask	Magical_Objects.LangEN.tsv	Curse_Damage_Minus_Leg_Vitality_Description	266	damage_per_cursed_object	15.0	DMG	raw*100; raw=0.15000000596046448	Direct decoded setting or canonical static text; live behavior not implied	decoded	{"arg_ordinal": 0, "placeholder": "{0}", "argument_kind": 0, "formatter": 1, "evidence_key": "Magical Objects|Curse_Damage_Minus_Leg_Vitality_Description|damage_per_cursed_object", "reason": "", "canonical_condition_text": "• #DMG@ &+{0}~ for each #Cursed Magical Object@{2}\\n• #ARMOR@ ${1}* for each #Legendary Magical Object@{3}"}	EntitySettings/Objects/Magical_Objects!Cursed!Damage_Per_Cursed_Over_Legendary.entity.ot.EntitySettingsResource.gen	EntitySettings/Objects/Magical_Objects!Cursed!Damage_Per_Cursed_Over_Legendary.entity.ot.EntitySettingsResource.gen / Descripton Format@0x13ff / arg[0]@0x1515	EntitySettings/Objects/Magical_Objects!Cursed!Damage_Per_Cursed_Over_Legendary.entity.ot.EntitySettingsResource.gen / Descripton Format@0x13ff / arg[0]@0x1515	rc7b3f7cd	15	decoded	accepted without reading	
Cursed	main effect	Oni Mask	Magical_Objects.LangEN.tsv	Curse_Damage_Minus_Leg_Vitality_Description	266	armor_per_legendary_object	-10.0	armor	-10.0	Direct decoded setting or canonical static text; live behavior not implied	decoded	{"arg_ordinal": 1, "placeholder": "{1}", "argument_kind": 0, "formatter": 0, "evidence_key": "Magical Objects|Curse_Damage_Minus_Leg_Vitality_Description|armor_per_legendary_object", "reason": "", "canonical_condition_text": "• #DMG@ &+{0}~ for each #Cursed Magical Object@{2}\\n• #ARMOR@ ${1}* for each #Legendary Magical Object@{3}"}	EntitySettings/Objects/Magical_Objects!Cursed!Damage_Per_Cursed_Over_Legendary.entity.ot.EntitySettingsResource.gen	EntitySettings/Objects/Magical_Objects!Cursed!Damage_Per_Cursed_Over_Legendary.entity.ot.EntitySettingsResource.gen / Descripton Format@0x13ff / arg[1]@0x15a8	EntitySettings/Objects/Magical_Objects!Cursed!Damage_Per_Cursed_Over_Legendary.entity.ot.EntitySettingsResource.gen / Descripton Format@0x13ff / arg[1]@0x15a8	rd1711c5e	-10	decoded	accepted without reading	
Cursed	main effect	Oni Mask	Magical_Objects.LangEN.tsv	Curse_Damage_Minus_Leg_Vitality_Description	266	current_damage_total_text	""	text	selector default: empty localized string	Tooltip preview: selector default branches, Amount=1; no claim about equipped inventory, live getters, level or DMG	decoded-baseline	{"arg_ordinal": 2, "placeholder": "{2}", "argument_kind": 5, "formatter": 0, "evidence_key": "Magical Objects|Curse_Damage_Minus_Leg_Vitality_Description|current_damage_total_text", "reason": "", "canonical_condition_text": "• #DMG@ &+{0}~ for each #Cursed Magical Object@{2}\\n• #ARMOR@ ${1}* for each #Legendary Magical Object@{3}"}	EntitySettings/Objects/Magical_Objects!Cursed!Damage_Per_Cursed_Over_Legendary.entity.ot.EntitySettingsResource.gen	EntitySettings/Objects/Magical_Objects!Cursed!Damage_Per_Cursed_Over_Legendary.entity.ot.EntitySettingsResource.gen / Descripton Format@0x13ff / arg[2]@0x163a	EntitySettings/Objects/Magical_Objects!Cursed!Damage_Per_Cursed_Over_Legendary.entity.ot.EntitySettingsResource.gen / Descripton Format@0x13ff / arg[2]@0x163a					
Cursed	main effect	Oni Mask	Magical_Objects.LangEN.tsv	Curse_Damage_Minus_Leg_Vitality_Description	266	current_armor_total_text	""	text	selector default: empty localized string	Tooltip preview: selector default branches, Amount=1; no claim about equipped inventory, live getters, level or DMG	decoded-baseline	{"arg_ordinal": 3, "placeholder": "{3}", "argument_kind": 5, "formatter": 0, "evidence_key": "Magical Objects|Curse_Damage_Minus_Leg_Vitality_Description|current_armor_total_text", "reason": "", "canonical_condition_text": "• #DMG@ &+{0}~ for each #Cursed Magical Object@{2}\\n• #ARMOR@ ${1}* for each #Legendary Magical Object@{3}"}	EntitySettings/Objects/Magical_Objects!Cursed!Damage_Per_Cursed_Over_Legendary.entity.ot.EntitySettingsResource.gen	EntitySettings/Objects/Magical_Objects!Cursed!Damage_Per_Cursed_Over_Legendary.entity.ot.EntitySettingsResource.gen / Descripton Format@0x13ff / arg[3]@0x16f5	EntitySettings/Objects/Magical_Objects!Cursed!Damage_Per_Cursed_Over_Legendary.entity.ot.EntitySettingsResource.gen / Descripton Format@0x13ff / arg[3]@0x16f5					
Cursed	main effect	Witch's Broom	Magical_Objects.LangEN.tsv	Dash_Intangible_Description	174	damage_taken_increase	15.0	percent	raw*100; raw=0.15000000596046448	Direct decoded setting or canonical static text; live behavior not implied	decoded	{"arg_ordinal": 0, "placeholder": "{0}", "argument_kind": 0, "formatter": 1, "evidence_key": "Magical Objects|Dash_Intangible_Description|damage_taken_increase", "reason": "", "canonical_condition_text": "• #DASH@ makes the Hero &INTANGIBLE~ but any damage taken is increased by $+{}%*"}	EntitySettings/Objects/Magical_Objects!Cursed!Dash_Intangible.entity.ot.EntitySettingsResource.gen	EntitySettings/Objects/Magical_Objects!Cursed!Dash_Intangible.entity.ot.EntitySettingsResource.gen / Descripton Format@0x891 / arg[0]@0x997	EntitySettings/Objects/Magical_Objects!Cursed!Dash_Intangible.entity.ot.EntitySettingsResource.gen / Descripton Format@0x891 / arg[0]@0x997	rf2f37439	15	decoded	accepted without reading	
Cursed	main effect	Baba Yaga's Mortar	Magical_Objects.LangEN.tsv	Destroy_Legendary_To_Damage_Description	316	damage_per_destroyed_legendary_object	50.0	DMG	raw*100; raw=0.5	Direct decoded setting or canonical static text; live behavior not implied	decoded	{"arg_ordinal": 0, "placeholder": "{0}", "argument_kind": 0, "formatter": 1, "evidence_key": "Magical Objects|Destroy_Legendary_To_Damage_Description|damage_per_destroyed_legendary_object", "reason": "", "canonical_condition_text": "• All current and future #Legendary Magical Objects@ are $destroyed* \\n• #DMG@ &+{0}~ for each object destroyed in this way{1}"}	EntitySettings/Objects/Magical_Objects!Cursed!Destroy_Legendary_To_Damage.entity.ot.EntitySettingsResource.gen	EntitySettings/Objects/Magical_Objects!Cursed!Destroy_Legendary_To_Damage.entity.ot.EntitySettingsResource.gen / Descripton Format@0x1276 / arg[0]@0x1388	EntitySettings/Objects/Magical_Objects!Cursed!Destroy_Legendary_To_Damage.entity.ot.EntitySettingsResource.gen / Descripton Format@0x1276 / arg[0]@0x1388	r790cc64d	50	decoded	accepted without reading	
Cursed	main effect	Baba Yaga's Mortar	Magical_Objects.LangEN.tsv	Destroy_Legendary_To_Damage_Description	316	current_damage_total_text	""	text	selector default: empty localized string	Tooltip preview: selector default branches, Amount=1; no claim about equipped inventory, live getters, level or DMG	decoded-baseline	{"arg_ordinal": 1, "placeholder": "{1}", "argument_kind": 5, "formatter": 1, "evidence_key": "Magical Objects|Destroy_Legendary_To_Damage_Description|current_damage_total_text", "reason": "", "canonical_condition_text": "• All current and future #Legendary Magical Objects@ are $destroyed* \\n• #DMG@ &+{0}~ for each object destroyed in this way{1}"}	EntitySettings/Objects/Magical_Objects!Cursed!Destroy_Legendary_To_Damage.entity.ot.EntitySettingsResource.gen	EntitySettings/Objects/Magical_Objects!Cursed!Destroy_Legendary_To_Damage.entity.ot.EntitySettingsResource.gen / Descripton Format@0x1276 / arg[1]@0x1416	EntitySettings/Objects/Magical_Objects!Cursed!Destroy_Legendary_To_Damage.entity.ot.EntitySettingsResource.gen / Descripton Format@0x1276 / arg[1]@0x1416					
Cursed	main effect	Hope Diamond	Magical_Objects.LangEN.tsv	Double_Shard_Description	152	dream_shard_gain_bonus	50.0	percent	raw*100; raw=0.5	Direct decoded setting or canonical static text; live behavior not implied	decoded	{"arg_ordinal": 0, "placeholder": "{0}", "argument_kind": 0, "formatter": 1, "evidence_key": "Magical Objects|Double_Shard_Description|dream_shard_gain_bonus", "reason": "", "canonical_condition_text": "• Increases all #Dream Shard@ gains by &+{0}%~ but $lose all* #Dream Shards@ at Death's Door"}	EntitySettings/Objects/Magical_Objects!Cursed!Double_Shard.entity.ot.EntitySettingsResource.gen	EntitySettings/Objects/Magical_Objects!Cursed!Double_Shard.entity.ot.EntitySettingsResource.gen / Descripton Format@0x893 / arg[0]@0x996	EntitySettings/Objects/Magical_Objects!Cursed!Double_Shard.entity.ot.EntitySettingsResource.gen / Descripton Format@0x893 / arg[0]@0x996	r29245c37	50	decoded	accepted without reading	
Cursed	main effect	Cauldron of Dyrnwch	Magical_Objects.LangEN.tsv	Increase_Vitality_Decrease_Heal_Description	279	vitality_bonus	60.0	Vitality	raw*100; raw=0.6000000238418579	Direct decoded setting or canonical static text; live behavior not implied	decoded	{"arg_ordinal": 0, "placeholder": "{0}", "argument_kind": 0, "formatter": 1, "evidence_key": "Magical Objects|Increase_Vitality_Decrease_Heal_Description|vitality_bonus", "reason": "", "canonical_condition_text": "• #VITALITY@ &+{0}~, all healings are reduced by ${1}%*"}	EntitySettings/Objects/Magical_Objects!Cursed!Increase_Vitality_Reduce_Crit_Chance.entity.ot.EntitySettingsResource.gen	EntitySettings/Objects/Magical_Objects!Cursed!Increase_Vitality_Reduce_Crit_Chance.entity.ot.EntitySettingsResource.gen / Descripton Format@0x91c / arg[0]@0xa32	EntitySettings/Objects/Magical_Objects!Cursed!Increase_Vitality_Reduce_Crit_Chance.entity.ot.EntitySettingsResource.gen / Descripton Format@0x91c / arg[0]@0xa32	r1b18f2bd	60	decoded	accepted without reading	
Cursed	main effect	Cauldron of Dyrnwch	Magical_Objects.LangEN.tsv	Increase_Vitality_Decrease_Heal_Description	279	healing_reduction	25.0	percent	abs(raw)*100; raw=0.25	Direct decoded setting or canonical static text; live behavior not implied	decoded	{"arg_ordinal": 1, "placeholder": "{1}", "argument_kind": 0, "formatter": 5, "evidence_key": "Magical Objects|Increase_Vitality_Decrease_Heal_Description|healing_reduction", "reason": "", "canonical_condition_text": "• #VITALITY@ &+{0}~, all healings are reduced by ${1}%*"}	EntitySettings/Objects/Magical_Objects!Cursed!Increase_Vitality_Reduce_Crit_Chance.entity.ot.EntitySettingsResource.gen	EntitySettings/Objects/Magical_Objects!Cursed!Increase_Vitality_Reduce_Crit_Chance.entity.ot.EntitySettingsResource.gen / Descripton Format@0x91c / arg[1]@0xacb	EntitySettings/Objects/Magical_Objects!Cursed!Increase_Vitality_Reduce_Crit_Chance.entity.ot.EntitySettingsResource.gen / Descripton Format@0x91c / arg[1]@0xacb	r7943a2e9	25	decoded	accepted without reading	
Cursed	main effect	Fast-walker Boots	Magical_Objects.LangEN.tsv	Move_Speed_Description	275	move_speed_bonus	20.0	percent	raw*100; raw=0.20000000298023224	Direct decoded setting or canonical static text; live behavior not implied	decoded	{"arg_ordinal": 0, "placeholder": "{0}", "argument_kind": 0, "formatter": 1, "evidence_key": "Magical Objects|Move_Speed_Description|move_speed_bonus", "reason": "", "canonical_condition_text": "• &+{0}%~ Move Speed, ${1}* #ARMOR@"}	EntitySettings/Objects/Magical_Objects!Cursed!Move_Speed_Reduced_Armor.entity.ot.EntitySettingsResource.gen	EntitySettings/Objects/Magical_Objects!Cursed!Move_Speed_Reduced_Armor.entity.ot.EntitySettingsResource.gen / Descripton Format@0x8cf / arg[0]@0x9d0	EntitySettings/Objects/Magical_Objects!Cursed!Move_Speed_Reduced_Armor.entity.ot.EntitySettingsResource.gen / Descripton Format@0x8cf / arg[0]@0x9d0	rbdb4dffe	20	decoded	accepted without reading	
Cursed	main effect	Fast-walker Boots	Magical_Objects.LangEN.tsv	Move_Speed_Description	275	armor_penalty	-10.0	armor	-10.0	Direct decoded setting or canonical static text; live behavior not implied	decoded	{"arg_ordinal": 1, "placeholder": "{1}", "argument_kind": 0, "formatter": 0, "evidence_key": "Magical Objects|Move_Speed_Description|armor_penalty", "reason": "", "canonical_condition_text": "• &+{0}%~ Move Speed, ${1}* #ARMOR@"}	EntitySettings/Objects/Magical_Objects!Cursed!Move_Speed_Reduced_Armor.entity.ot.EntitySettingsResource.gen	EntitySettings/Objects/Magical_Objects!Cursed!Move_Speed_Reduced_Armor.entity.ot.EntitySettingsResource.gen / Descripton Format@0x8cf / arg[1]@0xa5a	EntitySettings/Objects/Magical_Objects!Cursed!Move_Speed_Reduced_Armor.entity.ot.EntitySettingsResource.gen / Descripton Format@0x8cf / arg[1]@0xa5a	r4617e29d	-10	decoded	accepted without reading	
Cursed	main effect	Hungry Grass	Magical_Objects.LangEN.tsv	Temp_Dmg_Per_Health_Globe_Description	278	damage_per_healing_orb	1.0	DMG	raw*100; raw=0.009999999776482582	Direct decoded setting or canonical static text; live behavior not implied	decoded	{"arg_ordinal": 0, "placeholder": "{0}", "argument_kind": 0, "formatter": 1, "evidence_key": "Magical Objects|Temp_Dmg_Per_Health_Globe_Description|damage_per_healing_orb", "reason": "", "canonical_condition_text": "• #Healing Orbs@ grant #DMG@ &+{0}~{1}\\n• $Stacks are lost* at Death's Door"}	EntitySettings/Objects/Magical_Objects!Cursed!Temp_Dmg_Per_Health_Globe.entity.ot.EntitySettingsResource.gen	EntitySettings/Objects/Magical_Objects!Cursed!Temp_Dmg_Per_Health_Globe.entity.ot.EntitySettingsResource.gen / Descripton Format@0x9f9 / arg[0]@0xb09	EntitySettings/Objects/Magical_Objects!Cursed!Temp_Dmg_Per_Health_Globe.entity.ot.EntitySettingsResource.gen / Descripton Format@0x9f9 / arg[0]@0xb09	rc8b6278a	1	decoded	accepted without reading	
Cursed	main effect	Hungry Grass	Magical_Objects.LangEN.tsv	Temp_Dmg_Per_Health_Globe_Description	278	current_damage_total_text	""	text	selector default: empty localized string	Tooltip preview: selector default branches, Amount=1; no claim about equipped inventory, live getters, level or DMG	decoded-baseline	{"arg_ordinal": 1, "placeholder": "{1}", "argument_kind": 5, "formatter": 0, "evidence_key": "Magical Objects|Temp_Dmg_Per_Health_Globe_Description|current_damage_total_text", "reason": "", "canonical_condition_text": "• #Healing Orbs@ grant #DMG@ &+{0}~{1}\\n• $Stacks are lost* at Death's Door"}	EntitySettings/Objects/Magical_Objects!Cursed!Temp_Dmg_Per_Health_Globe.entity.ot.EntitySettingsResource.gen	EntitySettings/Objects/Magical_Objects!Cursed!Temp_Dmg_Per_Health_Globe.entity.ot.EntitySettingsResource.gen / Descripton Format@0x9f9 / arg[1]@0xb9f	EntitySettings/Objects/Magical_Objects!Cursed!Temp_Dmg_Per_Health_Globe.entity.ot.EntitySettingsResource.gen / Descripton Format@0x9f9 / arg[1]@0xb9f					
Common	main effect	Green Armor	Magical_Objects.LangEN.tsv	Armor_Per_Object_Description	243	repeated_copy_stacking_rule		rule		Direct decoded setting or canonical static text; live behavior not implied	unresolved	Direct amount selector default is a one-copy tooltip preview. Add/multiply semantics, caps and rounding of equipped copies require DtMagicalObject/modifier implementation; not inferred from the preview.	EntitySettings/Objects/Magical_Objects!Common!Armor_Per_Object.entity.ot.EntitySettingsResource.gen	canonical text table	data/Magical_Objects.LangEN.tsv / key=Armor_Per_Object_Description / index=243					
Common	collection bonus	Green Armor	Magical_Objects.LangEN.tsv	Armor_Per_Rare_Object_SuperEffect	217	collection_bonus_repeat_rule		rule		Direct decoded setting or canonical static text; live behavior not implied	unresolved	Completion threshold and bonus display do not prove whether the collection bonus repeats or is capped; runtime state semantics not decoded.	EntitySettings/Objects/Magical_Objects!Common!Armor_Per_Object.entity.ot.EntitySettingsResource.gen	canonical text table	data/Magical_Objects.LangEN.tsv / key=Armor_Per_Rare_Object_SuperEffect / index=217					
Common	collection bonus	Green Armor	Magical_Objects.LangEN.tsv	Armor_Per_Rare_Object_SuperEffect	217	base_collection_copy_threshold	5	copies	Common branch literal 5	No collection-count reduction	decoded	Base selector branch; collection reduction not applied.	EntitySettings/Objects/Magical_Objects!Common!Armor_Per_Object.entity.ot.EntitySettingsResource.gen	EntitySettings\Objects\Magical_Objects_Model.entity.ot.EntitySettingsResource.gen@0x593f	EntitySettings\Objects\Magical_Objects_Model.entity.ot.EntitySettingsResource.gen@0x593f					
Common	collection bonus	Green Armor	Magical_Objects.LangEN.tsv	Armor_Per_Rare_Object_SuperEffect	217	effective_collection_threshold_formula	base_threshold - live_collection_reduction	copies	subtract(selector default: 0, unresolved)	Live collection-reduction modifier listener	symbolic	The exact subtraction operand graph is preserved. Live reduction listener amount is not replaced by its zero fallback.	EntitySettings/Objects/Magical_Objects!Common!Armor_Per_Object.entity.ot.EntitySettingsResource.gen	EntitySettings\Objects\Magical_Objects_Model.entity.ot.EntitySettingsResource.gen@0x334a	EntitySettings\Objects\Magical_Objects_Model.entity.ot.EntitySettingsResource.gen@0x334a					
Common	main effect	Ogre Blood	Magical_Objects.LangEN.tsv	Damage_Per_Vitality_Description	162	repeated_copy_stacking_rule		rule		Direct decoded setting or canonical static text; live behavior not implied	unresolved	Direct amount selector default is a one-copy tooltip preview. Add/multiply semantics, caps and rounding of equipped copies require DtMagicalObject/modifier implementation; not inferred from the preview.	EntitySettings/Objects/Magical_Objects!Common!Damage_Per_Vitality.entity.ot.EntitySettingsResource.gen	canonical text table	data/Magical_Objects.LangEN.tsv / key=Damage_Per_Vitality_Description / index=162					
Common	collection bonus	Ogre Blood	Magical_Objects.LangEN.tsv	Crit_Chance_SuperEffect	213	collection_bonus_repeat_rule		rule		Direct decoded setting or canonical static text; live behavior not implied	unresolved	Completion threshold and bonus display do not prove whether the collection bonus repeats or is capped; runtime state semantics not decoded.	EntitySettings/Objects/Magical_Objects!Common!Damage_Per_Vitality.entity.ot.EntitySettingsResource.gen	canonical text table	data/Magical_Objects.LangEN.tsv / key=Crit_Chance_SuperEffect / index=213					
Common	collection bonus	Ogre Blood	Magical_Objects.LangEN.tsv	Crit_Chance_SuperEffect	213	base_collection_copy_threshold	5	copies	Common branch literal 5	No collection-count reduction	decoded	Base selector branch; collection reduction not applied.	EntitySettings/Objects/Magical_Objects!Common!Damage_Per_Vitality.entity.ot.EntitySettingsResource.gen	EntitySettings\Objects\Magical_Objects_Model.entity.ot.EntitySettingsResource.gen@0x593f	EntitySettings\Objects\Magical_Objects_Model.entity.ot.EntitySettingsResource.gen@0x593f					
Common	collection bonus	Ogre Blood	Magical_Objects.LangEN.tsv	Crit_Chance_SuperEffect	213	effective_collection_threshold_formula	base_threshold - live_collection_reduction	copies	subtract(selector default: 0, unresolved)	Live collection-reduction modifier listener	symbolic	The exact subtraction operand graph is preserved. Live reduction listener amount is not replaced by its zero fallback.	EntitySettings/Objects/Magical_Objects!Common!Damage_Per_Vitality.entity.ot.EntitySettingsResource.gen	EntitySettings\Objects\Magical_Objects_Model.entity.ot.EntitySettingsResource.gen@0x334a	EntitySettings\Objects\Magical_Objects_Model.entity.ot.EntitySettingsResource.gen@0x334a					
Common	main effect	Eternal Rose	Magical_Objects.LangEN.tsv	Dash_Crit_Chance_Description	277	repeated_copy_stacking_rule		rule		Direct decoded setting or canonical static text; live behavior not implied	unresolved	Direct amount selector default is a one-copy tooltip preview. Add/multiply semantics, caps and rounding of equipped copies require DtMagicalObject/modifier implementation; not inferred from the preview.	EntitySettings/Objects/Magical_Objects!Common!Dash_Crit_Chance.entity.ot.EntitySettingsResource.gen	canonical text table	data/Magical_Objects.LangEN.tsv / key=Dash_Crit_Chance_Description / index=277					
Common	collection bonus	Eternal Rose	Magical_Objects.LangEN.tsv	Crit_Damage_SuperEffect	239	collection_bonus_repeat_rule		rule		Direct decoded setting or canonical static text; live behavior not implied	unresolved	Completion threshold and bonus display do not prove whether the collection bonus repeats or is capped; runtime state semantics not decoded.	EntitySettings/Objects/Magical_Objects!Common!Dash_Crit_Chance.entity.ot.EntitySettingsResource.gen	canonical text table	data/Magical_Objects.LangEN.tsv / key=Crit_Damage_SuperEffect / index=239					
Common	collection bonus	Eternal Rose	Magical_Objects.LangEN.tsv	Crit_Damage_SuperEffect	239	base_collection_copy_threshold	5	copies	Common branch literal 5	No collection-count reduction	decoded	Base selector branch; collection reduction not applied.	EntitySettings/Objects/Magical_Objects!Common!Dash_Crit_Chance.entity.ot.EntitySettingsResource.gen	EntitySettings\Objects\Magical_Objects_Model.entity.ot.EntitySettingsResource.gen@0x593f	EntitySettings\Objects\Magical_Objects_Model.entity.ot.EntitySettingsResource.gen@0x593f					
Common	collection bonus	Eternal Rose	Magical_Objects.LangEN.tsv	Crit_Damage_SuperEffect	239	effective_collection_threshold_formula	base_threshold - live_collection_reduction	copies	subtract(selector default: 0, unresolved)	Live collection-reduction modifier listener	symbolic	The exact subtraction operand graph is preserved. Live reduction listener amount is not replaced by its zero fallback.	EntitySettings/Objects/Magical_Objects!Common!Dash_Crit_Chance.entity.ot.EntitySettingsResource.gen	EntitySettings\Objects\Magical_Objects_Model.entity.ot.EntitySettingsResource.gen@0x334a	EntitySettings\Objects\Magical_Objects_Model.entity.ot.EntitySettingsResource.gen@0x334a					
Common	main effect	Moonstone	Magical_Objects.LangEN.tsv	Defense_To_Damage_Description	319	repeated_copy_stacking_rule		rule		Direct decoded setting or canonical static text; live behavior not implied	unresolved	Direct amount selector default is a one-copy tooltip preview. Add/multiply semantics, caps and rounding of equipped copies require DtMagicalObject/modifier implementation; not inferred from the preview.	EntitySettings/Objects/Magical_Objects!Common!Defense_To_Damage.entity.ot.EntitySettingsResource.gen	canonical text table	data/Magical_Objects.LangEN.tsv / key=Defense_To_Damage_Description / index=319					
Common	collection bonus	Moonstone	Magical_Objects.LangEN.tsv	Defense_To_Damage_SuperEffect	320	collection_bonus_repeat_rule		rule		Direct decoded setting or canonical static text; live behavior not implied	unresolved	Completion threshold and bonus display do not prove whether the collection bonus repeats or is capped; runtime state semantics not decoded.	EntitySettings/Objects/Magical_Objects!Common!Defense_To_Damage.entity.ot.EntitySettingsResource.gen	canonical text table	data/Magical_Objects.LangEN.tsv / key=Defense_To_Damage_SuperEffect / index=320					
Common	collection bonus	Moonstone	Magical_Objects.LangEN.tsv	Defense_To_Damage_SuperEffect	320	base_collection_copy_threshold	5	copies	Common branch literal 5	No collection-count reduction	decoded	Base selector branch; collection reduction not applied.	EntitySettings/Objects/Magical_Objects!Common!Defense_To_Damage.entity.ot.EntitySettingsResource.gen	EntitySettings\Objects\Magical_Objects_Model.entity.ot.EntitySettingsResource.gen@0x593f	EntitySettings\Objects\Magical_Objects_Model.entity.ot.EntitySettingsResource.gen@0x593f					
Common	collection bonus	Moonstone	Magical_Objects.LangEN.tsv	Defense_To_Damage_SuperEffect	320	effective_collection_threshold_formula	base_threshold - live_collection_reduction	copies	subtract(selector default: 0, unresolved)	Live collection-reduction modifier listener	symbolic	The exact subtraction operand graph is preserved. Live reduction listener amount is not replaced by its zero fallback.	EntitySettings/Objects/Magical_Objects!Common!Defense_To_Damage.entity.ot.EntitySettingsResource.gen	EntitySettings\Objects\Magical_Objects_Model.entity.ot.EntitySettingsResource.gen@0x334a	EntitySettings\Objects\Magical_Objects_Model.entity.ot.EntitySettingsResource.gen@0x334a					
Common	main effect	Goldilocks' Porridge	Magical_Objects.LangEN.tsv	Gain_Shield_From_Orbs_Description	299	repeated_copy_stacking_rule		rule		Direct decoded setting or canonical static text; live behavior not implied	unresolved	Direct amount selector default is a one-copy tooltip preview. Add/multiply semantics, caps and rounding of equipped copies require DtMagicalObject/modifier implementation; not inferred from the preview.	EntitySettings/Objects/Magical_Objects!Common!Gain_Shield_From_Orbs.entity.ot.EntitySettingsResource.gen	canonical text table	data/Magical_Objects.LangEN.tsv / key=Gain_Shield_From_Orbs_Description / index=299					
Common	collection bonus	Goldilocks' Porridge	Magical_Objects.LangEN.tsv	Damage_From_Shield_SuperEffect	300	collection_bonus_repeat_rule		rule		Direct decoded setting or canonical static text; live behavior not implied	unresolved	Completion threshold and bonus display do not prove whether the collection bonus repeats or is capped; runtime state semantics not decoded.	EntitySettings/Objects/Magical_Objects!Common!Gain_Shield_From_Orbs.entity.ot.EntitySettingsResource.gen	canonical text table	data/Magical_Objects.LangEN.tsv / key=Damage_From_Shield_SuperEffect / index=300					
Common	collection bonus	Goldilocks' Porridge	Magical_Objects.LangEN.tsv	Damage_From_Shield_SuperEffect	300	base_collection_copy_threshold	5	copies	Common branch literal 5	No collection-count reduction	decoded	Base selector branch; collection reduction not applied.	EntitySettings/Objects/Magical_Objects!Common!Gain_Shield_From_Orbs.entity.ot.EntitySettingsResource.gen	EntitySettings\Objects\Magical_Objects_Model.entity.ot.EntitySettingsResource.gen@0x593f	EntitySettings\Objects\Magical_Objects_Model.entity.ot.EntitySettingsResource.gen@0x593f					
Common	collection bonus	Goldilocks' Porridge	Magical_Objects.LangEN.tsv	Damage_From_Shield_SuperEffect	300	effective_collection_threshold_formula	base_threshold - live_collection_reduction	copies	subtract(selector default: 0, unresolved)	Live collection-reduction modifier listener	symbolic	The exact subtraction operand graph is preserved. Live reduction listener amount is not replaced by its zero fallback.	EntitySettings/Objects/Magical_Objects!Common!Gain_Shield_From_Orbs.entity.ot.EntitySettingsResource.gen	EntitySettings\Objects\Magical_Objects_Model.entity.ot.EntitySettingsResource.gen@0x334a	EntitySettings\Objects\Magical_Objects_Model.entity.ot.EntitySettingsResource.gen@0x334a					
Common	main effect	Mermaid Tears	Magical_Objects.LangEN.tsv	Healing_Effect_Description	5	repeated_copy_stacking_rule		rule		Direct decoded setting or canonical static text; live behavior not implied	unresolved	Direct amount selector default is a one-copy tooltip preview. Add/multiply semantics, caps and rounding of equipped copies require DtMagicalObject/modifier implementation; not inferred from the preview.	EntitySettings/Objects/Magical_Objects!Common!Healing_Effect.entity.ot.EntitySettingsResource.gen	canonical text table	data/Magical_Objects.LangEN.tsv / key=Healing_Effect_Description / index=5					
Common	collection bonus	Mermaid Tears	Magical_Objects.LangEN.tsv	Vitality_SuperEffect	214	collection_bonus_repeat_rule		rule		Direct decoded setting or canonical static text; live behavior not implied	unresolved	Completion threshold and bonus display do not prove whether the collection bonus repeats or is capped; runtime state semantics not decoded.	EntitySettings/Objects/Magical_Objects!Common!Healing_Effect.entity.ot.EntitySettingsResource.gen	canonical text table	data/Magical_Objects.LangEN.tsv / key=Vitality_SuperEffect / index=214					
Common	collection bonus	Mermaid Tears	Magical_Objects.LangEN.tsv	Vitality_SuperEffect	214	base_collection_copy_threshold	5	copies	Common branch literal 5	No collection-count reduction	decoded	Base selector branch; collection reduction not applied.	EntitySettings/Objects/Magical_Objects!Common!Healing_Effect.entity.ot.EntitySettingsResource.gen	EntitySettings\Objects\Magical_Objects_Model.entity.ot.EntitySettingsResource.gen@0x593f	EntitySettings\Objects\Magical_Objects_Model.entity.ot.EntitySettingsResource.gen@0x593f					
Common	collection bonus	Mermaid Tears	Magical_Objects.LangEN.tsv	Vitality_SuperEffect	214	effective_collection_threshold_formula	base_threshold - live_collection_reduction	copies	subtract(selector default: 0, unresolved)	Live collection-reduction modifier listener	symbolic	The exact subtraction operand graph is preserved. Live reduction listener amount is not replaced by its zero fallback.	EntitySettings/Objects/Magical_Objects!Common!Healing_Effect.entity.ot.EntitySettingsResource.gen	EntitySettings\Objects\Magical_Objects_Model.entity.ot.EntitySettingsResource.gen@0x334a	EntitySettings\Objects\Magical_Objects_Model.entity.ot.EntitySettingsResource.gen@0x334a					
Common	main effect	Voodoo Doll	Magical_Objects.LangEN.tsv	Damage_To_Boss_Description	90	repeated_copy_stacking_rule		rule		Direct decoded setting or canonical static text; live behavior not implied	unresolved	Direct amount selector default is a one-copy tooltip preview. Add/multiply semantics, caps and rounding of equipped copies require DtMagicalObject/modifier implementation; not inferred from the preview.	EntitySettings/Objects/Magical_Objects!Common!Increase_Damage_To_Boss_And_Ignore_Resistance.entity.ot.EntitySettingsResource.gen	canonical text table	data/Magical_Objects.LangEN.tsv / key=Damage_To_Boss_Description / index=90					
Common	collection bonus	Voodoo Doll	Magical_Objects.LangEN.tsv	Damage_Ignore_Resistance_SuperEffect	301	collection_bonus_repeat_rule		rule		Direct decoded setting or canonical static text; live behavior not implied	unresolved	Completion threshold and bonus display do not prove whether the collection bonus repeats or is capped; runtime state semantics not decoded.	EntitySettings/Objects/Magical_Objects!Common!Increase_Damage_To_Boss_And_Ignore_Resistance.entity.ot.EntitySettingsResource.gen	canonical text table	data/Magical_Objects.LangEN.tsv / key=Damage_Ignore_Resistance_SuperEffect / index=301					
Common	collection bonus	Voodoo Doll	Magical_Objects.LangEN.tsv	Damage_Ignore_Resistance_SuperEffect	301	base_collection_copy_threshold	5	copies	Common branch literal 5	No collection-count reduction	decoded	Base selector branch; collection reduction not applied.	EntitySettings/Objects/Magical_Objects!Common!Increase_Damage_To_Boss_And_Ignore_Resistance.entity.ot.EntitySettingsResource.gen	EntitySettings\Objects\Magical_Objects_Model.entity.ot.EntitySettingsResource.gen@0x593f	EntitySettings\Objects\Magical_Objects_Model.entity.ot.EntitySettingsResource.gen@0x593f					
Common	collection bonus	Voodoo Doll	Magical_Objects.LangEN.tsv	Damage_Ignore_Resistance_SuperEffect	301	effective_collection_threshold_formula	base_threshold - live_collection_reduction	copies	subtract(selector default: 0, unresolved)	Live collection-reduction modifier listener	symbolic	The exact subtraction operand graph is preserved. Live reduction listener amount is not replaced by its zero fallback.	EntitySettings/Objects/Magical_Objects!Common!Increase_Damage_To_Boss_And_Ignore_Resistance.entity.ot.EntitySettingsResource.gen	EntitySettings\Objects\Magical_Objects_Model.entity.ot.EntitySettingsResource.gen@0x334a	EntitySettings\Objects\Magical_Objects_Model.entity.ot.EntitySettingsResource.gen@0x334a					
Common	main effect	Dreamcatcher	Magical_Objects.LangEN.tsv	Reduce_All_DS_Price_Description	302	repeated_copy_stacking_rule		rule		Direct decoded setting or canonical static text; live behavior not implied	unresolved	Direct amount selector default is a one-copy tooltip preview. Add/multiply semantics, caps and rounding of equipped copies require DtMagicalObject/modifier implementation; not inferred from the preview.	EntitySettings/Objects/Magical_Objects!Common!Reduce_All_DS_Price.entity.ot.EntitySettingsResource.gen	canonical text table	data/Magical_Objects.LangEN.tsv / key=Reduce_All_DS_Price_Description / index=302					
Common	collection bonus	Dreamcatcher	Magical_Objects.LangEN.tsv	Next_Sandman_Free_SuperEffect	216	collection_bonus_repeat_rule		rule		Direct decoded setting or canonical static text; live behavior not implied	unresolved	Completion threshold and bonus display do not prove whether the collection bonus repeats or is capped; runtime state semantics not decoded.	EntitySettings/Objects/Magical_Objects!Common!Reduce_All_DS_Price.entity.ot.EntitySettingsResource.gen	canonical text table	data/Magical_Objects.LangEN.tsv / key=Next_Sandman_Free_SuperEffect / index=216					
Common	collection bonus	Dreamcatcher	Magical_Objects.LangEN.tsv	Next_Sandman_Free_SuperEffect	216	base_collection_copy_threshold	5	copies	Common branch literal 5	No collection-count reduction	decoded	Base selector branch; collection reduction not applied.	EntitySettings/Objects/Magical_Objects!Common!Reduce_All_DS_Price.entity.ot.EntitySettingsResource.gen	EntitySettings\Objects\Magical_Objects_Model.entity.ot.EntitySettingsResource.gen@0x593f	EntitySettings\Objects\Magical_Objects_Model.entity.ot.EntitySettingsResource.gen@0x593f					
Common	collection bonus	Dreamcatcher	Magical_Objects.LangEN.tsv	Next_Sandman_Free_SuperEffect	216	effective_collection_threshold_formula	base_threshold - live_collection_reduction	copies	subtract(selector default: 0, unresolved)	Live collection-reduction modifier listener	symbolic	The exact subtraction operand graph is preserved. Live reduction listener amount is not replaced by its zero fallback.	EntitySettings/Objects/Magical_Objects!Common!Reduce_All_DS_Price.entity.ot.EntitySettingsResource.gen	EntitySettings\Objects\Magical_Objects_Model.entity.ot.EntitySettingsResource.gen@0x334a	EntitySettings\Objects\Magical_Objects_Model.entity.ot.EntitySettingsResource.gen@0x334a					
Common	main effect	Leprechaun Coin	Magical_Objects.LangEN.tsv	Reroll_To_Dreamshard_Description	245	repeated_copy_stacking_rule		rule		Direct decoded setting or canonical static text; live behavior not implied	unresolved	Direct amount selector default is a one-copy tooltip preview. Add/multiply semantics, caps and rounding of equipped copies require DtMagicalObject/modifier implementation; not inferred from the preview.	EntitySettings/Objects/Magical_Objects!Common!Reroll_To_Dream_Shards.entity.ot.EntitySettingsResource.gen	canonical text table	data/Magical_Objects.LangEN.tsv / key=Reroll_To_Dreamshard_Description / index=245					
Common	collection bonus	Leprechaun Coin	Magical_Objects.LangEN.tsv	One_Free_Reroll_SuperEffect	218	collection_bonus_repeat_rule		rule		Direct decoded setting or canonical static text; live behavior not implied	unresolved	Completion threshold and bonus display do not prove whether the collection bonus repeats or is capped; runtime state semantics not decoded.	EntitySettings/Objects/Magical_Objects!Common!Reroll_To_Dream_Shards.entity.ot.EntitySettingsResource.gen	canonical text table	data/Magical_Objects.LangEN.tsv / key=One_Free_Reroll_SuperEffect / index=218					
Common	collection bonus	Leprechaun Coin	Magical_Objects.LangEN.tsv	One_Free_Reroll_SuperEffect	218	base_collection_copy_threshold	5	copies	Common branch literal 5	No collection-count reduction	decoded	Base selector branch; collection reduction not applied.	EntitySettings/Objects/Magical_Objects!Common!Reroll_To_Dream_Shards.entity.ot.EntitySettingsResource.gen	EntitySettings\Objects\Magical_Objects_Model.entity.ot.EntitySettingsResource.gen@0x593f	EntitySettings\Objects\Magical_Objects_Model.entity.ot.EntitySettingsResource.gen@0x593f					
Common	collection bonus	Leprechaun Coin	Magical_Objects.LangEN.tsv	One_Free_Reroll_SuperEffect	218	effective_collection_threshold_formula	base_threshold - live_collection_reduction	copies	subtract(selector default: 0, unresolved)	Live collection-reduction modifier listener	symbolic	The exact subtraction operand graph is preserved. Live reduction listener amount is not replaced by its zero fallback.	EntitySettings/Objects/Magical_Objects!Common!Reroll_To_Dream_Shards.entity.ot.EntitySettingsResource.gen	EntitySettings\Objects\Magical_Objects_Model.entity.ot.EntitySettingsResource.gen@0x334a	EntitySettings\Objects\Magical_Objects_Model.entity.ot.EntitySettingsResource.gen@0x334a					
Common	main effect	Horn of Plenty	Magical_Objects.LangEN.tsv	Spawn_Consumables_Description	280	repeated_copy_stacking_rule		rule		Direct decoded setting or canonical static text; live behavior not implied	unresolved	Direct amount selector default is a one-copy tooltip preview. Add/multiply semantics, caps and rounding of equipped copies require DtMagicalObject/modifier implementation; not inferred from the preview.	EntitySettings/Objects/Magical_Objects!Common!Spawn_Consumables.entity.ot.EntitySettingsResource.gen	canonical text table	data/Magical_Objects.LangEN.tsv / key=Spawn_Consumables_Description / index=280					
Common	collection bonus	Horn of Plenty	Magical_Objects.LangEN.tsv	Dmg_Vitality_Armor_SuperEffect	281	collection_bonus_repeat_rule		rule		Direct decoded setting or canonical static text; live behavior not implied	unresolved	Completion threshold and bonus display do not prove whether the collection bonus repeats or is capped; runtime state semantics not decoded.	EntitySettings/Objects/Magical_Objects!Common!Spawn_Consumables.entity.ot.EntitySettingsResource.gen	canonical text table	data/Magical_Objects.LangEN.tsv / key=Dmg_Vitality_Armor_SuperEffect / index=281					
Common	collection bonus	Horn of Plenty	Magical_Objects.LangEN.tsv	Dmg_Vitality_Armor_SuperEffect	281	base_collection_copy_threshold	5	copies	Common branch literal 5	No collection-count reduction	decoded	Base selector branch; collection reduction not applied.	EntitySettings/Objects/Magical_Objects!Common!Spawn_Consumables.entity.ot.EntitySettingsResource.gen	EntitySettings\Objects\Magical_Objects_Model.entity.ot.EntitySettingsResource.gen@0x593f	EntitySettings\Objects\Magical_Objects_Model.entity.ot.EntitySettingsResource.gen@0x593f					
Common	collection bonus	Horn of Plenty	Magical_Objects.LangEN.tsv	Dmg_Vitality_Armor_SuperEffect	281	effective_collection_threshold_formula	base_threshold - live_collection_reduction	copies	subtract(selector default: 0, unresolved)	Live collection-reduction modifier listener	symbolic	The exact subtraction operand graph is preserved. Live reduction listener amount is not replaced by its zero fallback.	EntitySettings/Objects/Magical_Objects!Common!Spawn_Consumables.entity.ot.EntitySettingsResource.gen	EntitySettings\Objects\Magical_Objects_Model.entity.ot.EntitySettingsResource.gen@0x334a	EntitySettings\Objects\Magical_Objects_Model.entity.ot.EntitySettingsResource.gen@0x334a					
Rare	main effect	Golden Egg	Magical_Objects.LangEN.tsv	Dream_Shards_To_Damage_Description	246	repeated_copy_stacking_rule		rule		Direct decoded setting or canonical static text; live behavior not implied	unresolved	Direct amount selector default is a one-copy tooltip preview. Add/multiply semantics, caps and rounding of equipped copies require DtMagicalObject/modifier implementation; not inferred from the preview.	EntitySettings/Objects/Magical_Objects!Rare!AP_For_Dream_Shards_Stack.entity.ot.EntitySettingsResource.gen	canonical text table	data/Magical_Objects.LangEN.tsv / key=Dream_Shards_To_Damage_Description / index=246					
Rare	collection bonus	Golden Egg	Magical_Objects.LangEN.tsv	Dream_Shard_Effect_SuperEffect	222	collection_bonus_repeat_rule		rule		Direct decoded setting or canonical static text; live behavior not implied	unresolved	Completion threshold and bonus display do not prove whether the collection bonus repeats or is capped; runtime state semantics not decoded.	EntitySettings/Objects/Magical_Objects!Rare!AP_For_Dream_Shards_Stack.entity.ot.EntitySettingsResource.gen	canonical text table	data/Magical_Objects.LangEN.tsv / key=Dream_Shard_Effect_SuperEffect / index=222					
Rare	collection bonus	Golden Egg	Magical_Objects.LangEN.tsv	Dream_Shard_Effect_SuperEffect	222	base_collection_copy_threshold	4	copies	Rare branch literal 4	No collection-count reduction	decoded	Base selector branch; collection reduction not applied.	EntitySettings/Objects/Magical_Objects!Rare!AP_For_Dream_Shards_Stack.entity.ot.EntitySettingsResource.gen	EntitySettings\Objects\Magical_Objects_Model.entity.ot.EntitySettingsResource.gen@0x593f	EntitySettings\Objects\Magical_Objects_Model.entity.ot.EntitySettingsResource.gen@0x593f					
Rare	collection bonus	Golden Egg	Magical_Objects.LangEN.tsv	Dream_Shard_Effect_SuperEffect	222	effective_collection_threshold_formula	base_threshold - live_collection_reduction	copies	subtract(selector default: 0, unresolved)	Live collection-reduction modifier listener	symbolic	The exact subtraction operand graph is preserved. Live reduction listener amount is not replaced by its zero fallback.	EntitySettings/Objects/Magical_Objects!Rare!AP_For_Dream_Shards_Stack.entity.ot.EntitySettingsResource.gen	EntitySettings\Objects\Magical_Objects_Model.entity.ot.EntitySettingsResource.gen@0x334a	EntitySettings\Objects\Magical_Objects_Model.entity.ot.EntitySettingsResource.gen@0x334a					
Rare	main effect	Cryptic Prophecy	Magical_Objects.LangEN.tsv	Collection_To_Damage_Description	314	repeated_copy_stacking_rule		rule		Direct decoded setting or canonical static text; live behavior not implied	unresolved	Direct amount selector default is a one-copy tooltip preview. Add/multiply semantics, caps and rounding of equipped copies require DtMagicalObject/modifier implementation; not inferred from the preview.	EntitySettings/Objects/Magical_Objects!Rare!Collection_To_Damage.entity.ot.EntitySettingsResource.gen	canonical text table	data/Magical_Objects.LangEN.tsv / key=Collection_To_Damage_Description / index=314					
Rare	collection bonus	Cryptic Prophecy	Magical_Objects.LangEN.tsv	Collection_To_Damage_SuperEffect	315	collection_bonus_repeat_rule		rule		Direct decoded setting or canonical static text; live behavior not implied	unresolved	Completion threshold and bonus display do not prove whether the collection bonus repeats or is capped; runtime state semantics not decoded.	EntitySettings/Objects/Magical_Objects!Rare!Collection_To_Damage.entity.ot.EntitySettingsResource.gen	canonical text table	data/Magical_Objects.LangEN.tsv / key=Collection_To_Damage_SuperEffect / index=315					
Rare	collection bonus	Cryptic Prophecy	Magical_Objects.LangEN.tsv	Collection_To_Damage_SuperEffect	315	base_collection_copy_threshold	4	copies	Rare branch literal 4	No collection-count reduction	decoded	Base selector branch; collection reduction not applied.	EntitySettings/Objects/Magical_Objects!Rare!Collection_To_Damage.entity.ot.EntitySettingsResource.gen	EntitySettings\Objects\Magical_Objects_Model.entity.ot.EntitySettingsResource.gen@0x593f	EntitySettings\Objects\Magical_Objects_Model.entity.ot.EntitySettingsResource.gen@0x593f					
Rare	collection bonus	Cryptic Prophecy	Magical_Objects.LangEN.tsv	Collection_To_Damage_SuperEffect	315	effective_collection_threshold_formula	base_threshold - live_collection_reduction	copies	subtract(selector default: 0, unresolved)	Live collection-reduction modifier listener	symbolic	The exact subtraction operand graph is preserved. Live reduction listener amount is not replaced by its zero fallback.	EntitySettings/Objects/Magical_Objects!Rare!Collection_To_Damage.entity.ot.EntitySettingsResource.gen	EntitySettings\Objects\Magical_Objects_Model.entity.ot.EntitySettingsResource.gen@0x334a	EntitySettings\Objects\Magical_Objects_Model.entity.ot.EntitySettingsResource.gen@0x334a					
Rare	main effect	Ace of Spades Card	Magical_Objects.LangEN.tsv	Attack_Damage_Description	84	repeated_copy_stacking_rule		rule		Direct decoded setting or canonical static text; live behavior not implied	unresolved	Direct amount selector default is a one-copy tooltip preview. Add/multiply semantics, caps and rounding of equipped copies require DtMagicalObject/modifier implementation; not inferred from the preview.	EntitySettings/Objects/Magical_Objects!Rare!Damage_Attack.entity.ot.EntitySettingsResource.gen	canonical text table	data/Magical_Objects.LangEN.tsv / key=Attack_Damage_Description / index=84					
Rare	collection bonus	Ace of Spades Card	Magical_Objects.LangEN.tsv	Attack_Speed_SuperEffect	219	collection_bonus_repeat_rule		rule		Direct decoded setting or canonical static text; live behavior not implied	unresolved	Completion threshold and bonus display do not prove whether the collection bonus repeats or is capped; runtime state semantics not decoded.	EntitySettings/Objects/Magical_Objects!Rare!Damage_Attack.entity.ot.EntitySettingsResource.gen	canonical text table	data/Magical_Objects.LangEN.tsv / key=Attack_Speed_SuperEffect / index=219					
Rare	collection bonus	Ace of Spades Card	Magical_Objects.LangEN.tsv	Attack_Speed_SuperEffect	219	base_collection_copy_threshold	4	copies	Rare branch literal 4	No collection-count reduction	decoded	Base selector branch; collection reduction not applied.	EntitySettings/Objects/Magical_Objects!Rare!Damage_Attack.entity.ot.EntitySettingsResource.gen	EntitySettings\Objects\Magical_Objects_Model.entity.ot.EntitySettingsResource.gen@0x593f	EntitySettings\Objects\Magical_Objects_Model.entity.ot.EntitySettingsResource.gen@0x593f					
Rare	collection bonus	Ace of Spades Card	Magical_Objects.LangEN.tsv	Attack_Speed_SuperEffect	219	effective_collection_threshold_formula	base_threshold - live_collection_reduction	copies	subtract(selector default: 0, unresolved)	Live collection-reduction modifier listener	symbolic	The exact subtraction operand graph is preserved. Live reduction listener amount is not replaced by its zero fallback.	EntitySettings/Objects/Magical_Objects!Rare!Damage_Attack.entity.ot.EntitySettingsResource.gen	EntitySettings\Objects\Magical_Objects_Model.entity.ot.EntitySettingsResource.gen@0x334a	EntitySettings\Objects\Magical_Objects_Model.entity.ot.EntitySettingsResource.gen@0x334a					
Rare	main effect	King of Clubs Card	Magical_Objects.LangEN.tsv	Power_Damage_Description	86	repeated_copy_stacking_rule		rule		Direct decoded setting or canonical static text; live behavior not implied	unresolved	Direct amount selector default is a one-copy tooltip preview. Add/multiply semantics, caps and rounding of equipped copies require DtMagicalObject/modifier implementation; not inferred from the preview.	EntitySettings/Objects/Magical_Objects!Rare!Damage_Power.entity.ot.EntitySettingsResource.gen	canonical text table	data/Magical_Objects.LangEN.tsv / key=Power_Damage_Description / index=86					
Rare	collection bonus	King of Clubs Card	Magical_Objects.LangEN.tsv	Power_Crit_Chance_SuperEffect	220	collection_bonus_repeat_rule		rule		Direct decoded setting or canonical static text; live behavior not implied	unresolved	Completion threshold and bonus display do not prove whether the collection bonus repeats or is capped; runtime state semantics not decoded.	EntitySettings/Objects/Magical_Objects!Rare!Damage_Power.entity.ot.EntitySettingsResource.gen	canonical text table	data/Magical_Objects.LangEN.tsv / key=Power_Crit_Chance_SuperEffect / index=220					
Rare	collection bonus	King of Clubs Card	Magical_Objects.LangEN.tsv	Power_Crit_Chance_SuperEffect	220	base_collection_copy_threshold	4	copies	Rare branch literal 4	No collection-count reduction	decoded	Base selector branch; collection reduction not applied.	EntitySettings/Objects/Magical_Objects!Rare!Damage_Power.entity.ot.EntitySettingsResource.gen	EntitySettings\Objects\Magical_Objects_Model.entity.ot.EntitySettingsResource.gen@0x593f	EntitySettings\Objects\Magical_Objects_Model.entity.ot.EntitySettingsResource.gen@0x593f					
Rare	collection bonus	King of Clubs Card	Magical_Objects.LangEN.tsv	Power_Crit_Chance_SuperEffect	220	effective_collection_threshold_formula	base_threshold - live_collection_reduction	copies	subtract(selector default: 0, unresolved)	Live collection-reduction modifier listener	symbolic	The exact subtraction operand graph is preserved. Live reduction listener amount is not replaced by its zero fallback.	EntitySettings/Objects/Magical_Objects!Rare!Damage_Power.entity.ot.EntitySettingsResource.gen	EntitySettings\Objects\Magical_Objects_Model.entity.ot.EntitySettingsResource.gen@0x334a	EntitySettings\Objects\Magical_Objects_Model.entity.ot.EntitySettingsResource.gen@0x334a					
Rare	main effect	Jack of Diamonds Card	Magical_Objects.LangEN.tsv	Special_Damage_Description	88	repeated_copy_stacking_rule		rule		Direct decoded setting or canonical static text; live behavior not implied	unresolved	Direct amount selector default is a one-copy tooltip preview. Add/multiply semantics, caps and rounding of equipped copies require DtMagicalObject/modifier implementation; not inferred from the preview.	EntitySettings/Objects/Magical_Objects!Rare!Damage_Special.entity.ot.EntitySettingsResource.gen	canonical text table	data/Magical_Objects.LangEN.tsv / key=Special_Damage_Description / index=88					
Rare	collection bonus	Jack of Diamonds Card	Magical_Objects.LangEN.tsv	Special_Crit_Chance_SuperEffect	221	collection_bonus_repeat_rule		rule		Direct decoded setting or canonical static text; live behavior not implied	unresolved	Completion threshold and bonus display do not prove whether the collection bonus repeats or is capped; runtime state semantics not decoded.	EntitySettings/Objects/Magical_Objects!Rare!Damage_Special.entity.ot.EntitySettingsResource.gen	canonical text table	data/Magical_Objects.LangEN.tsv / key=Special_Crit_Chance_SuperEffect / index=221					
Rare	collection bonus	Jack of Diamonds Card	Magical_Objects.LangEN.tsv	Special_Crit_Chance_SuperEffect	221	base_collection_copy_threshold	4	copies	Rare branch literal 4	No collection-count reduction	decoded	Base selector branch; collection reduction not applied.	EntitySettings/Objects/Magical_Objects!Rare!Damage_Special.entity.ot.EntitySettingsResource.gen	EntitySettings\Objects\Magical_Objects_Model.entity.ot.EntitySettingsResource.gen@0x593f	EntitySettings\Objects\Magical_Objects_Model.entity.ot.EntitySettingsResource.gen@0x593f					
Rare	collection bonus	Jack of Diamonds Card	Magical_Objects.LangEN.tsv	Special_Crit_Chance_SuperEffect	221	effective_collection_threshold_formula	base_threshold - live_collection_reduction	copies	subtract(selector default: 0, unresolved)	Live collection-reduction modifier listener	symbolic	The exact subtraction operand graph is preserved. Live reduction listener amount is not replaced by its zero fallback.	EntitySettings/Objects/Magical_Objects!Rare!Damage_Special.entity.ot.EntitySettingsResource.gen	EntitySettings\Objects\Magical_Objects_Model.entity.ot.EntitySettingsResource.gen@0x334a	EntitySettings\Objects\Magical_Objects_Model.entity.ot.EntitySettingsResource.gen@0x334a					
Rare	main effect	Vajra	Magical_Objects.LangEN.tsv	Dash_Deal_Damage_Description	172	repeated_copy_stacking_rule		rule		Direct decoded setting or canonical static text; live behavior not implied	unresolved	Direct amount selector default is a one-copy tooltip preview. Add/multiply semantics, caps and rounding of equipped copies require DtMagicalObject/modifier implementation; not inferred from the preview.	EntitySettings/Objects/Magical_Objects!Rare!Dash_Deal_Damage.entity.ot.EntitySettingsResource.gen	canonical text table	data/Magical_Objects.LangEN.tsv / key=Dash_Deal_Damage_Description / index=172					
Rare	collection bonus	Vajra	Magical_Objects.LangEN.tsv	Dash_Lightning Strike_SuperEffect	223	collection_bonus_repeat_rule		rule		Direct decoded setting or canonical static text; live behavior not implied	unresolved	Completion threshold and bonus display do not prove whether the collection bonus repeats or is capped; runtime state semantics not decoded.	EntitySettings/Objects/Magical_Objects!Rare!Dash_Deal_Damage.entity.ot.EntitySettingsResource.gen	canonical text table	data/Magical_Objects.LangEN.tsv / key=Dash_Lightning Strike_SuperEffect / index=223					
Rare	collection bonus	Vajra	Magical_Objects.LangEN.tsv	Dash_Lightning Strike_SuperEffect	223	base_collection_copy_threshold	4	copies	Rare branch literal 4	No collection-count reduction	decoded	Base selector branch; collection reduction not applied.	EntitySettings/Objects/Magical_Objects!Rare!Dash_Deal_Damage.entity.ot.EntitySettingsResource.gen	EntitySettings\Objects\Magical_Objects_Model.entity.ot.EntitySettingsResource.gen@0x593f	EntitySettings\Objects\Magical_Objects_Model.entity.ot.EntitySettingsResource.gen@0x593f					
Rare	collection bonus	Vajra	Magical_Objects.LangEN.tsv	Dash_Lightning Strike_SuperEffect	223	effective_collection_threshold_formula	base_threshold - live_collection_reduction	copies	subtract(selector default: 0, unresolved)	Live collection-reduction modifier listener	symbolic	The exact subtraction operand graph is preserved. Live reduction listener amount is not replaced by its zero fallback.	EntitySettings/Objects/Magical_Objects!Rare!Dash_Deal_Damage.entity.ot.EntitySettingsResource.gen	EntitySettings\Objects\Magical_Objects_Model.entity.ot.EntitySettingsResource.gen@0x334a	EntitySettings\Objects\Magical_Objects_Model.entity.ot.EntitySettingsResource.gen@0x334a					
Rare	main effect	Dragon Hide	Magical_Objects.LangEN.tsv	Gain_Armor_From_Talents_Rarity_Description	304	repeated_copy_stacking_rule		rule		Direct decoded setting or canonical static text; live behavior not implied	unresolved	Direct amount selector default is a one-copy tooltip preview. Add/multiply semantics, caps and rounding of equipped copies require DtMagicalObject/modifier implementation; not inferred from the preview.	EntitySettings/Objects/Magical_Objects!Rare!Gain_Armor_From_Talents_Rarity.entity.ot.EntitySettingsResource.gen	canonical text table	data/Magical_Objects.LangEN.tsv / key=Gain_Armor_From_Talents_Rarity_Description / index=304					
Rare	collection bonus	Dragon Hide	Magical_Objects.LangEN.tsv	Armor_To_Damage_SuperEffect	226	collection_bonus_repeat_rule		rule		Direct decoded setting or canonical static text; live behavior not implied	unresolved	Completion threshold and bonus display do not prove whether the collection bonus repeats or is capped; runtime state semantics not decoded.	EntitySettings/Objects/Magical_Objects!Rare!Gain_Armor_From_Talents_Rarity.entity.ot.EntitySettingsResource.gen	canonical text table	data/Magical_Objects.LangEN.tsv / key=Armor_To_Damage_SuperEffect / index=226					
Rare	collection bonus	Dragon Hide	Magical_Objects.LangEN.tsv	Armor_To_Damage_SuperEffect	226	base_collection_copy_threshold	4	copies	Rare branch literal 4	No collection-count reduction	decoded	Base selector branch; collection reduction not applied.	EntitySettings/Objects/Magical_Objects!Rare!Gain_Armor_From_Talents_Rarity.entity.ot.EntitySettingsResource.gen	EntitySettings\Objects\Magical_Objects_Model.entity.ot.EntitySettingsResource.gen@0x593f	EntitySettings\Objects\Magical_Objects_Model.entity.ot.EntitySettingsResource.gen@0x593f					
Rare	collection bonus	Dragon Hide	Magical_Objects.LangEN.tsv	Armor_To_Damage_SuperEffect	226	effective_collection_threshold_formula	base_threshold - live_collection_reduction	copies	subtract(selector default: 0, unresolved)	Live collection-reduction modifier listener	symbolic	The exact subtraction operand graph is preserved. Live reduction listener amount is not replaced by its zero fallback.	EntitySettings/Objects/Magical_Objects!Rare!Gain_Armor_From_Talents_Rarity.entity.ot.EntitySettingsResource.gen	EntitySettings\Objects\Magical_Objects_Model.entity.ot.EntitySettingsResource.gen@0x334a	EntitySettings\Objects\Magical_Objects_Model.entity.ot.EntitySettingsResource.gen@0x334a					
Rare	main effect	Queen of Hearts Card	Magical_Objects.LangEN.tsv	Gain_Passive_Heal_Description	303	repeated_copy_stacking_rule		rule		Direct decoded setting or canonical static text; live behavior not implied	unresolved	Direct amount selector default is a one-copy tooltip preview. Add/multiply semantics, caps and rounding of equipped copies require DtMagicalObject/modifier implementation; not inferred from the preview.	EntitySettings/Objects/Magical_Objects!Rare!Gain_Passive_Heal.entity.ot.EntitySettingsResource.gen	canonical text table	data/Magical_Objects.LangEN.tsv / key=Gain_Passive_Heal_Description / index=303					
Rare	collection bonus	Queen of Hearts Card	Magical_Objects.LangEN.tsv	Damage_At_Full_Health_SuperEffect	240	collection_bonus_repeat_rule		rule		Direct decoded setting or canonical static text; live behavior not implied	unresolved	Completion threshold and bonus display do not prove whether the collection bonus repeats or is capped; runtime state semantics not decoded.	EntitySettings/Objects/Magical_Objects!Rare!Gain_Passive_Heal.entity.ot.EntitySettingsResource.gen	canonical text table	data/Magical_Objects.LangEN.tsv / key=Damage_At_Full_Health_SuperEffect / index=240					
Rare	collection bonus	Queen of Hearts Card	Magical_Objects.LangEN.tsv	Damage_At_Full_Health_SuperEffect	240	base_collection_copy_threshold	4	copies	Rare branch literal 4	No collection-count reduction	decoded	Base selector branch; collection reduction not applied.	EntitySettings/Objects/Magical_Objects!Rare!Gain_Passive_Heal.entity.ot.EntitySettingsResource.gen	EntitySettings\Objects\Magical_Objects_Model.entity.ot.EntitySettingsResource.gen@0x593f	EntitySettings\Objects\Magical_Objects_Model.entity.ot.EntitySettingsResource.gen@0x593f					
Rare	collection bonus	Queen of Hearts Card	Magical_Objects.LangEN.tsv	Damage_At_Full_Health_SuperEffect	240	effective_collection_threshold_formula	base_threshold - live_collection_reduction	copies	subtract(selector default: 0, unresolved)	Live collection-reduction modifier listener	symbolic	The exact subtraction operand graph is preserved. Live reduction listener amount is not replaced by its zero fallback.	EntitySettings/Objects/Magical_Objects!Rare!Gain_Passive_Heal.entity.ot.EntitySettingsResource.gen	EntitySettings\Objects\Magical_Objects_Model.entity.ot.EntitySettingsResource.gen@0x334a	EntitySettings\Objects\Magical_Objects_Model.entity.ot.EntitySettingsResource.gen@0x334a					
Rare	main effect	Unicorn Horn	Magical_Objects.LangEN.tsv	Regeneration_On_Low_Life_Description	19	repeated_copy_stacking_rule		rule		Direct decoded setting or canonical static text; live behavior not implied	unresolved	Direct amount selector default is a one-copy tooltip preview. Add/multiply semantics, caps and rounding of equipped copies require DtMagicalObject/modifier implementation; not inferred from the preview.	EntitySettings/Objects/Magical_Objects!Rare!Gain_Regeneration_On_Low_Life.entity.ot.EntitySettingsResource.gen	canonical text table	data/Magical_Objects.LangEN.tsv / key=Regeneration_On_Low_Life_Description / index=19					
Rare	collection bonus	Unicorn Horn	Magical_Objects.LangEN.tsv	Regeneration_To_Damage_SuperEffect	227	collection_bonus_repeat_rule		rule		Direct decoded setting or canonical static text; live behavior not implied	unresolved	Completion threshold and bonus display do not prove whether the collection bonus repeats or is capped; runtime state semantics not decoded.	EntitySettings/Objects/Magical_Objects!Rare!Gain_Regeneration_On_Low_Life.entity.ot.EntitySettingsResource.gen	canonical text table	data/Magical_Objects.LangEN.tsv / key=Regeneration_To_Damage_SuperEffect / index=227					
Rare	collection bonus	Unicorn Horn	Magical_Objects.LangEN.tsv	Regeneration_To_Damage_SuperEffect	227	base_collection_copy_threshold	4	copies	Rare branch literal 4	No collection-count reduction	decoded	Base selector branch; collection reduction not applied.	EntitySettings/Objects/Magical_Objects!Rare!Gain_Regeneration_On_Low_Life.entity.ot.EntitySettingsResource.gen	EntitySettings\Objects\Magical_Objects_Model.entity.ot.EntitySettingsResource.gen@0x593f	EntitySettings\Objects\Magical_Objects_Model.entity.ot.EntitySettingsResource.gen@0x593f					
Rare	collection bonus	Unicorn Horn	Magical_Objects.LangEN.tsv	Regeneration_To_Damage_SuperEffect	227	effective_collection_threshold_formula	base_threshold - live_collection_reduction	copies	subtract(selector default: 0, unresolved)	Live collection-reduction modifier listener	symbolic	The exact subtraction operand graph is preserved. Live reduction listener amount is not replaced by its zero fallback.	EntitySettings/Objects/Magical_Objects!Rare!Gain_Regeneration_On_Low_Life.entity.ot.EntitySettingsResource.gen	EntitySettings\Objects\Magical_Objects_Model.entity.ot.EntitySettingsResource.gen@0x334a	EntitySettings\Objects\Magical_Objects_Model.entity.ot.EntitySettingsResource.gen@0x334a					
Rare	main effect	Fairy Dust	Magical_Objects.LangEN.tsv	Shield_Gain_When_Hit_Description	241	repeated_copy_stacking_rule		rule		Direct decoded setting or canonical static text; live behavior not implied	unresolved	Direct amount selector default is a one-copy tooltip preview. Add/multiply semantics, caps and rounding of equipped copies require DtMagicalObject/modifier implementation; not inferred from the preview.	EntitySettings/Objects/Magical_Objects!Rare!Increase_Shield.entity.ot.EntitySettingsResource.gen	canonical text table	data/Magical_Objects.LangEN.tsv / key=Shield_Gain_When_Hit_Description / index=241					
Rare	collection bonus	Fairy Dust	Magical_Objects.LangEN.tsv	Shield_Effect_SuperEffect	215	collection_bonus_repeat_rule		rule		Direct decoded setting or canonical static text; live behavior not implied	unresolved	Completion threshold and bonus display do not prove whether the collection bonus repeats or is capped; runtime state semantics not decoded.	EntitySettings/Objects/Magical_Objects!Rare!Increase_Shield.entity.ot.EntitySettingsResource.gen	canonical text table	data/Magical_Objects.LangEN.tsv / key=Shield_Effect_SuperEffect / index=215					
Rare	collection bonus	Fairy Dust	Magical_Objects.LangEN.tsv	Shield_Effect_SuperEffect	215	base_collection_copy_threshold	4	copies	Rare branch literal 4	No collection-count reduction	decoded	Base selector branch; collection reduction not applied.	EntitySettings/Objects/Magical_Objects!Rare!Increase_Shield.entity.ot.EntitySettingsResource.gen	EntitySettings\Objects\Magical_Objects_Model.entity.ot.EntitySettingsResource.gen@0x593f	EntitySettings\Objects\Magical_Objects_Model.entity.ot.EntitySettingsResource.gen@0x593f					
Rare	collection bonus	Fairy Dust	Magical_Objects.LangEN.tsv	Shield_Effect_SuperEffect	215	effective_collection_threshold_formula	base_threshold - live_collection_reduction	copies	subtract(selector default: 0, unresolved)	Live collection-reduction modifier listener	symbolic	The exact subtraction operand graph is preserved. Live reduction listener amount is not replaced by its zero fallback.	EntitySettings/Objects/Magical_Objects!Rare!Increase_Shield.entity.ot.EntitySettingsResource.gen	EntitySettings\Objects\Magical_Objects_Model.entity.ot.EntitySettingsResource.gen@0x334a	EntitySettings\Objects\Magical_Objects_Model.entity.ot.EntitySettingsResource.gen@0x334a					
Epic	main effect	Joker Card	Magical_Objects.LangEN.tsv	Copy_Cards_Description	322	repeated_copy_stacking_rule		rule		Direct decoded setting or canonical static text; live behavior not implied	unresolved	Direct amount selector default is a one-copy tooltip preview. Add/multiply semantics, caps and rounding of equipped copies require DtMagicalObject/modifier implementation; not inferred from the preview.	EntitySettings/Objects/Magical_Objects!Epic!Copy_Card.entity.ot.EntitySettingsResource.gen	canonical text table	data/Magical_Objects.LangEN.tsv / key=Copy_Cards_Description / index=322					
Epic	collection bonus	Joker Card	Magical_Objects.LangEN.tsv	Copy_Cards_SuperEffect	323	collection_bonus_repeat_rule		rule		Direct decoded setting or canonical static text; live behavior not implied	unresolved	Completion threshold and bonus display do not prove whether the collection bonus repeats or is capped; runtime state semantics not decoded.	EntitySettings/Objects/Magical_Objects!Epic!Copy_Card.entity.ot.EntitySettingsResource.gen	canonical text table	data/Magical_Objects.LangEN.tsv / key=Copy_Cards_SuperEffect / index=323					
Epic	collection bonus	Joker Card	Magical_Objects.LangEN.tsv	Copy_Cards_SuperEffect	323	base_collection_copy_threshold	3	copies	Epic branch literal 3	No collection-count reduction	decoded	Base selector branch; collection reduction not applied.	EntitySettings/Objects/Magical_Objects!Epic!Copy_Card.entity.ot.EntitySettingsResource.gen	EntitySettings\Objects\Magical_Objects_Model.entity.ot.EntitySettingsResource.gen@0x593f	EntitySettings\Objects\Magical_Objects_Model.entity.ot.EntitySettingsResource.gen@0x593f					
Epic	collection bonus	Joker Card	Magical_Objects.LangEN.tsv	Copy_Cards_SuperEffect	323	effective_collection_threshold_formula	base_threshold - live_collection_reduction	copies	subtract(selector default: 0, unresolved)	Live collection-reduction modifier listener	symbolic	The exact subtraction operand graph is preserved. Live reduction listener amount is not replaced by its zero fallback.	EntitySettings/Objects/Magical_Objects!Epic!Copy_Card.entity.ot.EntitySettingsResource.gen	EntitySettings\Objects\Magical_Objects_Model.entity.ot.EntitySettingsResource.gen@0x334a	EntitySettings\Objects\Magical_Objects_Model.entity.ot.EntitySettingsResource.gen@0x334a					
Epic	main effect	Charmstone	Magical_Objects.LangEN.tsv	Dash_Charge_Gain_Description	252	repeated_copy_stacking_rule		rule		Direct decoded setting or canonical static text; live behavior not implied	unresolved	Direct amount selector default is a one-copy tooltip preview. Add/multiply semantics, caps and rounding of equipped copies require DtMagicalObject/modifier implementation; not inferred from the preview.	EntitySettings/Objects/Magical_Objects!Epic!Dash_Gain_Charge.entity.ot.EntitySettingsResource.gen	canonical text table	data/Magical_Objects.LangEN.tsv / key=Dash_Charge_Gain_Description / index=252					
Epic	collection bonus	Charmstone	Magical_Objects.LangEN.tsv	Dash_Grants_Shield_SuperEffect	285	collection_bonus_repeat_rule		rule		Direct decoded setting or canonical static text; live behavior not implied	unresolved	Completion threshold and bonus display do not prove whether the collection bonus repeats or is capped; runtime state semantics not decoded.	EntitySettings/Objects/Magical_Objects!Epic!Dash_Gain_Charge.entity.ot.EntitySettingsResource.gen	canonical text table	data/Magical_Objects.LangEN.tsv / key=Dash_Grants_Shield_SuperEffect / index=285					
Epic	collection bonus	Charmstone	Magical_Objects.LangEN.tsv	Dash_Grants_Shield_SuperEffect	285	base_collection_copy_threshold	3	copies	Epic branch literal 3	No collection-count reduction	decoded	Base selector branch; collection reduction not applied.	EntitySettings/Objects/Magical_Objects!Epic!Dash_Gain_Charge.entity.ot.EntitySettingsResource.gen	EntitySettings\Objects\Magical_Objects_Model.entity.ot.EntitySettingsResource.gen@0x593f	EntitySettings\Objects\Magical_Objects_Model.entity.ot.EntitySettingsResource.gen@0x593f					
Epic	collection bonus	Charmstone	Magical_Objects.LangEN.tsv	Dash_Grants_Shield_SuperEffect	285	effective_collection_threshold_formula	base_threshold - live_collection_reduction	copies	subtract(selector default: 0, unresolved)	Live collection-reduction modifier listener	symbolic	The exact subtraction operand graph is preserved. Live reduction listener amount is not replaced by its zero fallback.	EntitySettings/Objects/Magical_Objects!Epic!Dash_Gain_Charge.entity.ot.EntitySettingsResource.gen	EntitySettings\Objects\Magical_Objects_Model.entity.ot.EntitySettingsResource.gen@0x334a	EntitySettings\Objects\Magical_Objects_Model.entity.ot.EntitySettingsResource.gen@0x334a					
Epic	main effect	Adder Stone	Magical_Objects.LangEN.tsv	Defensive_Charge_Gain_Description	35	repeated_copy_stacking_rule		rule		Direct decoded setting or canonical static text; live behavior not implied	unresolved	Direct amount selector default is a one-copy tooltip preview. Add/multiply semantics, caps and rounding of equipped copies require DtMagicalObject/modifier implementation; not inferred from the preview.	EntitySettings/Objects/Magical_Objects!Epic!Defensive_Gain_Charge.entity.ot.EntitySettingsResource.gen	canonical text table	data/Magical_Objects.LangEN.tsv / key=Defensive_Charge_Gain_Description / index=35					
Epic	collection bonus	Adder Stone	Magical_Objects.LangEN.tsv	Defense_Decaying_Move_Speed_SuperEffect	284	collection_bonus_repeat_rule		rule		Direct decoded setting or canonical static text; live behavior not implied	unresolved	Completion threshold and bonus display do not prove whether the collection bonus repeats or is capped; runtime state semantics not decoded.	EntitySettings/Objects/Magical_Objects!Epic!Defensive_Gain_Charge.entity.ot.EntitySettingsResource.gen	canonical text table	data/Magical_Objects.LangEN.tsv / key=Defense_Decaying_Move_Speed_SuperEffect / index=284					
Epic	collection bonus	Adder Stone	Magical_Objects.LangEN.tsv	Defense_Decaying_Move_Speed_SuperEffect	284	base_collection_copy_threshold	3	copies	Epic branch literal 3	No collection-count reduction	decoded	Base selector branch; collection reduction not applied.	EntitySettings/Objects/Magical_Objects!Epic!Defensive_Gain_Charge.entity.ot.EntitySettingsResource.gen	EntitySettings\Objects\Magical_Objects_Model.entity.ot.EntitySettingsResource.gen@0x593f	EntitySettings\Objects\Magical_Objects_Model.entity.ot.EntitySettingsResource.gen@0x593f					
Epic	collection bonus	Adder Stone	Magical_Objects.LangEN.tsv	Defense_Decaying_Move_Speed_SuperEffect	284	effective_collection_threshold_formula	base_threshold - live_collection_reduction	copies	subtract(selector default: 0, unresolved)	Live collection-reduction modifier listener	symbolic	The exact subtraction operand graph is preserved. Live reduction listener amount is not replaced by its zero fallback.	EntitySettings/Objects/Magical_Objects!Epic!Defensive_Gain_Charge.entity.ot.EntitySettingsResource.gen	EntitySettings\Objects\Magical_Objects_Model.entity.ot.EntitySettingsResource.gen@0x334a	EntitySettings\Objects\Magical_Objects_Model.entity.ot.EntitySettingsResource.gen@0x334a					
Epic	main effect	Flaming Pearl	Magical_Objects.LangEN.tsv	Primary_Charge_Gain_Description	31	repeated_copy_stacking_rule		rule		Direct decoded setting or canonical static text; live behavior not implied	unresolved	Direct amount selector default is a one-copy tooltip preview. Add/multiply semantics, caps and rounding of equipped copies require DtMagicalObject/modifier implementation; not inferred from the preview.	EntitySettings/Objects/Magical_Objects!Epic!Primary_Gain_Charge.entity.ot.EntitySettingsResource.gen	canonical text table	data/Magical_Objects.LangEN.tsv / key=Primary_Charge_Gain_Description / index=31					
Epic	collection bonus	Flaming Pearl	Magical_Objects.LangEN.tsv	Power_Dmg_Per_Negative_Status_SuperEffect	282	collection_bonus_repeat_rule		rule		Direct decoded setting or canonical static text; live behavior not implied	unresolved	Completion threshold and bonus display do not prove whether the collection bonus repeats or is capped; runtime state semantics not decoded.	EntitySettings/Objects/Magical_Objects!Epic!Primary_Gain_Charge.entity.ot.EntitySettingsResource.gen	canonical text table	data/Magical_Objects.LangEN.tsv / key=Power_Dmg_Per_Negative_Status_SuperEffect / index=282					
Epic	collection bonus	Flaming Pearl	Magical_Objects.LangEN.tsv	Power_Dmg_Per_Negative_Status_SuperEffect	282	base_collection_copy_threshold	3	copies	Epic branch literal 3	No collection-count reduction	decoded	Base selector branch; collection reduction not applied.	EntitySettings/Objects/Magical_Objects!Epic!Primary_Gain_Charge.entity.ot.EntitySettingsResource.gen	EntitySettings\Objects\Magical_Objects_Model.entity.ot.EntitySettingsResource.gen@0x593f	EntitySettings\Objects\Magical_Objects_Model.entity.ot.EntitySettingsResource.gen@0x593f					
Epic	collection bonus	Flaming Pearl	Magical_Objects.LangEN.tsv	Power_Dmg_Per_Negative_Status_SuperEffect	282	effective_collection_threshold_formula	base_threshold - live_collection_reduction	copies	subtract(selector default: 0, unresolved)	Live collection-reduction modifier listener	symbolic	The exact subtraction operand graph is preserved. Live reduction listener amount is not replaced by its zero fallback.	EntitySettings/Objects/Magical_Objects!Epic!Primary_Gain_Charge.entity.ot.EntitySettingsResource.gen	EntitySettings\Objects\Magical_Objects_Model.entity.ot.EntitySettingsResource.gen@0x334a	EntitySettings\Objects\Magical_Objects_Model.entity.ot.EntitySettingsResource.gen@0x334a					
Epic	main effect	Raven Eye	Magical_Objects.LangEN.tsv	Reduce_Ultimate_CD_Description	106	repeated_copy_stacking_rule		rule		Direct decoded setting or canonical static text; live behavior not implied	unresolved	Direct amount selector default is a one-copy tooltip preview. Add/multiply semantics, caps and rounding of equipped copies require DtMagicalObject/modifier implementation; not inferred from the preview.	EntitySettings/Objects/Magical_Objects!Epic!Reduce_CD_And_Buff_Ultimate.entity.ot.EntitySettingsResource.gen	canonical text table	data/Magical_Objects.LangEN.tsv / key=Reduce_Ultimate_CD_Description / index=106					
Epic	collection bonus	Raven Eye	Magical_Objects.LangEN.tsv	Increase_Ultimate_Damage_SuperEffect	305	collection_bonus_repeat_rule		rule		Direct decoded setting or canonical static text; live behavior not implied	unresolved	Completion threshold and bonus display do not prove whether the collection bonus repeats or is capped; runtime state semantics not decoded.	EntitySettings/Objects/Magical_Objects!Epic!Reduce_CD_And_Buff_Ultimate.entity.ot.EntitySettingsResource.gen	canonical text table	data/Magical_Objects.LangEN.tsv / key=Increase_Ultimate_Damage_SuperEffect / index=305					
Epic	collection bonus	Raven Eye	Magical_Objects.LangEN.tsv	Increase_Ultimate_Damage_SuperEffect	305	base_collection_copy_threshold	3	copies	Epic branch literal 3	No collection-count reduction	decoded	Base selector branch; collection reduction not applied.	EntitySettings/Objects/Magical_Objects!Epic!Reduce_CD_And_Buff_Ultimate.entity.ot.EntitySettingsResource.gen	EntitySettings\Objects\Magical_Objects_Model.entity.ot.EntitySettingsResource.gen@0x593f	EntitySettings\Objects\Magical_Objects_Model.entity.ot.EntitySettingsResource.gen@0x593f					
Epic	collection bonus	Raven Eye	Magical_Objects.LangEN.tsv	Increase_Ultimate_Damage_SuperEffect	305	effective_collection_threshold_formula	base_threshold - live_collection_reduction	copies	subtract(selector default: 0, unresolved)	Live collection-reduction modifier listener	symbolic	The exact subtraction operand graph is preserved. Live reduction listener amount is not replaced by its zero fallback.	EntitySettings/Objects/Magical_Objects!Epic!Reduce_CD_And_Buff_Ultimate.entity.ot.EntitySettingsResource.gen	EntitySettings\Objects\Magical_Objects_Model.entity.ot.EntitySettingsResource.gen@0x334a	EntitySettings\Objects\Magical_Objects_Model.entity.ot.EntitySettingsResource.gen@0x334a					
Epic	main effect	Raven Wing	Magical_Objects.LangEN.tsv	Reduce_Dash_CD_Description	114	repeated_copy_stacking_rule		rule		Direct decoded setting or canonical static text; live behavior not implied	unresolved	Direct amount selector default is a one-copy tooltip preview. Add/multiply semantics, caps and rounding of equipped copies require DtMagicalObject/modifier implementation; not inferred from the preview.	EntitySettings/Objects/Magical_Objects!Epic!Reduce_Dash_CD.entity.ot.EntitySettingsResource.gen	canonical text table	data/Magical_Objects.LangEN.tsv / key=Reduce_Dash_CD_Description / index=114					
Epic	collection bonus	Raven Wing	Magical_Objects.LangEN.tsv	Move_Speed_SuperEffect	232	collection_bonus_repeat_rule		rule		Direct decoded setting or canonical static text; live behavior not implied	unresolved	Completion threshold and bonus display do not prove whether the collection bonus repeats or is capped; runtime state semantics not decoded.	EntitySettings/Objects/Magical_Objects!Epic!Reduce_Dash_CD.entity.ot.EntitySettingsResource.gen	canonical text table	data/Magical_Objects.LangEN.tsv / key=Move_Speed_SuperEffect / index=232					
Epic	collection bonus	Raven Wing	Magical_Objects.LangEN.tsv	Move_Speed_SuperEffect	232	base_collection_copy_threshold	3	copies	Epic branch literal 3	No collection-count reduction	decoded	Base selector branch; collection reduction not applied.	EntitySettings/Objects/Magical_Objects!Epic!Reduce_Dash_CD.entity.ot.EntitySettingsResource.gen	EntitySettings\Objects\Magical_Objects_Model.entity.ot.EntitySettingsResource.gen@0x593f	EntitySettings\Objects\Magical_Objects_Model.entity.ot.EntitySettingsResource.gen@0x593f					
Epic	collection bonus	Raven Wing	Magical_Objects.LangEN.tsv	Move_Speed_SuperEffect	232	effective_collection_threshold_formula	base_threshold - live_collection_reduction	copies	subtract(selector default: 0, unresolved)	Live collection-reduction modifier listener	symbolic	The exact subtraction operand graph is preserved. Live reduction listener amount is not replaced by its zero fallback.	EntitySettings/Objects/Magical_Objects!Epic!Reduce_Dash_CD.entity.ot.EntitySettingsResource.gen	EntitySettings\Objects\Magical_Objects_Model.entity.ot.EntitySettingsResource.gen@0x334a	EntitySettings\Objects\Magical_Objects_Model.entity.ot.EntitySettingsResource.gen@0x334a					
Epic	main effect	Raven Skull	Magical_Objects.LangEN.tsv	Reduce_Defense_CD_Description	112	repeated_copy_stacking_rule		rule		Direct decoded setting or canonical static text; live behavior not implied	unresolved	Direct amount selector default is a one-copy tooltip preview. Add/multiply semantics, caps and rounding of equipped copies require DtMagicalObject/modifier implementation; not inferred from the preview.	EntitySettings/Objects/Magical_Objects!Epic!Reduce_Defensive_CD.entity.ot.EntitySettingsResource.gen	canonical text table	data/Magical_Objects.LangEN.tsv / key=Reduce_Defense_CD_Description / index=112					
Epic	collection bonus	Raven Skull	Magical_Objects.LangEN.tsv	Armor_SuperEffect	235	collection_bonus_repeat_rule		rule		Direct decoded setting or canonical static text; live behavior not implied	unresolved	Completion threshold and bonus display do not prove whether the collection bonus repeats or is capped; runtime state semantics not decoded.	EntitySettings/Objects/Magical_Objects!Epic!Reduce_Defensive_CD.entity.ot.EntitySettingsResource.gen	canonical text table	data/Magical_Objects.LangEN.tsv / key=Armor_SuperEffect / index=235					
Epic	collection bonus	Raven Skull	Magical_Objects.LangEN.tsv	Armor_SuperEffect	235	base_collection_copy_threshold	3	copies	Epic branch literal 3	No collection-count reduction	decoded	Base selector branch; collection reduction not applied.	EntitySettings/Objects/Magical_Objects!Epic!Reduce_Defensive_CD.entity.ot.EntitySettingsResource.gen	EntitySettings\Objects\Magical_Objects_Model.entity.ot.EntitySettingsResource.gen@0x593f	EntitySettings\Objects\Magical_Objects_Model.entity.ot.EntitySettingsResource.gen@0x593f					
Epic	collection bonus	Raven Skull	Magical_Objects.LangEN.tsv	Armor_SuperEffect	235	effective_collection_threshold_formula	base_threshold - live_collection_reduction	copies	subtract(selector default: 0, unresolved)	Live collection-reduction modifier listener	symbolic	The exact subtraction operand graph is preserved. Live reduction listener amount is not replaced by its zero fallback.	EntitySettings/Objects/Magical_Objects!Epic!Reduce_Defensive_CD.entity.ot.EntitySettingsResource.gen	EntitySettings\Objects\Magical_Objects_Model.entity.ot.EntitySettingsResource.gen@0x334a	EntitySettings\Objects\Magical_Objects_Model.entity.ot.EntitySettingsResource.gen@0x334a					
Epic	main effect	Raven Claw	Magical_Objects.LangEN.tsv	Reduce_Power_CD_Description	108	repeated_copy_stacking_rule		rule		Direct decoded setting or canonical static text; live behavior not implied	unresolved	Direct amount selector default is a one-copy tooltip preview. Add/multiply semantics, caps and rounding of equipped copies require DtMagicalObject/modifier implementation; not inferred from the preview.	EntitySettings/Objects/Magical_Objects!Epic!Reduce_Primary_CD.entity.ot.EntitySettingsResource.gen	canonical text table	data/Magical_Objects.LangEN.tsv / key=Reduce_Power_CD_Description / index=108					
Epic	collection bonus	Raven Claw	Magical_Objects.LangEN.tsv	Power_Damage_SuperEffect	233	collection_bonus_repeat_rule		rule		Direct decoded setting or canonical static text; live behavior not implied	unresolved	Completion threshold and bonus display do not prove whether the collection bonus repeats or is capped; runtime state semantics not decoded.	EntitySettings/Objects/Magical_Objects!Epic!Reduce_Primary_CD.entity.ot.EntitySettingsResource.gen	canonical text table	data/Magical_Objects.LangEN.tsv / key=Power_Damage_SuperEffect / index=233					
Epic	collection bonus	Raven Claw	Magical_Objects.LangEN.tsv	Power_Damage_SuperEffect	233	base_collection_copy_threshold	3	copies	Epic branch literal 3	No collection-count reduction	decoded	Base selector branch; collection reduction not applied.	EntitySettings/Objects/Magical_Objects!Epic!Reduce_Primary_CD.entity.ot.EntitySettingsResource.gen	EntitySettings\Objects\Magical_Objects_Model.entity.ot.EntitySettingsResource.gen@0x593f	EntitySettings\Objects\Magical_Objects_Model.entity.ot.EntitySettingsResource.gen@0x593f					
Epic	collection bonus	Raven Claw	Magical_Objects.LangEN.tsv	Power_Damage_SuperEffect	233	effective_collection_threshold_formula	base_threshold - live_collection_reduction	copies	subtract(selector default: 0, unresolved)	Live collection-reduction modifier listener	symbolic	The exact subtraction operand graph is preserved. Live reduction listener amount is not replaced by its zero fallback.	EntitySettings/Objects/Magical_Objects!Epic!Reduce_Primary_CD.entity.ot.EntitySettingsResource.gen	EntitySettings\Objects\Magical_Objects_Model.entity.ot.EntitySettingsResource.gen@0x334a	EntitySettings\Objects\Magical_Objects_Model.entity.ot.EntitySettingsResource.gen@0x334a					
Epic	main effect	Raven Beak	Magical_Objects.LangEN.tsv	Reduce_Special_CD_Description	110	repeated_copy_stacking_rule		rule		Direct decoded setting or canonical static text; live behavior not implied	unresolved	Direct amount selector default is a one-copy tooltip preview. Add/multiply semantics, caps and rounding of equipped copies require DtMagicalObject/modifier implementation; not inferred from the preview.	EntitySettings/Objects/Magical_Objects!Epic!Reduce_Secondary_CD.entity.ot.EntitySettingsResource.gen	canonical text table	data/Magical_Objects.LangEN.tsv / key=Reduce_Special_CD_Description / index=110					
Epic	collection bonus	Raven Beak	Magical_Objects.LangEN.tsv	Special_Damage_SuperEffect	234	collection_bonus_repeat_rule		rule		Direct decoded setting or canonical static text; live behavior not implied	unresolved	Completion threshold and bonus display do not prove whether the collection bonus repeats or is capped; runtime state semantics not decoded.	EntitySettings/Objects/Magical_Objects!Epic!Reduce_Secondary_CD.entity.ot.EntitySettingsResource.gen	canonical text table	data/Magical_Objects.LangEN.tsv / key=Special_Damage_SuperEffect / index=234					
Epic	collection bonus	Raven Beak	Magical_Objects.LangEN.tsv	Special_Damage_SuperEffect	234	base_collection_copy_threshold	3	copies	Epic branch literal 3	No collection-count reduction	decoded	Base selector branch; collection reduction not applied.	EntitySettings/Objects/Magical_Objects!Epic!Reduce_Secondary_CD.entity.ot.EntitySettingsResource.gen	EntitySettings\Objects\Magical_Objects_Model.entity.ot.EntitySettingsResource.gen@0x593f	EntitySettings\Objects\Magical_Objects_Model.entity.ot.EntitySettingsResource.gen@0x593f					
Epic	collection bonus	Raven Beak	Magical_Objects.LangEN.tsv	Special_Damage_SuperEffect	234	effective_collection_threshold_formula	base_threshold - live_collection_reduction	copies	subtract(selector default: 0, unresolved)	Live collection-reduction modifier listener	symbolic	The exact subtraction operand graph is preserved. Live reduction listener amount is not replaced by its zero fallback.	EntitySettings/Objects/Magical_Objects!Epic!Reduce_Secondary_CD.entity.ot.EntitySettingsResource.gen	EntitySettings\Objects\Magical_Objects_Model.entity.ot.EntitySettingsResource.gen@0x334a	EntitySettings\Objects\Magical_Objects_Model.entity.ot.EntitySettingsResource.gen@0x334a					
Epic	main effect	Thunderstone	Magical_Objects.LangEN.tsv	Secondary_Charge_Gain_Description	33	repeated_copy_stacking_rule		rule		Direct decoded setting or canonical static text; live behavior not implied	unresolved	Direct amount selector default is a one-copy tooltip preview. Add/multiply semantics, caps and rounding of equipped copies require DtMagicalObject/modifier implementation; not inferred from the preview.	EntitySettings/Objects/Magical_Objects!Epic!Secondary_Gain_Charge.entity.ot.EntitySettingsResource.gen	canonical text table	data/Magical_Objects.LangEN.tsv / key=Secondary_Charge_Gain_Description / index=33					
Epic	collection bonus	Thunderstone	Magical_Objects.LangEN.tsv	Special_Casts_Lighning_Strike_SuperEffect	283	collection_bonus_repeat_rule		rule		Direct decoded setting or canonical static text; live behavior not implied	unresolved	Completion threshold and bonus display do not prove whether the collection bonus repeats or is capped; runtime state semantics not decoded.	EntitySettings/Objects/Magical_Objects!Epic!Secondary_Gain_Charge.entity.ot.EntitySettingsResource.gen	canonical text table	data/Magical_Objects.LangEN.tsv / key=Special_Casts_Lighning_Strike_SuperEffect / index=283					
Epic	collection bonus	Thunderstone	Magical_Objects.LangEN.tsv	Special_Casts_Lighning_Strike_SuperEffect	283	base_collection_copy_threshold	3	copies	Epic branch literal 3	No collection-count reduction	decoded	Base selector branch; collection reduction not applied.	EntitySettings/Objects/Magical_Objects!Epic!Secondary_Gain_Charge.entity.ot.EntitySettingsResource.gen	EntitySettings\Objects\Magical_Objects_Model.entity.ot.EntitySettingsResource.gen@0x593f	EntitySettings\Objects\Magical_Objects_Model.entity.ot.EntitySettingsResource.gen@0x593f					
Epic	collection bonus	Thunderstone	Magical_Objects.LangEN.tsv	Special_Casts_Lighning_Strike_SuperEffect	283	effective_collection_threshold_formula	base_threshold - live_collection_reduction	copies	subtract(selector default: 0, unresolved)	Live collection-reduction modifier listener	symbolic	The exact subtraction operand graph is preserved. Live reduction listener amount is not replaced by its zero fallback.	EntitySettings/Objects/Magical_Objects!Epic!Secondary_Gain_Charge.entity.ot.EntitySettingsResource.gen	EntitySettings\Objects\Magical_Objects_Model.entity.ot.EntitySettingsResource.gen@0x334a	EntitySettings\Objects\Magical_Objects_Model.entity.ot.EntitySettingsResource.gen@0x334a					
Legendary	main effect	Raven Effigy	Magical_Objects.LangEN.tsv	Ability_Charge_Description	256	repeated_copy_stacking_rule		rule		Direct decoded setting or canonical static text; live behavior not implied	unresolved	Direct amount selector default is a one-copy tooltip preview. Add/multiply semantics, caps and rounding of equipped copies require DtMagicalObject/modifier implementation; not inferred from the preview.	EntitySettings/Objects/Magical_Objects!Legendary!All_Abilities_Gain_Charge.entity.ot.EntitySettingsResource.gen	canonical text table	data/Magical_Objects.LangEN.tsv / key=Ability_Charge_Description / index=256					
Legendary	main effect	Water of Life	Magical_Objects.LangEN.tsv	Avoid_Death_Once_Per_Chapter _Description	307	repeated_copy_stacking_rule		rule		Direct decoded setting or canonical static text; live behavior not implied	unresolved	Direct amount selector default is a one-copy tooltip preview. Add/multiply semantics, caps and rounding of equipped copies require DtMagicalObject/modifier implementation; not inferred from the preview.	EntitySettings/Objects/Magical_Objects!Legendary!Avoid_Death_Once_Per_Chapter.entity.ot.EntitySettingsResource.gen	canonical text table	data/Magical_Objects.LangEN.tsv / key=Avoid_Death_Once_Per_Chapter _Description / index=307					
Legendary	main effect	Golden Coat of Chainmail	Magical_Objects.LangEN.tsv	Clamp_High_Damage_Description	136	repeated_copy_stacking_rule		rule		Direct decoded setting or canonical static text; live behavior not implied	unresolved	Direct amount selector default is a one-copy tooltip preview. Add/multiply semantics, caps and rounding of equipped copies require DtMagicalObject/modifier implementation; not inferred from the preview.	EntitySettings/Objects/Magical_Objects!Legendary!Clamp_High_Damage.entity.ot.EntitySettingsResource.gen	canonical text table	data/Magical_Objects.LangEN.tsv / key=Clamp_High_Damage_Description / index=136					
Legendary	main effect	Seven-league Boots	Magical_Objects.LangEN.tsv	Clear_Dash_Cooldown_On_Defense_Description	144	repeated_copy_stacking_rule		rule		Direct decoded setting or canonical static text; live behavior not implied	unresolved	Direct amount selector default is a one-copy tooltip preview. Add/multiply semantics, caps and rounding of equipped copies require DtMagicalObject/modifier implementation; not inferred from the preview.	EntitySettings/Objects/Magical_Objects!Legendary!Clear_Dash_Cooldown_On_Defense.entity.ot.EntitySettingsResource.gen	canonical text table	data/Magical_Objects.LangEN.tsv / key=Clear_Dash_Cooldown_On_Defense_Description / index=144					
Legendary	main effect	Excalibur	Magical_Objects.LangEN.tsv	Damage_Per_Legendary_Object_Description	138	repeated_copy_stacking_rule		rule		Direct decoded setting or canonical static text; live behavior not implied	unresolved	Direct amount selector default is a one-copy tooltip preview. Add/multiply semantics, caps and rounding of equipped copies require DtMagicalObject/modifier implementation; not inferred from the preview.	EntitySettings/Objects/Magical_Objects!Legendary!Damage_Per_Legendary_Skill.entity.ot.EntitySettingsResource.gen	canonical text table	data/Magical_Objects.LangEN.tsv / key=Damage_Per_Legendary_Object_Description / index=138					
Legendary	main effect	Ring of Dispel	Magical_Objects.LangEN.tsv	Dash_Vulnerable_Description	258	repeated_copy_stacking_rule		rule		Direct decoded setting or canonical static text; live behavior not implied	unresolved	Direct amount selector default is a one-copy tooltip preview. Add/multiply semantics, caps and rounding of equipped copies require DtMagicalObject/modifier implementation; not inferred from the preview.	EntitySettings/Objects/Magical_Objects!Legendary!Dash_Apply_Vulnerable.entity.ot.EntitySettingsResource.gen	canonical text table	data/Magical_Objects.LangEN.tsv / key=Dash_Vulnerable_Description / index=258					
Legendary	main effect	Swan Cloak	Magical_Objects.LangEN.tsv	Dash_Heal_For_Damage_Taken_Description	120	repeated_copy_stacking_rule		rule		Direct decoded setting or canonical static text; live behavior not implied	unresolved	Direct amount selector default is a one-copy tooltip preview. Add/multiply semantics, caps and rounding of equipped copies require DtMagicalObject/modifier implementation; not inferred from the preview.	EntitySettings/Objects/Magical_Objects!Legendary!Dash_Heal_For_Damage_Taken.entity.ot.EntitySettingsResource.gen	canonical text table	data/Magical_Objects.LangEN.tsv / key=Dash_Heal_For_Damage_Taken_Description / index=120					
Legendary	main effect	Holy Grail	Magical_Objects.LangEN.tsv	Defense_Heal_Nearby_Description	264	repeated_copy_stacking_rule		rule		Direct decoded setting or canonical static text; live behavior not implied	unresolved	Direct amount selector default is a one-copy tooltip preview. Add/multiply semantics, caps and rounding of equipped copies require DtMagicalObject/modifier implementation; not inferred from the preview.	EntitySettings/Objects/Magical_Objects!Legendary!Defense_Heal.entity.ot.EntitySettingsResource.gen	canonical text table	data/Magical_Objects.LangEN.tsv / key=Defense_Heal_Nearby_Description / index=264					
Legendary	main effect	Tamatebako	Magical_Objects.LangEN.tsv	Extra_MO_Choice_And_Reroll_Description	254	repeated_copy_stacking_rule		rule		Direct decoded setting or canonical static text; live behavior not implied	unresolved	Direct amount selector default is a one-copy tooltip preview. Add/multiply semantics, caps and rounding of equipped copies require DtMagicalObject/modifier implementation; not inferred from the preview.	EntitySettings/Objects/Magical_Objects!Legendary!Extra_MO_Choice.entity.ot.EntitySettingsResource.gen	canonical text table	data/Magical_Objects.LangEN.tsv / key=Extra_MO_Choice_And_Reroll_Description / index=254					
Legendary	main effect	Vorpal Blade	Magical_Objects.LangEN.tsv	Kill_Low_Life_Enemies_Description	158	repeated_copy_stacking_rule		rule		Direct decoded setting or canonical static text; live behavior not implied	unresolved	Direct amount selector default is a one-copy tooltip preview. Add/multiply semantics, caps and rounding of equipped copies require DtMagicalObject/modifier implementation; not inferred from the preview.	EntitySettings/Objects/Magical_Objects!Legendary!Kill_Low_Life_Enemies.entity.ot.EntitySettingsResource.gen	canonical text table	data/Magical_Objects.LangEN.tsv / key=Kill_Low_Life_Enemies_Description / index=158					
Legendary	main effect	Father Time's Hourglass	Magical_Objects.LangEN.tsv	Reduce_All_Abilities_CD_Description	306	repeated_copy_stacking_rule		rule		Direct decoded setting or canonical static text; live behavior not implied	unresolved	Direct amount selector default is a one-copy tooltip preview. Add/multiply semantics, caps and rounding of equipped copies require DtMagicalObject/modifier implementation; not inferred from the preview.	EntitySettings/Objects/Magical_Objects!Legendary!Reduce_All_Abilities_CD.entity.ot.EntitySettingsResource.gen	canonical text table	data/Magical_Objects.LangEN.tsv / key=Reduce_All_Abilities_CD_Description / index=306					
Legendary	main effect	Nibelungen Ring	Magical_Objects.LangEN.tsv	Ultimate_Charge_Gain_Description	37	repeated_copy_stacking_rule		rule		Direct decoded setting or canonical static text; live behavior not implied	unresolved	Direct amount selector default is a one-copy tooltip preview. Add/multiply semantics, caps and rounding of equipped copies require DtMagicalObject/modifier implementation; not inferred from the preview.	EntitySettings/Objects/Magical_Objects!Legendary!Ultimate_Gain_Charge.entity.ot.EntitySettingsResource.gen	canonical text table	data/Magical_Objects.LangEN.tsv / key=Ultimate_Charge_Gain_Description / index=37					
Legendary	main effect	Sun Crown	Magical_Objects.LangEN.tsv	Upgrade_All_Talents_Once _Description	309	repeated_copy_stacking_rule		rule		Direct decoded setting or canonical static text; live behavior not implied	unresolved	Direct amount selector default is a one-copy tooltip preview. Add/multiply semantics, caps and rounding of equipped copies require DtMagicalObject/modifier implementation; not inferred from the preview.	EntitySettings/Objects/Magical_Objects!Legendary!Upgrade_All_Talents_Once.entity.ot.EntitySettingsResource.gen	canonical text table	data/Magical_Objects.LangEN.tsv / key=Upgrade_All_Talents_Once _Description / index=309					
Legendary	main effect	Philosopher's Stone	Magical_Objects.LangEN.tsv	Vitality_Per_Health_Globe_Description	146	repeated_copy_stacking_rule		rule		Direct decoded setting or canonical static text; live behavior not implied	unresolved	Direct amount selector default is a one-copy tooltip preview. Add/multiply semantics, caps and rounding of equipped copies require DtMagicalObject/modifier implementation; not inferred from the preview.	EntitySettings/Objects/Magical_Objects!Legendary!Vitality_Per_Health_Globe.entity.ot.EntitySettingsResource.gen	canonical text table	data/Magical_Objects.LangEN.tsv / key=Vitality_Per_Health_Globe_Description / index=146					
Cursed	main effect	Balor's Eye	Magical_Objects.LangEN.tsv	Charge_To_Damage_Description	273	repeated_copy_stacking_rule		rule		Direct decoded setting or canonical static text; live behavior not implied	unresolved	Direct amount selector default is a one-copy tooltip preview. Add/multiply semantics, caps and rounding of equipped copies require DtMagicalObject/modifier implementation; not inferred from the preview.	EntitySettings/Objects/Magical_Objects!Cursed!Charge_To_Damage.entity.ot.EntitySettingsResource.gen	canonical text table	data/Magical_Objects.LangEN.tsv / key=Charge_To_Damage_Description / index=273					
Cursed	main effect	Bloody Mary’s Mirror	Magical_Objects.LangEN.tsv	Convert_Vitality_Into_Damage_Description	296	repeated_copy_stacking_rule		rule		Direct decoded setting or canonical static text; live behavior not implied	unresolved	Direct amount selector default is a one-copy tooltip preview. Add/multiply semantics, caps and rounding of equipped copies require DtMagicalObject/modifier implementation; not inferred from the preview.	EntitySettings/Objects/Magical_Objects!Cursed!Convert_Vitality_Into_AP.entity.ot.EntitySettingsResource.gen	canonical text table	data/Magical_Objects.LangEN.tsv / key=Convert_Vitality_Into_Damage_Description / index=296					
Cursed	main effect	Nightmare Thorn	Magical_Objects.LangEN.tsv	Curse_Increase_Power_Damage_And_Cooldown_Description	116	repeated_copy_stacking_rule		rule		Direct decoded setting or canonical static text; live behavior not implied	unresolved	Direct amount selector default is a one-copy tooltip preview. Add/multiply semantics, caps and rounding of equipped copies require DtMagicalObject/modifier implementation; not inferred from the preview.	EntitySettings/Objects/Magical_Objects!Cursed!Curse_Increase_Power_Damage_And_Cooldown.entity.ot.EntitySettingsResource.gen	canonical text table	data/Magical_Objects.LangEN.tsv / key=Curse_Increase_Power_Damage_And_Cooldown_Description / index=116					
Cursed	main effect	Nightmare Ichor	Magical_Objects.LangEN.tsv	Curse_Increase_Special_Damage_And_Cooldown_Description	118	repeated_copy_stacking_rule		rule		Direct decoded setting or canonical static text; live behavior not implied	unresolved	Direct amount selector default is a one-copy tooltip preview. Add/multiply semantics, caps and rounding of equipped copies require DtMagicalObject/modifier implementation; not inferred from the preview.	EntitySettings/Objects/Magical_Objects!Cursed!Curse_Increase_Special_Damage_And_Cooldown.entity.ot.EntitySettingsResource.gen	canonical text table	data/Magical_Objects.LangEN.tsv / key=Curse_Increase_Special_Damage_And_Cooldown_Description / index=118					
Cursed	main effect	Black Lotus	Magical_Objects.LangEN.tsv	Curse_Life_On_Hit_Description	156	repeated_copy_stacking_rule		rule		Direct decoded setting or canonical static text; live behavior not implied	unresolved	Direct amount selector default is a one-copy tooltip preview. Add/multiply semantics, caps and rounding of equipped copies require DtMagicalObject/modifier implementation; not inferred from the preview.	EntitySettings/Objects/Magical_Objects!Cursed!Curse_Life_On_Hit.entity.ot.EntitySettingsResource.gen	canonical text table	data/Magical_Objects.LangEN.tsv / key=Curse_Life_On_Hit_Description / index=156					
Cursed	main effect	Mad Hat	Magical_Objects.LangEN.tsv	Curse_Lose_Life_Gain_Damage_Description	312	repeated_copy_stacking_rule		rule		Direct decoded setting or canonical static text; live behavior not implied	unresolved	Direct amount selector default is a one-copy tooltip preview. Add/multiply semantics, caps and rounding of equipped copies require DtMagicalObject/modifier implementation; not inferred from the preview.	EntitySettings/Objects/Magical_Objects!Cursed!Curse_Lose_Life_Gain_Damage.entity.ot.EntitySettingsResource.gen	canonical text table	data/Magical_Objects.LangEN.tsv / key=Curse_Lose_Life_Gain_Damage_Description / index=312					
Cursed	main effect	Devil's Pocket	Magical_Objects.LangEN.tsv	Stack_Shards_Description	311	repeated_copy_stacking_rule		rule		Direct decoded setting or canonical static text; live behavior not implied	unresolved	Direct amount selector default is a one-copy tooltip preview. Add/multiply semantics, caps and rounding of equipped copies require DtMagicalObject/modifier implementation; not inferred from the preview.	EntitySettings/Objects/Magical_Objects!Cursed!Curse_Stack_Shard_Quest.entity.ot.EntitySettingsResource.gen	canonical text table	data/Magical_Objects.LangEN.tsv / key=Stack_Shards_Description / index=311					
Cursed	main effect	Oni Mask	Magical_Objects.LangEN.tsv	Curse_Damage_Minus_Leg_Vitality_Description	266	repeated_copy_stacking_rule		rule		Direct decoded setting or canonical static text; live behavior not implied	unresolved	Direct amount selector default is a one-copy tooltip preview. Add/multiply semantics, caps and rounding of equipped copies require DtMagicalObject/modifier implementation; not inferred from the preview.	EntitySettings/Objects/Magical_Objects!Cursed!Damage_Per_Cursed_Over_Legendary.entity.ot.EntitySettingsResource.gen	canonical text table	data/Magical_Objects.LangEN.tsv / key=Curse_Damage_Minus_Leg_Vitality_Description / index=266					
Cursed	main effect	Witch's Broom	Magical_Objects.LangEN.tsv	Dash_Intangible_Description	174	repeated_copy_stacking_rule		rule		Direct decoded setting or canonical static text; live behavior not implied	unresolved	Direct amount selector default is a one-copy tooltip preview. Add/multiply semantics, caps and rounding of equipped copies require DtMagicalObject/modifier implementation; not inferred from the preview.	EntitySettings/Objects/Magical_Objects!Cursed!Dash_Intangible.entity.ot.EntitySettingsResource.gen	canonical text table	data/Magical_Objects.LangEN.tsv / key=Dash_Intangible_Description / index=174					
Cursed	main effect	Baba Yaga's Mortar	Magical_Objects.LangEN.tsv	Destroy_Legendary_To_Damage_Description	316	repeated_copy_stacking_rule		rule		Direct decoded setting or canonical static text; live behavior not implied	unresolved	Direct amount selector default is a one-copy tooltip preview. Add/multiply semantics, caps and rounding of equipped copies require DtMagicalObject/modifier implementation; not inferred from the preview.	EntitySettings/Objects/Magical_Objects!Cursed!Destroy_Legendary_To_Damage.entity.ot.EntitySettingsResource.gen	canonical text table	data/Magical_Objects.LangEN.tsv / key=Destroy_Legendary_To_Damage_Description / index=316					
Cursed	main effect	Hope Diamond	Magical_Objects.LangEN.tsv	Double_Shard_Description	152	repeated_copy_stacking_rule		rule		Direct decoded setting or canonical static text; live behavior not implied	unresolved	Direct amount selector default is a one-copy tooltip preview. Add/multiply semantics, caps and rounding of equipped copies require DtMagicalObject/modifier implementation; not inferred from the preview.	EntitySettings/Objects/Magical_Objects!Cursed!Double_Shard.entity.ot.EntitySettingsResource.gen	canonical text table	data/Magical_Objects.LangEN.tsv / key=Double_Shard_Description / index=152					
Cursed	main effect	Cauldron of Dyrnwch	Magical_Objects.LangEN.tsv	Increase_Vitality_Decrease_Heal_Description	279	repeated_copy_stacking_rule		rule		Direct decoded setting or canonical static text; live behavior not implied	unresolved	Direct amount selector default is a one-copy tooltip preview. Add/multiply semantics, caps and rounding of equipped copies require DtMagicalObject/modifier implementation; not inferred from the preview.	EntitySettings/Objects/Magical_Objects!Cursed!Increase_Vitality_Reduce_Crit_Chance.entity.ot.EntitySettingsResource.gen	canonical text table	data/Magical_Objects.LangEN.tsv / key=Increase_Vitality_Decrease_Heal_Description / index=279					
Cursed	main effect	Fast-walker Boots	Magical_Objects.LangEN.tsv	Move_Speed_Description	275	repeated_copy_stacking_rule		rule		Direct decoded setting or canonical static text; live behavior not implied	unresolved	Direct amount selector default is a one-copy tooltip preview. Add/multiply semantics, caps and rounding of equipped copies require DtMagicalObject/modifier implementation; not inferred from the preview.	EntitySettings/Objects/Magical_Objects!Cursed!Move_Speed_Reduced_Armor.entity.ot.EntitySettingsResource.gen	canonical text table	data/Magical_Objects.LangEN.tsv / key=Move_Speed_Description / index=275					
Cursed	main effect	Hungry Grass	Magical_Objects.LangEN.tsv	Temp_Dmg_Per_Health_Globe_Description	278	repeated_copy_stacking_rule		rule		Direct decoded setting or canonical static text; live behavior not implied	unresolved	Direct amount selector default is a one-copy tooltip preview. Add/multiply semantics, caps and rounding of equipped copies require DtMagicalObject/modifier implementation; not inferred from the preview.	EntitySettings/Objects/Magical_Objects!Cursed!Temp_Dmg_Per_Health_Globe.entity.ot.EntitySettingsResource.gen	canonical text table	data/Magical_Objects.LangEN.tsv / key=Temp_Dmg_Per_Health_Globe_Description / index=278					
Common	main effect	Dreamcatcher	Magical_Objects.LangEN.tsv	Reduce_All_DS_Price_Description	302	configured_reduction_coefficient	10.0	percent	100 * 0.10000000149011612	Direct decoded setting or canonical static text; live behavior not implied	decoded	Exact literal setting; unresolved operation operand binding remains separately unresolved. This is not asserted to be an equipped stacked total.	EntitySettings/Objects/Magical_Objects!Common!Reduce_All_DS_Price.entity.ot.EntitySettingsResource.gen	EntitySettings\Objects\Magical_Objects!Common!Reduce_All_DS_Price.entity.ot.EntitySettingsResource.gen@0x1889	EntitySettings\Objects\Magical_Objects!Common!Reduce_All_DS_Price.entity.ot.EntitySettingsResource.gen@0x1889					
Epic	main effect	Raven Eye	Magical_Objects.LangEN.tsv	Reduce_Ultimate_CD_Description	106	configured_reduction_coefficient	25.0	percent	100 * 0.25	Direct decoded setting or canonical static text; live behavior not implied	decoded	Exact literal setting; unresolved operation operand binding remains separately unresolved. This is not asserted to be an equipped stacked total.	EntitySettings/Objects/Magical_Objects!Epic!Reduce_CD_And_Buff_Ultimate.entity.ot.EntitySettingsResource.gen	EntitySettings\Objects\Magical_Objects!Epic!Reduce_CD_And_Buff_Ultimate.entity.ot.EntitySettingsResource.gen@0xe99	EntitySettings\Objects\Magical_Objects!Epic!Reduce_CD_And_Buff_Ultimate.entity.ot.EntitySettingsResource.gen@0xe99					
Epic	main effect	Raven Wing	Magical_Objects.LangEN.tsv	Reduce_Dash_CD_Description	114	configured_reduction_coefficient	25.0	percent	100 * 0.25	Direct decoded setting or canonical static text; live behavior not implied	decoded	Exact literal setting; unresolved operation operand binding remains separately unresolved. This is not asserted to be an equipped stacked total.	EntitySettings/Objects/Magical_Objects!Epic!Reduce_Dash_CD.entity.ot.EntitySettingsResource.gen	EntitySettings\Objects\Magical_Objects!Epic!Reduce_Dash_CD.entity.ot.EntitySettingsResource.gen@0xe10	EntitySettings\Objects\Magical_Objects!Epic!Reduce_Dash_CD.entity.ot.EntitySettingsResource.gen@0xe10					
Epic	main effect	Raven Skull	Magical_Objects.LangEN.tsv	Reduce_Defense_CD_Description	112	configured_reduction_coefficient	25.0	percent	100 * 0.25	Direct decoded setting or canonical static text; live behavior not implied	decoded	Exact literal setting; unresolved operation operand binding remains separately unresolved. This is not asserted to be an equipped stacked total.	EntitySettings/Objects/Magical_Objects!Epic!Reduce_Defensive_CD.entity.ot.EntitySettingsResource.gen	EntitySettings\Objects\Magical_Objects!Epic!Reduce_Defensive_CD.entity.ot.EntitySettingsResource.gen@0x1062	EntitySettings\Objects\Magical_Objects!Epic!Reduce_Defensive_CD.entity.ot.EntitySettingsResource.gen@0x1062					
Epic	main effect	Raven Claw	Magical_Objects.LangEN.tsv	Reduce_Power_CD_Description	108	configured_reduction_coefficient	25.0	percent	100 * 0.25	Direct decoded setting or canonical static text; live behavior not implied	decoded	Exact literal setting; unresolved operation operand binding remains separately unresolved. This is not asserted to be an equipped stacked total.	EntitySettings/Objects/Magical_Objects!Epic!Reduce_Primary_CD.entity.ot.EntitySettingsResource.gen	EntitySettings\Objects\Magical_Objects!Epic!Reduce_Primary_CD.entity.ot.EntitySettingsResource.gen@0xe1b	EntitySettings\Objects\Magical_Objects!Epic!Reduce_Primary_CD.entity.ot.EntitySettingsResource.gen@0xe1b					
Epic	main effect	Raven Beak	Magical_Objects.LangEN.tsv	Reduce_Special_CD_Description	110	configured_reduction_coefficient	25.0	percent	100 * 0.25	Direct decoded setting or canonical static text; live behavior not implied	decoded	Exact literal setting; unresolved operation operand binding remains separately unresolved. This is not asserted to be an equipped stacked total.	EntitySettings/Objects/Magical_Objects!Epic!Reduce_Secondary_CD.entity.ot.EntitySettingsResource.gen	EntitySettings\Objects\Magical_Objects!Epic!Reduce_Secondary_CD.entity.ot.EntitySettingsResource.gen@0xe2f	EntitySettings\Objects\Magical_Objects!Epic!Reduce_Secondary_CD.entity.ot.EntitySettingsResource.gen@0xe2f					
Common	main effect	Green Armor	Magical_Objects.LangEN.tsv	Armor_Per_Object_Description	243	common_rare_counting_and_self_inclusion		rule		Direct decoded setting or canonical static text; live behavior not implied	unresolved	common_rare_counting_and_self_inclusion: canonical effect text retained. The owning settings component graph is not sufficient to prove this implementation/counting/cap/condition: runtime modifier/listener/tester properties and gameplay-code behavior are not evaluated. No inferred rule or numeric fallback.	EntitySettings/Objects/Magical_Objects!Common!Armor_Per_Object.entity.ot.EntitySettingsResource.gen	canonical text table	data/Magical_Objects.LangEN.tsv / key=Armor_Per_Object_Description / index=243					
Common	main effect	Ogre Blood	Magical_Objects.LangEN.tsv	Damage_Per_Vitality_Description	162	vitality_increment_rounding		rule		Direct decoded setting or canonical static text; live behavior not implied	unresolved	vitality_increment_rounding: canonical effect text retained. The owning settings component graph is not sufficient to prove this implementation/counting/cap/condition: runtime modifier/listener/tester properties and gameplay-code behavior are not evaluated. No inferred rule or numeric fallback.	EntitySettings/Objects/Magical_Objects!Common!Damage_Per_Vitality.entity.ot.EntitySettingsResource.gen	canonical text table	data/Magical_Objects.LangEN.tsv / key=Damage_Per_Vitality_Description / index=162					
Common	main effect	Moonstone	Magical_Objects.LangEN.tsv	Defense_To_Damage_Description	319	qualifying_defense_reference_counting		rule		Direct decoded setting or canonical static text; live behavior not implied	unresolved	qualifying_defense_reference_counting: canonical effect text retained. The owning settings component graph is not sufficient to prove this implementation/counting/cap/condition: runtime modifier/listener/tester properties and gameplay-code behavior are not evaluated. No inferred rule or numeric fallback.	EntitySettings/Objects/Magical_Objects!Common!Defense_To_Damage.entity.ot.EntitySettingsResource.gen	canonical text table	data/Magical_Objects.LangEN.tsv / key=Defense_To_Damage_Description / index=319					
Rare	main effect	Golden Egg	Magical_Objects.LangEN.tsv	Dream_Shards_To_Damage_Description	246	spend_accumulation_and_rounding		rule		Direct decoded setting or canonical static text; live behavior not implied	unresolved	spend_accumulation_and_rounding: canonical effect text retained. The owning settings component graph is not sufficient to prove this implementation/counting/cap/condition: runtime modifier/listener/tester properties and gameplay-code behavior are not evaluated. No inferred rule or numeric fallback.	EntitySettings/Objects/Magical_Objects!Rare!AP_For_Dream_Shards_Stack.entity.ot.EntitySettingsResource.gen	canonical text table	data/Magical_Objects.LangEN.tsv / key=Dream_Shards_To_Damage_Description / index=246					
Rare	main effect	Cryptic Prophecy	Magical_Objects.LangEN.tsv	Collection_To_Damage_Description	314	collection_counting_rule		rule		Direct decoded setting or canonical static text; live behavior not implied	unresolved	collection_counting_rule: canonical effect text retained. The owning settings component graph is not sufficient to prove this implementation/counting/cap/condition: runtime modifier/listener/tester properties and gameplay-code behavior are not evaluated. No inferred rule or numeric fallback.	EntitySettings/Objects/Magical_Objects!Rare!Collection_To_Damage.entity.ot.EntitySettingsResource.gen	canonical text table	data/Magical_Objects.LangEN.tsv / key=Collection_To_Damage_Description / index=314					
Rare	main effect	Vajra	Magical_Objects.LangEN.tsv	Dash_Deal_Damage_Description	172	linked_lightning_damage		damage		Direct decoded setting or canonical static text; live behavior not implied	unresolved	linked_lightning_damage: canonical effect text retained. The owning settings component graph is not sufficient to prove this implementation/counting/cap/condition: runtime modifier/listener/tester properties and gameplay-code behavior are not evaluated. No inferred rule or numeric fallback.	EntitySettings/Objects/Magical_Objects!Rare!Dash_Deal_Damage.entity.ot.EntitySettingsResource.gen	canonical text table	data/Magical_Objects.LangEN.tsv / key=Dash_Deal_Damage_Description / index=172					
Rare	main effect	Dragon Hide	Magical_Objects.LangEN.tsv	Gain_Armor_From_Talents_Rarity_Description	304	talent_rarity_counting_rule		rule		Direct decoded setting or canonical static text; live behavior not implied	unresolved	talent_rarity_counting_rule: canonical effect text retained. The owning settings component graph is not sufficient to prove this implementation/counting/cap/condition: runtime modifier/listener/tester properties and gameplay-code behavior are not evaluated. No inferred rule or numeric fallback.	EntitySettings/Objects/Magical_Objects!Rare!Gain_Armor_From_Talents_Rarity.entity.ot.EntitySettingsResource.gen	canonical text table	data/Magical_Objects.LangEN.tsv / key=Gain_Armor_From_Talents_Rarity_Description / index=304					
Rare	main effect	Unicorn Horn	Magical_Objects.LangEN.tsv	Regeneration_On_Low_Life_Description	19	critical_health_threshold		percent		Direct decoded setting or canonical static text; live behavior not implied	unresolved	critical_health_threshold: canonical effect text retained. The owning settings component graph is not sufficient to prove this implementation/counting/cap/condition: runtime modifier/listener/tester properties and gameplay-code behavior are not evaluated. No inferred rule or numeric fallback.	EntitySettings/Objects/Magical_Objects!Rare!Gain_Regeneration_On_Low_Life.entity.ot.EntitySettingsResource.gen	canonical text table	data/Magical_Objects.LangEN.tsv / key=Regeneration_On_Low_Life_Description / index=19					
Epic	main effect	Joker Card	Magical_Objects.LangEN.tsv	Copy_Cards_Description	322	owned_card_copying_and_type_count_rule		rule		Direct decoded setting or canonical static text; live behavior not implied	unresolved	owned_card_copying_and_type_count_rule: canonical effect text retained. The owning settings component graph is not sufficient to prove this implementation/counting/cap/condition: runtime modifier/listener/tester properties and gameplay-code behavior are not evaluated. No inferred rule or numeric fallback.	EntitySettings/Objects/Magical_Objects!Epic!Copy_Card.entity.ot.EntitySettingsResource.gen	canonical text table	data/Magical_Objects.LangEN.tsv / key=Copy_Cards_Description / index=322					
Epic	main effect	Adder Stone	Magical_Objects.LangEN.tsv	Defensive_Charge_Gain_Description	35	movement_bonus_decay_curve		rule		Direct decoded setting or canonical static text; live behavior not implied	unresolved	movement_bonus_decay_curve: canonical effect text retained. The owning settings component graph is not sufficient to prove this implementation/counting/cap/condition: runtime modifier/listener/tester properties and gameplay-code behavior are not evaluated. No inferred rule or numeric fallback.	EntitySettings/Objects/Magical_Objects!Epic!Defensive_Gain_Charge.entity.ot.EntitySettingsResource.gen	canonical text table	data/Magical_Objects.LangEN.tsv / key=Defensive_Charge_Gain_Description / index=35					
Epic	main effect	Flaming Pearl	Magical_Objects.LangEN.tsv	Primary_Charge_Gain_Description	31	qualifying_negative_status_counting		rule		Direct decoded setting or canonical static text; live behavior not implied	unresolved	qualifying_negative_status_counting: canonical effect text retained. The owning settings component graph is not sufficient to prove this implementation/counting/cap/condition: runtime modifier/listener/tester properties and gameplay-code behavior are not evaluated. No inferred rule or numeric fallback.	EntitySettings/Objects/Magical_Objects!Epic!Primary_Gain_Charge.entity.ot.EntitySettingsResource.gen	canonical text table	data/Magical_Objects.LangEN.tsv / key=Primary_Charge_Gain_Description / index=31					
Epic	main effect	Thunderstone	Magical_Objects.LangEN.tsv	Secondary_Charge_Gain_Description	33	linked_lightning_damage		damage		Direct decoded setting or canonical static text; live behavior not implied	unresolved	linked_lightning_damage: canonical effect text retained. The owning settings component graph is not sufficient to prove this implementation/counting/cap/condition: runtime modifier/listener/tester properties and gameplay-code behavior are not evaluated. No inferred rule or numeric fallback.	EntitySettings/Objects/Magical_Objects!Epic!Secondary_Gain_Charge.entity.ot.EntitySettingsResource.gen	canonical text table	data/Magical_Objects.LangEN.tsv / key=Secondary_Charge_Gain_Description / index=33					
Legendary	main effect	Excalibur	Magical_Objects.LangEN.tsv	Damage_Per_Legendary_Object_Description	138	legendary_talent_counting_rule		rule		Direct decoded setting or canonical static text; live behavior not implied	unresolved	legendary_talent_counting_rule: canonical effect text retained. The owning settings component graph is not sufficient to prove this implementation/counting/cap/condition: runtime modifier/listener/tester properties and gameplay-code behavior are not evaluated. No inferred rule or numeric fallback.	EntitySettings/Objects/Magical_Objects!Legendary!Damage_Per_Legendary_Skill.entity.ot.EntitySettingsResource.gen	canonical text table	data/Magical_Objects.LangEN.tsv / key=Damage_Per_Legendary_Object_Description / index=138					
Legendary	main effect	Sun Crown	Magical_Objects.LangEN.tsv	Upgrade_All_Talents_Once _Description	309	rarity_tier_increase		tiers		Direct decoded setting or canonical static text; live behavior not implied	unresolved	rarity_tier_increase: canonical effect text retained. The owning settings component graph is not sufficient to prove this implementation/counting/cap/condition: runtime modifier/listener/tester properties and gameplay-code behavior are not evaluated. No inferred rule or numeric fallback.	EntitySettings/Objects/Magical_Objects!Legendary!Upgrade_All_Talents_Once.entity.ot.EntitySettingsResource.gen	canonical text table	data/Magical_Objects.LangEN.tsv / key=Upgrade_All_Talents_Once _Description / index=309					
Legendary	main effect	Sun Crown	Magical_Objects.LangEN.tsv	Upgrade_All_Talents_Once _Description	309	rarity_upgrade_cap		tiers		Direct decoded setting or canonical static text; live behavior not implied	unresolved	rarity_upgrade_cap: canonical effect text retained. The owning settings component graph is not sufficient to prove this implementation/counting/cap/condition: runtime modifier/listener/tester properties and gameplay-code behavior are not evaluated. No inferred rule or numeric fallback.	EntitySettings/Objects/Magical_Objects!Legendary!Upgrade_All_Talents_Once.entity.ot.EntitySettingsResource.gen	canonical text table	data/Magical_Objects.LangEN.tsv / key=Upgrade_All_Talents_Once _Description / index=309					
Legendary	main effect	Philosopher's Stone	Magical_Objects.LangEN.tsv	Vitality_Per_Health_Globe_Description	146	orb_accumulation_rule		rule		Direct decoded setting or canonical static text; live behavior not implied	unresolved	orb_accumulation_rule: canonical effect text retained. The owning settings component graph is not sufficient to prove this implementation/counting/cap/condition: runtime modifier/listener/tester properties and gameplay-code behavior are not evaluated. No inferred rule or numeric fallback.	EntitySettings/Objects/Magical_Objects!Legendary!Vitality_Per_Health_Globe.entity.ot.EntitySettingsResource.gen	canonical text table	data/Magical_Objects.LangEN.tsv / key=Vitality_Per_Health_Globe_Description / index=146					
Cursed	main effect	Oni Mask	Magical_Objects.LangEN.tsv	Curse_Damage_Minus_Leg_Vitality_Description	266	cursed_legendary_counting_and_self_inclusion		rule		Direct decoded setting or canonical static text; live behavior not implied	unresolved	cursed_legendary_counting_and_self_inclusion: canonical effect text retained. The owning settings component graph is not sufficient to prove this implementation/counting/cap/condition: runtime modifier/listener/tester properties and gameplay-code behavior are not evaluated. No inferred rule or numeric fallback.	EntitySettings/Objects/Magical_Objects!Cursed!Damage_Per_Cursed_Over_Legendary.entity.ot.EntitySettingsResource.gen	canonical text table	data/Magical_Objects.LangEN.tsv / key=Curse_Damage_Minus_Leg_Vitality_Description / index=266					
Cursed	main effect	Baba Yaga's Mortar	Magical_Objects.LangEN.tsv	Destroy_Legendary_To_Damage_Description	316	destroyed_object_accumulation_rule		rule		Direct decoded setting or canonical static text; live behavior not implied	unresolved	destroyed_object_accumulation_rule: canonical effect text retained. The owning settings component graph is not sufficient to prove this implementation/counting/cap/condition: runtime modifier/listener/tester properties and gameplay-code behavior are not evaluated. No inferred rule or numeric fallback.	EntitySettings/Objects/Magical_Objects!Cursed!Destroy_Legendary_To_Damage.entity.ot.EntitySettingsResource.gen	canonical text table	data/Magical_Objects.LangEN.tsv / key=Destroy_Legendary_To_Damage_Description / index=316					
Cursed	main effect	Hungry Grass	Magical_Objects.LangEN.tsv	Temp_Dmg_Per_Health_Globe_Description	278	orb_accumulation_and_loss_rule		rule		Direct decoded setting or canonical static text; live behavior not implied	unresolved	orb_accumulation_and_loss_rule: canonical effect text retained. The owning settings component graph is not sufficient to prove this implementation/counting/cap/condition: runtime modifier/listener/tester properties and gameplay-code behavior are not evaluated. No inferred rule or numeric fallback.	EntitySettings/Objects/Magical_Objects!Cursed!Temp_Dmg_Per_Health_Globe.entity.ot.EntitySettingsResource.gen	canonical text table	data/Magical_Objects.LangEN.tsv / key=Temp_Dmg_Per_Health_Globe_Description / index=278					
