# source_table	Mechanics numerical values
# rows	240
# snapshot_id	2026-10-06-values
# status	Decoded values with the 2026-10-06 maintainer check merged in (see VALUES.md). Row statuses: decoded-baseline 58; existing-table 64; static-text 5; unresolved 113. No row in this table was checked in game.
# baseline	Compendium level 1 figures: character damage 10, healing 10, no talents, no Magical Objects.
# source_version	unconfirmed; source SHA-256 in mechanics evidence
section	form_or_condition	name	text_table	text_key	source_row_index	field	value	unit	formula	baseline	status	notes	source_path	source_property	reference_chain	check_id	checked_value	checked_value_source	maintainer_check	check_note
Drops / Chests	Decoded concrete T1 owner; inherited T1 values where stated	Storm Island Basic Chest T1	none	none	none	common_drop_chance	70	percent	0.7 * 100	Only the stated decoded owner/default and condition; active-version selection unconfirmed	decoded-baseline	Concrete child path: EntitySettings/Storm_Island/Objects_Storm_Island!Storm_Island_Basic_Chest_T1.entity.ot.EntitySettingsResource.gen; child parent references: [{"offset": "0x64d", "resource": "Objects_Common\\Basic_Chest_T1.entity.ot"}]; in-game tier display/active spawn selection unresolved. Evidence ID: chest.storm1.common	EntitySettings/Objects_Common/Basic_Chest_T1.entity.ot.EntitySettingsResource.gen	Common Drop Chance	EntitySettings/Objects_Common/Basic_Chest_T1.entity.ot.EntitySettingsResource.gen -> Common Drop Chance					
Drops / Chests	Decoded concrete T1 owner; inherited T1 values where stated	Storm Island Basic Chest T1	none	none	none	rare_drop_chance	30	percent	0.3 * 100	Only the stated decoded owner/default and condition; active-version selection unconfirmed	decoded-baseline	Concrete child path: EntitySettings/Storm_Island/Objects_Storm_Island!Storm_Island_Basic_Chest_T1.entity.ot.EntitySettingsResource.gen; child parent references: [{"offset": "0x64d", "resource": "Objects_Common\\Basic_Chest_T1.entity.ot"}]; in-game tier display/active spawn selection unresolved. Evidence ID: chest.storm1.rare	EntitySettings/Objects_Common/Basic_Chest_T1.entity.ot.EntitySettingsResource.gen	Rare Drop Chance	EntitySettings/Objects_Common/Basic_Chest_T1.entity.ot.EntitySettingsResource.gen -> Rare Drop Chance					
Drops / Chests	Decoded concrete T1 owner; inherited T1 values where stated	Storm Island Basic Chest T1	none	none	none	epic_drop_chance	0	percent	0 * 100	Only the stated decoded owner/default and condition; active-version selection unconfirmed	decoded-baseline	Concrete child path: EntitySettings/Storm_Island/Objects_Storm_Island!Storm_Island_Basic_Chest_T1.entity.ot.EntitySettingsResource.gen; child parent references: [{"offset": "0x64d", "resource": "Objects_Common\\Basic_Chest_T1.entity.ot"}]; in-game tier display/active spawn selection unresolved. Evidence ID: chest.storm1.epic	EntitySettings/Objects_Common/Basic_Chest_T1.entity.ot.EntitySettingsResource.gen	Epic Drop Chance	EntitySettings/Objects_Common/Basic_Chest_T1.entity.ot.EntitySettingsResource.gen -> Epic Drop Chance					
Drops / Chests	Core	Storm Island Basic Chest T1	none	none	none	active_spawn_and_display_tier		unknown		Only the stated decoded owner/default and condition; active-version selection unconfirmed	unresolved	Concrete entity and parent established; no version-owned map spawn/display-tier chain is decoded. Evidence ID: chest.storm1.active	EntitySettings/Storm_Island/Objects_Storm_Island!Storm_Island_Basic_Chest_T1.entity.ot.EntitySettingsResource.gen		EntitySettings/Storm_Island/Objects_Storm_Island!Storm_Island_Basic_Chest_T1.entity.ot.EntitySettingsResource.gen -> 					
Drops / Chests	Decoded concrete T2 owner; inherited T1 values where stated	Storm Island Basic Chest T2	none	none	none	common_drop_chance	30	percent	0.3 * 100	Only the stated decoded owner/default and condition; active-version selection unconfirmed	decoded-baseline	Concrete child path: EntitySettings/Storm_Island/Objects_Storm_Island!Storm_Island_Basic_Chest_T2.entity.ot.EntitySettingsResource.gen; child parent references: [{"offset": "0x8b5", "resource": "Objects_Common\\Basic_Chest_T2.entity.ot"}]; in-game tier display/active spawn selection unresolved. Evidence ID: chest.storm2.common	EntitySettings/Storm_Island/Objects_Storm_Island!Storm_Island_Basic_Chest_T2.entity.ot.EntitySettingsResource.gen	Common Drop Chance	EntitySettings/Storm_Island/Objects_Storm_Island!Storm_Island_Basic_Chest_T2.entity.ot.EntitySettingsResource.gen -> Common Drop Chance					
Drops / Chests	Decoded concrete T2 owner; inherited T1 values where stated	Storm Island Basic Chest T2	none	none	none	rare_drop_chance	50	percent	0.5 * 100	Only the stated decoded owner/default and condition; active-version selection unconfirmed	decoded-baseline	Concrete child path: EntitySettings/Storm_Island/Objects_Storm_Island!Storm_Island_Basic_Chest_T2.entity.ot.EntitySettingsResource.gen; child parent references: [{"offset": "0x8b5", "resource": "Objects_Common\\Basic_Chest_T2.entity.ot"}]; in-game tier display/active spawn selection unresolved. Evidence ID: chest.storm2.rare	EntitySettings/Storm_Island/Objects_Storm_Island!Storm_Island_Basic_Chest_T2.entity.ot.EntitySettingsResource.gen	Rare Drop Chance	EntitySettings/Storm_Island/Objects_Storm_Island!Storm_Island_Basic_Chest_T2.entity.ot.EntitySettingsResource.gen -> Rare Drop Chance					
Drops / Chests	Decoded concrete T2 owner; inherited T1 values where stated	Storm Island Basic Chest T2	none	none	none	epic_drop_chance	20	percent	0.2 * 100	Only the stated decoded owner/default and condition; active-version selection unconfirmed	decoded-baseline	Concrete child path: EntitySettings/Storm_Island/Objects_Storm_Island!Storm_Island_Basic_Chest_T2.entity.ot.EntitySettingsResource.gen; child parent references: [{"offset": "0x8b5", "resource": "Objects_Common\\Basic_Chest_T2.entity.ot"}]; in-game tier display/active spawn selection unresolved. Evidence ID: chest.storm2.epic	EntitySettings/Storm_Island/Objects_Storm_Island!Storm_Island_Basic_Chest_T2.entity.ot.EntitySettingsResource.gen	Epic Drop Chance	EntitySettings/Storm_Island/Objects_Storm_Island!Storm_Island_Basic_Chest_T2.entity.ot.EntitySettingsResource.gen -> Epic Drop Chance					
Drops / Chests	Core	Storm Island Basic Chest T2	none	none	none	active_spawn_and_display_tier		unknown		Only the stated decoded owner/default and condition; active-version selection unconfirmed	unresolved	Concrete entity and parent established; no version-owned map spawn/display-tier chain is decoded. Evidence ID: chest.storm2.active	EntitySettings/Storm_Island/Objects_Storm_Island!Storm_Island_Basic_Chest_T2.entity.ot.EntitySettingsResource.gen		EntitySettings/Storm_Island/Objects_Storm_Island!Storm_Island_Basic_Chest_T2.entity.ot.EntitySettingsResource.gen -> 					
Drops / Chests	Decoded concrete T3 owner; inherited T1 values where stated	Storm Island Basic Chest T3	none	none	none	common_drop_chance	10	percent	0.1 * 100	Only the stated decoded owner/default and condition; active-version selection unconfirmed	decoded-baseline	Concrete child path: EntitySettings/Storm_Island/Objects_Storm_Island!Storm_Island_Basic_Chest_T3.entity.ot.EntitySettingsResource.gen; child parent references: [{"offset": "0x8b5", "resource": "Objects_Common\\Basic_Chest_T3.entity.ot"}]; in-game tier display/active spawn selection unresolved. Evidence ID: chest.storm3.common	EntitySettings/Storm_Island/Objects_Storm_Island!Storm_Island_Basic_Chest_T3.entity.ot.EntitySettingsResource.gen	Common Drop Chance	EntitySettings/Storm_Island/Objects_Storm_Island!Storm_Island_Basic_Chest_T3.entity.ot.EntitySettingsResource.gen -> Common Drop Chance					
Drops / Chests	Decoded concrete T3 owner; inherited T1 values where stated	Storm Island Basic Chest T3	none	none	none	rare_drop_chance	25	percent	0.25 * 100	Only the stated decoded owner/default and condition; active-version selection unconfirmed	decoded-baseline	Concrete child path: EntitySettings/Storm_Island/Objects_Storm_Island!Storm_Island_Basic_Chest_T3.entity.ot.EntitySettingsResource.gen; child parent references: [{"offset": "0x8b5", "resource": "Objects_Common\\Basic_Chest_T3.entity.ot"}]; in-game tier display/active spawn selection unresolved. Evidence ID: chest.storm3.rare	EntitySettings/Storm_Island/Objects_Storm_Island!Storm_Island_Basic_Chest_T3.entity.ot.EntitySettingsResource.gen	Rare Drop Chance	EntitySettings/Storm_Island/Objects_Storm_Island!Storm_Island_Basic_Chest_T3.entity.ot.EntitySettingsResource.gen -> Rare Drop Chance					
Drops / Chests	Decoded concrete T3 owner; inherited T1 values where stated	Storm Island Basic Chest T3	none	none	none	epic_drop_chance	65	percent	0.65 * 100	Only the stated decoded owner/default and condition; active-version selection unconfirmed	decoded-baseline	Concrete child path: EntitySettings/Storm_Island/Objects_Storm_Island!Storm_Island_Basic_Chest_T3.entity.ot.EntitySettingsResource.gen; child parent references: [{"offset": "0x8b5", "resource": "Objects_Common\\Basic_Chest_T3.entity.ot"}]; in-game tier display/active spawn selection unresolved. Evidence ID: chest.storm3.epic	EntitySettings/Storm_Island/Objects_Storm_Island!Storm_Island_Basic_Chest_T3.entity.ot.EntitySettingsResource.gen	Epic Drop Chance	EntitySettings/Storm_Island/Objects_Storm_Island!Storm_Island_Basic_Chest_T3.entity.ot.EntitySettingsResource.gen -> Epic Drop Chance					
Drops / Chests	Core	Storm Island Basic Chest T3	none	none	none	active_spawn_and_display_tier		unknown		Only the stated decoded owner/default and condition; active-version selection unconfirmed	unresolved	Concrete entity and parent established; no version-owned map spawn/display-tier chain is decoded. Evidence ID: chest.storm3.active	EntitySettings/Storm_Island/Objects_Storm_Island!Storm_Island_Basic_Chest_T3.entity.ot.EntitySettingsResource.gen		EntitySettings/Storm_Island/Objects_Storm_Island!Storm_Island_Basic_Chest_T3.entity.ot.EntitySettingsResource.gen -> 					
Drops / Spawners	Spawner parameter default; custom chances apply only when Custom Drop Chance Condition selects that branch	Hourglass Drop Bag Spawner	none	none	none	configured_drop_count	5	drops	5	Only the stated decoded owner/default and condition; active-version selection unconfirmed	decoded-baseline	Explicit literal; active owner selection and other runtime overrides remain unconfirmed. Evidence ID: hourglass.configured_drop_count	EntitySettings/Objects_Common/Hourglass_Drop_Bag_Spawner.entity.ot.EntitySettingsResource.gen	Nb Drop Bag Value	EntitySettings/Objects_Common/Hourglass_Drop_Bag_Spawner.entity.ot.EntitySettingsResource.gen -> Nb Drop Bag Value					
Drops / Spawners	Spawner parameter default; custom chances apply only when Custom Drop Chance Condition selects that branch	Hourglass Drop Bag Spawner	none	none	none	custom_common_drop_chance	70	percent	0.7 * 100	Only the stated decoded owner/default and condition; active-version selection unconfirmed	decoded-baseline	Explicit literal; active owner selection and other runtime overrides remain unconfirmed. Evidence ID: hourglass.custom_common_drop_chance	EntitySettings/Objects_Common/Hourglass_Drop_Bag_Spawner.entity.ot.EntitySettingsResource.gen	Custom Common Drop Chance Value	EntitySettings/Objects_Common/Hourglass_Drop_Bag_Spawner.entity.ot.EntitySettingsResource.gen -> Custom Common Drop Chance Value					
Drops / Spawners	Spawner parameter default; custom chances apply only when Custom Drop Chance Condition selects that branch	Hourglass Drop Bag Spawner	none	none	none	custom_rare_drop_chance	20	percent	0.2 * 100	Only the stated decoded owner/default and condition; active-version selection unconfirmed	decoded-baseline	Explicit literal; active owner selection and other runtime overrides remain unconfirmed. Evidence ID: hourglass.custom_rare_drop_chance	EntitySettings/Objects_Common/Hourglass_Drop_Bag_Spawner.entity.ot.EntitySettingsResource.gen	Custom Rare Drop Chance Value	EntitySettings/Objects_Common/Hourglass_Drop_Bag_Spawner.entity.ot.EntitySettingsResource.gen -> Custom Rare Drop Chance Value					
Drops / Spawners	Spawner parameter default; custom chances apply only when Custom Drop Chance Condition selects that branch	Hourglass Drop Bag Spawner	none	none	none	custom_epic_drop_chance	9	percent	0.09 * 100	Only the stated decoded owner/default and condition; active-version selection unconfirmed	decoded-baseline	Explicit literal; active owner selection and other runtime overrides remain unconfirmed. Evidence ID: hourglass.custom_epic_drop_chance	EntitySettings/Objects_Common/Hourglass_Drop_Bag_Spawner.entity.ot.EntitySettingsResource.gen	Custom Epic Drop Chance Value	EntitySettings/Objects_Common/Hourglass_Drop_Bag_Spawner.entity.ot.EntitySettingsResource.gen -> Custom Epic Drop Chance Value					
Drops / Spawners	Spawner parameter default; custom chances apply only when Custom Drop Chance Condition selects that branch	Hourglass Drop Bag Spawner	none	none	none	custom_each_legendary_cursed_drop_chance	0.5	percent	0.005 * 100	Only the stated decoded owner/default and condition; active-version selection unconfirmed	decoded-baseline	Explicit literal; active owner selection and other runtime overrides remain unconfirmed. Evidence ID: hourglass.custom_each_legendary_cursed_drop_chance	EntitySettings/Objects_Common/Hourglass_Drop_Bag_Spawner.entity.ot.EntitySettingsResource.gen	Custom Unique Drop Chance Value	EntitySettings/Objects_Common/Hourglass_Drop_Bag_Spawner.entity.ot.EntitySettingsResource.gen -> Custom Unique Drop Chance Value					
Drops / Spawners	Core	Hourglass Drop Bag Spawner	none	none	none	effective_odds_by_spawn_position		unknown		Only the stated decoded owner/default and condition; active-version selection unconfirmed	unresolved	Switch cases decode position indexes0,1,2,3,4 to rarity codes4,3,2,1,0. Do not turn custom defaults into all-drop probabilities. Predicate enum/spawner-position runtime behavior and active consuming invocation remain unresolved. Evidence ID: hourglass.effective	EntitySettings/Objects_Common/Hourglass_Drop_Bag_Spawner.entity.ot.EntitySettingsResource.gen	Magical Object Drop Rarity Switch Selector; Drop Bag Position Spread Pos	EntitySettings/Objects_Common/Hourglass_Drop_Bag_Spawner.entity.ot.EntitySettingsResource.gen -> Magical Object Drop Rarity Switch Selector; Drop Bag Position Spread Pos					
Drops / Spawners	Is Common Condition is true; otherwise zero	Wishing Well Bag	none	none	none	conditional_common_drop_chance_selector	100	percent	1 * 100	Only the stated decoded owner/default and condition; active-version selection unconfirmed	decoded-baseline	Conditional branch output only; predicate/configuration enum and unconditional selection probabilities unresolved. Evidence ID: well.Common Drop Chance Selector	EntitySettings/Objects_Common/Wishing_Well_Drop_Bag.entity.ot.EntitySettingsResource.gen	Common Drop Chance Selector	EntitySettings/Objects_Common/Wishing_Well_Drop_Bag.entity.ot.EntitySettingsResource.gen -> Common Drop Chance Selector					
Drops / Spawners	Is Legendary Or Cursed Condition is true; otherwise zero	Wishing Well Bag	none	none	none	conditional_cursed_drop_chance_selector	50	percent	0.5 * 100	Only the stated decoded owner/default and condition; active-version selection unconfirmed	decoded-baseline	Conditional branch output only; predicate/configuration enum and unconditional selection probabilities unresolved. Evidence ID: well.Cursed Drop Chance Selector	EntitySettings/Objects_Common/Wishing_Well_Drop_Bag.entity.ot.EntitySettingsResource.gen	Cursed Drop Chance Selector	EntitySettings/Objects_Common/Wishing_Well_Drop_Bag.entity.ot.EntitySettingsResource.gen -> Cursed Drop Chance Selector					
Drops / Spawners	Is Epic Condition is true; otherwise zero	Wishing Well Bag	none	none	none	conditional_epic_drop_chance_selector	100	percent	1 * 100	Only the stated decoded owner/default and condition; active-version selection unconfirmed	decoded-baseline	Conditional branch output only; predicate/configuration enum and unconditional selection probabilities unresolved. Evidence ID: well.Epic Drop Chance Selector	EntitySettings/Objects_Common/Wishing_Well_Drop_Bag.entity.ot.EntitySettingsResource.gen	Epic Drop Chance Selector	EntitySettings/Objects_Common/Wishing_Well_Drop_Bag.entity.ot.EntitySettingsResource.gen -> Epic Drop Chance Selector					
Drops / Spawners	Is Legendary Or Cursed Condition is true; otherwise zero	Wishing Well Bag	none	none	none	conditional_legendary_drop_chance_selector	50	percent	0.5 * 100	Only the stated decoded owner/default and condition; active-version selection unconfirmed	decoded-baseline	Conditional branch output only; predicate/configuration enum and unconditional selection probabilities unresolved. Evidence ID: well.Legendary Drop Chance Selector	EntitySettings/Objects_Common/Wishing_Well_Drop_Bag.entity.ot.EntitySettingsResource.gen	Legendary Drop Chance Selector	EntitySettings/Objects_Common/Wishing_Well_Drop_Bag.entity.ot.EntitySettingsResource.gen -> Legendary Drop Chance Selector					
Drops / Spawners	Is Power Up Condition is true; otherwise zero	Wishing Well Bag	none	none	none	conditional_power_up_drop_chance_selector	100	percent	1 * 100	Only the stated decoded owner/default and condition; active-version selection unconfirmed	decoded-baseline	Conditional branch output only; predicate/configuration enum and unconditional selection probabilities unresolved. Evidence ID: well.Power Up Drop Chance Selector	EntitySettings/Objects_Common/Wishing_Well_Drop_Bag.entity.ot.EntitySettingsResource.gen	Power Up Drop Chance Selector	EntitySettings/Objects_Common/Wishing_Well_Drop_Bag.entity.ot.EntitySettingsResource.gen -> Power Up Drop Chance Selector					
Drops / Spawners	Is Rare Condition is true; otherwise zero	Wishing Well Bag	none	none	none	conditional_rare_drop_chance_selector	100	percent	1 * 100	Only the stated decoded owner/default and condition; active-version selection unconfirmed	decoded-baseline	Conditional branch output only; predicate/configuration enum and unconditional selection probabilities unresolved. Evidence ID: well.Rare Drop Chance Selector	EntitySettings/Objects_Common/Wishing_Well_Drop_Bag.entity.ot.EntitySettingsResource.gen	Rare Drop Chance Selector	EntitySettings/Objects_Common/Wishing_Well_Drop_Bag.entity.ot.EntitySettingsResource.gen -> Rare Drop Chance Selector					
Drops / Spawners	Core	Wishing Well Bag	none	none	none	effective_rarity_odds		unknown		Only the stated decoded owner/default and condition; active-version selection unconfirmed	unresolved	Conditional branch coefficients decode; configuration-owner/predicate probability not established. Not an unconditional rarity table. Evidence ID: well.effective	EntitySettings/Objects_Common/Wishing_Well_Drop_Bag.entity.ot.EntitySettingsResource.gen		EntitySettings/Objects_Common/Wishing_Well_Drop_Bag.entity.ot.EntitySettingsResource.gen -> 					
Drops / Spawners	Is Common Condition is true; otherwise zero	Single MO Bag	none	none	none	conditional_common_drop_chance_selector	100	percent	1 * 100	Only the stated decoded owner/default and condition; active-version selection unconfirmed	decoded-baseline	Conditional branch output only; predicate/configuration enum and unconditional selection probabilities unresolved. Evidence ID: single.Common Drop Chance Selector	EntitySettings/Objects_Common/Single_MO_Drop_Bag.entity.ot.EntitySettingsResource.gen	Common Drop Chance Selector	EntitySettings/Objects_Common/Single_MO_Drop_Bag.entity.ot.EntitySettingsResource.gen -> Common Drop Chance Selector					
Drops / Spawners	Is Cursed Condition is true; otherwise zero	Single MO Bag	none	none	none	conditional_cursed_drop_chance_selector	100	percent	1 * 100	Only the stated decoded owner/default and condition; active-version selection unconfirmed	decoded-baseline	Conditional branch output only; predicate/configuration enum and unconditional selection probabilities unresolved. Evidence ID: single.Cursed Drop Chance Selector	EntitySettings/Objects_Common/Single_MO_Drop_Bag.entity.ot.EntitySettingsResource.gen	Cursed Drop Chance Selector	EntitySettings/Objects_Common/Single_MO_Drop_Bag.entity.ot.EntitySettingsResource.gen -> Cursed Drop Chance Selector					
Drops / Spawners	Is Epic Condition is true; otherwise zero	Single MO Bag	none	none	none	conditional_epic_drop_chance_selector	100	percent	1 * 100	Only the stated decoded owner/default and condition; active-version selection unconfirmed	decoded-baseline	Conditional branch output only; predicate/configuration enum and unconditional selection probabilities unresolved. Evidence ID: single.Epic Drop Chance Selector	EntitySettings/Objects_Common/Single_MO_Drop_Bag.entity.ot.EntitySettingsResource.gen	Epic Drop Chance Selector	EntitySettings/Objects_Common/Single_MO_Drop_Bag.entity.ot.EntitySettingsResource.gen -> Epic Drop Chance Selector					
Drops / Spawners	[Cpnt Value Tester] Single_MO_Drop_Bag\Is Legendary Condition is true; otherwise zero	Single MO Bag	none	none	none	conditional_legendary_drop_chance_selector	100	percent	1 * 100	Only the stated decoded owner/default and condition; active-version selection unconfirmed	decoded-baseline	Conditional branch output only; predicate/configuration enum and unconditional selection probabilities unresolved. Evidence ID: single.Legendary Drop Chance Selector	EntitySettings/Objects_Common/Single_MO_Drop_Bag.entity.ot.EntitySettingsResource.gen	Legendary Drop Chance Selector	EntitySettings/Objects_Common/Single_MO_Drop_Bag.entity.ot.EntitySettingsResource.gen -> Legendary Drop Chance Selector					
Drops / Spawners	Is PowerUp Condition is true; otherwise zero	Single MO Bag	none	none	none	conditional_powerup_drop_chance_selector	100	percent	1 * 100	Only the stated decoded owner/default and condition; active-version selection unconfirmed	decoded-baseline	Conditional branch output only; predicate/configuration enum and unconditional selection probabilities unresolved. Evidence ID: single.PowerUp Drop Chance Selector	EntitySettings/Objects_Common/Single_MO_Drop_Bag.entity.ot.EntitySettingsResource.gen	PowerUp Drop Chance Selector	EntitySettings/Objects_Common/Single_MO_Drop_Bag.entity.ot.EntitySettingsResource.gen -> PowerUp Drop Chance Selector					
Drops / Spawners	Is Rare Condition is true; otherwise zero	Single MO Bag	none	none	none	conditional_rare_drop_chance_selector	100	percent	1 * 100	Only the stated decoded owner/default and condition; active-version selection unconfirmed	decoded-baseline	Conditional branch output only; predicate/configuration enum and unconditional selection probabilities unresolved. Evidence ID: single.Rare Drop Chance Selector	EntitySettings/Objects_Common/Single_MO_Drop_Bag.entity.ot.EntitySettingsResource.gen	Rare Drop Chance Selector	EntitySettings/Objects_Common/Single_MO_Drop_Bag.entity.ot.EntitySettingsResource.gen -> Rare Drop Chance Selector					
Drops / Spawners	Core	Single MO Bag	none	none	none	effective_rarity_odds		unknown		Only the stated decoded owner/default and condition; active-version selection unconfirmed	unresolved	Conditional branch coefficients decode; configuration-owner/predicate probability not established. Not an unconditional rarity table. Evidence ID: single.effective	EntitySettings/Objects_Common/Single_MO_Drop_Bag.entity.ot.EntitySettingsResource.gen		EntitySettings/Objects_Common/Single_MO_Drop_Bag.entity.ot.EntitySettingsResource.gen -> 					
Drops / Spawners	Geppetto passive create-objects controller/event/spawner references this bag	Geppetto Flash of Genius	none	none	none	common_drop_chance	40	percent	0.4 * 100	Only the stated decoded owner/default and condition; active-version selection unconfirmed	decoded-baseline	Typed bag odds plus runtime talent-controller -> state/event -> MO spawner -> bag reference; active-version hero selection not independently proven. Evidence ID: geppetto.common	EntitySettings/Heroes/Hero_Geppetto!Hero_Geppetto_Drop_Bag.entity.ot.EntitySettingsResource.gen	Common Drop Chance	EntitySettings/Heroes/Hero_Geppetto!Hero_Geppetto_Drop_Bag.entity.ot.EntitySettingsResource.gen -> Common Drop Chance					
Drops / Spawners	Geppetto passive create-objects controller/event/spawner references this bag	Geppetto Flash of Genius	none	none	none	rare_drop_chance	30	percent	0.3 * 100	Only the stated decoded owner/default and condition; active-version selection unconfirmed	decoded-baseline	Typed bag odds plus runtime talent-controller -> state/event -> MO spawner -> bag reference; active-version hero selection not independently proven. Evidence ID: geppetto.rare	EntitySettings/Heroes/Hero_Geppetto!Hero_Geppetto_Drop_Bag.entity.ot.EntitySettingsResource.gen	Rare Drop Chance	EntitySettings/Heroes/Hero_Geppetto!Hero_Geppetto_Drop_Bag.entity.ot.EntitySettingsResource.gen -> Rare Drop Chance					
Drops / Spawners	Geppetto passive create-objects controller/event/spawner references this bag	Geppetto Flash of Genius	none	none	none	epic_drop_chance	20	percent	0.2 * 100	Only the stated decoded owner/default and condition; active-version selection unconfirmed	decoded-baseline	Typed bag odds plus runtime talent-controller -> state/event -> MO spawner -> bag reference; active-version hero selection not independently proven. Evidence ID: geppetto.epic	EntitySettings/Heroes/Hero_Geppetto!Hero_Geppetto_Drop_Bag.entity.ot.EntitySettingsResource.gen	Epic Drop Chance	EntitySettings/Heroes/Hero_Geppetto!Hero_Geppetto_Drop_Bag.entity.ot.EntitySettingsResource.gen -> Epic Drop Chance					
Drops / Spawners	Geppetto passive create-objects controller/event/spawner references this bag	Geppetto Flash of Genius	none	none	none	legendary_drop_chance	5	percent	0.05 * 100	Only the stated decoded owner/default and condition; active-version selection unconfirmed	decoded-baseline	Typed bag odds plus runtime talent-controller -> state/event -> MO spawner -> bag reference; active-version hero selection not independently proven. Evidence ID: geppetto.legendary	EntitySettings/Heroes/Hero_Geppetto!Hero_Geppetto_Drop_Bag.entity.ot.EntitySettingsResource.gen	Legendary Drop Chance	EntitySettings/Heroes/Hero_Geppetto!Hero_Geppetto_Drop_Bag.entity.ot.EntitySettingsResource.gen -> Legendary Drop Chance					
Drops / Spawners	Geppetto passive create-objects controller/event/spawner references this bag	Geppetto Flash of Genius	none	none	none	cursed_drop_chance	5	percent	0.05 * 100	Only the stated decoded owner/default and condition; active-version selection unconfirmed	decoded-baseline	Typed bag odds plus runtime talent-controller -> state/event -> MO spawner -> bag reference; active-version hero selection not independently proven. Evidence ID: geppetto.cursed	EntitySettings/Heroes/Hero_Geppetto!Hero_Geppetto_Drop_Bag.entity.ot.EntitySettingsResource.gen	Curse Drop Chance	EntitySettings/Heroes/Hero_Geppetto!Hero_Geppetto_Drop_Bag.entity.ot.EntitySettingsResource.gen -> Curse Drop Chance					
Stats	Decoded owner default	Raw Damage	none	none	none	baseline_damage	10	damage	10	Only the stated decoded owner/default and condition; active-version selection unconfirmed	decoded-baseline	Explicit literal; active owner selection and other runtime overrides remain unconfirmed. Evidence ID: stats.baseline_damage	EntitySettings/Character_Common/Character_Common.entity.ot.EntitySettingsResource.gen	Raw Damage	EntitySettings/Character_Common/Character_Common.entity.ot.EntitySettingsResource.gen -> Raw Damage					
Stats	Decoded owner default	Raw Healing	none	none	none	baseline_healing	10	healing	10	Only the stated decoded owner/default and condition; active-version selection unconfirmed	decoded-baseline	Explicit literal; active owner selection and other runtime overrides remain unconfirmed. Evidence ID: stats.baseline_healing	EntitySettings/Character_Common/Character_Common.entity.ot.EntitySettingsResource.gen	Raw Healing	EntitySettings/Character_Common/Character_Common.entity.ot.EntitySettingsResource.gen -> Raw Healing					
Stats	Decoded owner default	Raw Max Health	none	none	none	baseline_max_health	100	health	100	Only the stated decoded owner/default and condition; active-version selection unconfirmed	decoded-baseline	Explicit literal; active owner selection and other runtime overrides remain unconfirmed. Evidence ID: stats.baseline_max_health	EntitySettings/Character_Common/Character_Common.entity.ot.EntitySettingsResource.gen	Raw Max Health	EntitySettings/Character_Common/Character_Common.entity.ot.EntitySettingsResource.gen -> Raw Max Health					
Stats	Decoded owner default	Critical Strike Chance	Common.LangEN.tsv	Menu_CritChanceTooltip_Desc	315	base_crit_chance	5	percent	0.05 * 100	Only the stated decoded owner/default and condition; active-version selection unconfirmed	decoded-baseline	Hero_Common explicitly overrides Character_Common Raw Crit Chance0 to0.05;5% owner default, not Character Controller reference fallback0.01. Evidence ID: stats.base_crit_chance	EntitySettings/Heroes/Hero_Common!Hero_Common.entity.ot.EntitySettingsResource.gen	Raw Crit Chance	EntitySettings/Heroes/Hero_Common!Hero_Common.entity.ot.EntitySettingsResource.gen -> Raw Crit Chance					
Stats	Core	Vitality	Common.LangEN.tsv	Menu_VitalityTooltip_Desc	307	max_health_scaling_per_point		unknown		Only the stated decoded owner/default and condition; active-version selection unconfirmed	unresolved	Controller property/runtime binding or implementation formula not decoded. Dynamic tooltip is not a coefficient; no fallback0/default assumed. Evidence ID: stats.max_health_scaling_per_point	EntitySettings/Heroes/Hero_Common!Hero_Common.entity.ot.EntitySettingsResource.gen		EntitySettings/Heroes/Hero_Common!Hero_Common.entity.ot.EntitySettingsResource.gen -> 					
Stats	Core	Damage (DMG)	Common.LangEN.tsv	Menu_DmgTooltip_Desc_Positive	309	stat_to_damage_formula		unknown		Only the stated decoded owner/default and condition; active-version selection unconfirmed	unresolved	Controller property/runtime binding or implementation formula not decoded. Dynamic tooltip is not a coefficient; no fallback0/default assumed. Evidence ID: stats.stat_to_damage_formula	EntitySettings/Heroes/Hero_Common!Hero_Common.entity.ot.EntitySettingsResource.gen		EntitySettings/Heroes/Hero_Common!Hero_Common.entity.ot.EntitySettingsResource.gen -> 					
Stats	Core	Armor	Common.LangEN.tsv	Menu_ArmorTooltip_Desc_Positive	312	positive_armor_formula		unknown		Only the stated decoded owner/default and condition; active-version selection unconfirmed	unresolved	Controller property/runtime binding or implementation formula not decoded. Dynamic tooltip is not a coefficient; no fallback0/default assumed. Evidence ID: stats.positive_armor_formula	EntitySettings/Heroes/Hero_Common!Hero_Common.entity.ot.EntitySettingsResource.gen		EntitySettings/Heroes/Hero_Common!Hero_Common.entity.ot.EntitySettingsResource.gen -> 					
Stats	Core	Armor	Common.LangEN.tsv	Menu_ArmorTooltip_Desc_Negative	313	negative_armor_formula		unknown		Only the stated decoded owner/default and condition; active-version selection unconfirmed	unresolved	Controller property/runtime binding or implementation formula not decoded. Dynamic tooltip is not a coefficient; no fallback0/default assumed. Evidence ID: stats.negative_armor_formula	EntitySettings/Heroes/Hero_Common!Hero_Common.entity.ot.EntitySettingsResource.gen		EntitySettings/Heroes/Hero_Common!Hero_Common.entity.ot.EntitySettingsResource.gen -> 					
Stats	Core	Critical Damage	Common.LangEN.tsv	Menu_CritDmgTooltip_Desc	317	base_crit_multiplier		unknown		Only the stated decoded owner/default and condition; active-version selection unconfirmed	unresolved	Controller property/runtime binding or implementation formula not decoded. Dynamic tooltip is not a coefficient; no fallback0/default assumed. Evidence ID: stats.base_crit_multiplier	EntitySettings/Heroes/Hero_Common!Hero_Common.entity.ot.EntitySettingsResource.gen		EntitySettings/Heroes/Hero_Common!Hero_Common.entity.ot.EntitySettingsResource.gen -> 					
Stats	Core	Critical Strike Overflow	Common.LangEN.tsv	Menu_CritChanceTooltip_Desc	315	overflow_conversion_coefficient		unknown		Only the stated decoded owner/default and condition; active-version selection unconfirmed	unresolved	Controller property/runtime binding or implementation formula not decoded. Dynamic tooltip is not a coefficient; no fallback0/default assumed. Evidence ID: stats.overflow_conversion_coefficient	EntitySettings/Heroes/Hero_Common!Hero_Common.entity.ot.EntitySettingsResource.gen		EntitySettings/Heroes/Hero_Common!Hero_Common.entity.ot.EntitySettingsResource.gen -> 					
Stats	Core	Critical Strike Overflow	Common.LangEN.tsv	Menu_CritChanceTooltip_Desc	315	overflow_rule	Crit chance above100% transforms into critical damage	rule		Only the stated decoded owner/default and condition; active-version selection unconfirmed	static-text	Canonical text establishes direction and threshold, not conversion rate. Evidence ID: stats.overflow_direction			blocked: source/code-owned rule not established					
Status Effects	Global configured default; application overrides may differ	Vulnerable	none	none	none	configured_damage_taken_modifier	0.25	fraction	0.25	Only the stated decoded owner/default and condition; active-version selection unconfirmed	decoded-baseline	Correctly typed union with offset and bytes. This establishes global configuration, not all-source/tick semantics. Evidence ID: status.Vulnerable_Value	GlobalValues/Common_Settings/Vulnerable_Value.globalvalue.ot.GlobalEntityValueSettings.gen	oCEntityValueUnion type0 float	GlobalValues/Common_Settings/Vulnerable_Value.globalvalue.ot.GlobalEntityValueSettings.gen -> oCEntityValueUnion type0 float					
Status Effects	Global configured default; application overrides may differ	Chilled	none	none	none	configured_movement_modifier	0.4	fraction	0.4	Only the stated decoded owner/default and condition; active-version selection unconfirmed	decoded-baseline	Correctly typed union with offset and bytes. This establishes global configuration, not all-source/tick semantics. Evidence ID: status.Chilled_Value	GlobalValues/Common_Settings/Chilled_Value.globalvalue.ot.GlobalEntityValueSettings.gen	oCEntityValueUnion type0 float	GlobalValues/Common_Settings/Chilled_Value.globalvalue.ot.GlobalEntityValueSettings.gen -> oCEntityValueUnion type0 float					
Status Effects	Global configured default; application overrides may differ	Chilled	none	none	none	default_duration	5	seconds	5	Only the stated decoded owner/default and condition; active-version selection unconfirmed	decoded-baseline	Correctly typed union with offset and bytes. This establishes global configuration, not all-source/tick semantics. Evidence ID: status.Chilled_Duration_Value	GlobalValues/Common_Settings/Chilled_Duration_Value.globalvalue.ot.GlobalEntityValueSettings.gen	oCEntityValueUnion type0 float	GlobalValues/Common_Settings/Chilled_Duration_Value.globalvalue.ot.GlobalEntityValueSettings.gen -> oCEntityValueUnion type0 float					
Status Effects	Global configured default; application overrides may differ	Strength	none	none	none	configured_damage_dealt_modifier	0.25	fraction	0.25	Only the stated decoded owner/default and condition; active-version selection unconfirmed	decoded-baseline	Correctly typed union with offset and bytes. This establishes global configuration, not all-source/tick semantics. Evidence ID: status.Strength_Value	GlobalValues/Common_Settings/Strength_Value.globalvalue.ot.GlobalEntityValueSettings.gen	oCEntityValueUnion type0 float	GlobalValues/Common_Settings/Strength_Value.globalvalue.ot.GlobalEntityValueSettings.gen -> oCEntityValueUnion type0 float					
Status Effects	Global configured default; application overrides may differ	Bleed	none	none	none	default_duration	5	seconds	5	Only the stated decoded owner/default and condition; active-version selection unconfirmed	decoded-baseline	Correctly typed union with offset and bytes. This establishes global configuration, not all-source/tick semantics. Evidence ID: status.Bleed_Duration_Value	GlobalValues/Common_Settings/Bleed_Duration_Value.globalvalue.ot.GlobalEntityValueSettings.gen	oCEntityValueUnion type0 float	GlobalValues/Common_Settings/Bleed_Duration_Value.globalvalue.ot.GlobalEntityValueSettings.gen -> oCEntityValueUnion type0 float					
Status Effects	Global configured default; application overrides may differ	Ignite	none	none	none	default_duration	5.5	seconds	5.5	Only the stated decoded owner/default and condition; active-version selection unconfirmed	decoded-baseline	Correctly typed union with offset and bytes. This establishes global configuration, not all-source/tick semantics. Evidence ID: status.Ignite_Duration_Value	GlobalValues/Common_Settings/Ignite_Duration_Value.globalvalue.ot.GlobalEntityValueSettings.gen	oCEntityValueUnion type0 float	GlobalValues/Common_Settings/Ignite_Duration_Value.globalvalue.ot.GlobalEntityValueSettings.gen -> oCEntityValueUnion type0 float					
Status Effects	Global configured default; application overrides may differ	Regeneration	none	none	none	configured_healing_modifier	0.04	fraction	0.04	Only the stated decoded owner/default and condition; active-version selection unconfirmed	decoded-baseline	Correctly typed union with offset and bytes. This establishes global configuration, not all-source/tick semantics. Evidence ID: status.Regeneration_Value	GlobalValues/Common_Settings/Regeneration_Value.globalvalue.ot.GlobalEntityValueSettings.gen	oCEntityValueUnion type0 float	GlobalValues/Common_Settings/Regeneration_Value.globalvalue.ot.GlobalEntityValueSettings.gen -> oCEntityValueUnion type0 float					
Status Effects	Global configured default; application overrides may differ	Regeneration	none	none	none	default_duration	5	seconds	5	Only the stated decoded owner/default and condition; active-version selection unconfirmed	decoded-baseline	Correctly typed union with offset and bytes. This establishes global configuration, not all-source/tick semantics. Evidence ID: status.Regeneration_Duration_Value	GlobalValues/Common_Settings/Regeneration_Duration_Value.globalvalue.ot.GlobalEntityValueSettings.gen	oCEntityValueUnion type0 float	GlobalValues/Common_Settings/Regeneration_Duration_Value.globalvalue.ot.GlobalEntityValueSettings.gen -> oCEntityValueUnion type0 float					
Status Effects	Decoded owner default	Ignite	none	none	none	default_raw_tick_damage_coefficient	0.5	coefficient	0.5	Only the stated decoded owner/default and condition; active-version selection unconfirmed	decoded-baseline	Explicit literal; active owner selection and other runtime overrides remain unconfirmed. Evidence ID: status.ignite.default_raw_tick_damage_coefficient	EntitySettings/Character_Common/Character_Common.entity.ot.EntitySettingsResource.gen	Ignite Raw Tick Damage	EntitySettings/Character_Common/Character_Common.entity.ot.EntitySettingsResource.gen -> Ignite Raw Tick Damage					
Status Effects	Core	Ignite	none	none	none	entity_default_duration		seconds		Only the stated decoded owner/default and condition; active-version selection unconfirmed	unresolved	Ignite Duration: not explicit typed literal; internal binding fallback is not evaluated. Evidence ID: status.ignite.entity_default_duration	EntitySettings/Character_Common/Character_Common.entity.ot.EntitySettingsResource.gen	Ignite Duration	EntitySettings/Character_Common/Character_Common.entity.ot.EntitySettingsResource.gen -> Ignite Duration					
Status Effects	Core	Vulnerable	none	none	none	damage_taken_scope		unknown		Only the stated decoded owner/default and condition; active-version selection unconfirmed	unresolved	Global/configured coefficients do not establish this consuming code formula, tick scheduler, comparator or override rule. Evidence ID: status.Vulnerable.damage_taken_scope	EntitySettings/Character_Common/Character_Common.entity.ot.EntitySettingsResource.gen		EntitySettings/Character_Common/Character_Common.entity.ot.EntitySettingsResource.gen -> 					
Status Effects	Core	Chilled	none	none	none	movement_slow_formula		unknown		Only the stated decoded owner/default and condition; active-version selection unconfirmed	unresolved	Global/configured coefficients do not establish this consuming code formula, tick scheduler, comparator or override rule. Evidence ID: status.Chilled.movement_slow_formula	EntitySettings/Character_Common/Character_Common.entity.ot.EntitySettingsResource.gen		EntitySettings/Character_Common/Character_Common.entity.ot.EntitySettingsResource.gen -> 					
Status Effects	Core	Chilled	none	none	none	ability_override_rule		unknown		Only the stated decoded owner/default and condition; active-version selection unconfirmed	unresolved	Global/configured coefficients do not establish this consuming code formula, tick scheduler, comparator or override rule. Evidence ID: status.Chilled.ability_override_rule	EntitySettings/Character_Common/Character_Common.entity.ot.EntitySettingsResource.gen		EntitySettings/Character_Common/Character_Common.entity.ot.EntitySettingsResource.gen -> 					
Status Effects	Core	Strength	none	none	none	damage_dealt_scope		unknown		Only the stated decoded owner/default and condition; active-version selection unconfirmed	unresolved	Global/configured coefficients do not establish this consuming code formula, tick scheduler, comparator or override rule. Evidence ID: status.Strength.damage_dealt_scope	EntitySettings/Character_Common/Character_Common.entity.ot.EntitySettingsResource.gen		EntitySettings/Character_Common/Character_Common.entity.ot.EntitySettingsResource.gen -> 					
Status Effects	Core	Critical Health	none	none	none	health_threshold_pct		unknown		Only the stated decoded owner/default and condition; active-version selection unconfirmed	unresolved	Global/configured coefficients do not establish this consuming code formula, tick scheduler, comparator or override rule. Evidence ID: status.Critical Health.health_threshold_pct	EntitySettings/Character_Common/Character_Common.entity.ot.EntitySettingsResource.gen		EntitySettings/Character_Common/Character_Common.entity.ot.EntitySettingsResource.gen -> 					
Status Effects	Core	Critical Health	none	none	none	threshold_comparison		unknown		Only the stated decoded owner/default and condition; active-version selection unconfirmed	unresolved	Global/configured coefficients do not establish this consuming code formula, tick scheduler, comparator or override rule. Evidence ID: status.Critical Health.threshold_comparison	EntitySettings/Character_Common/Character_Common.entity.ot.EntitySettingsResource.gen		EntitySettings/Character_Common/Character_Common.entity.ot.EntitySettingsResource.gen -> 					
Status Effects	Core	Ignite	none	none	none	tick_interval		unknown		Only the stated decoded owner/default and condition; active-version selection unconfirmed	unresolved	Global/configured coefficients do not establish this consuming code formula, tick scheduler, comparator or override rule. Evidence ID: status.Ignite.tick_interval	EntitySettings/Character_Common/Character_Common.entity.ot.EntitySettingsResource.gen		EntitySettings/Character_Common/Character_Common.entity.ot.EntitySettingsResource.gen -> 					
Status Effects	Core	Ignite	none	none	none	damage_formula		unknown		Only the stated decoded owner/default and condition; active-version selection unconfirmed	unresolved	Global/configured coefficients do not establish this consuming code formula, tick scheduler, comparator or override rule. Evidence ID: status.Ignite.damage_formula	EntitySettings/Character_Common/Character_Common.entity.ot.EntitySettingsResource.gen		EntitySettings/Character_Common/Character_Common.entity.ot.EntitySettingsResource.gen -> 					
Status Effects	Core	Bleed	none	none	none	tick_interval		unknown		Only the stated decoded owner/default and condition; active-version selection unconfirmed	unresolved	Global/configured coefficients do not establish this consuming code formula, tick scheduler, comparator or override rule. Evidence ID: status.Bleed.tick_interval	EntitySettings/Character_Common/Character_Common.entity.ot.EntitySettingsResource.gen		EntitySettings/Character_Common/Character_Common.entity.ot.EntitySettingsResource.gen -> 					
Status Effects	Core	Bleed	none	none	none	damage_formula		unknown		Only the stated decoded owner/default and condition; active-version selection unconfirmed	unresolved	Global/configured coefficients do not establish this consuming code formula, tick scheduler, comparator or override rule. Evidence ID: status.Bleed.damage_formula	EntitySettings/Character_Common/Character_Common.entity.ot.EntitySettingsResource.gen		EntitySettings/Character_Common/Character_Common.entity.ot.EntitySettingsResource.gen -> 					
Status Effects	Core	Regeneration	none	none	none	tick_interval		unknown		Only the stated decoded owner/default and condition; active-version selection unconfirmed	unresolved	Global/configured coefficients do not establish this consuming code formula, tick scheduler, comparator or override rule. Evidence ID: status.Regeneration.tick_interval	EntitySettings/Character_Common/Character_Common.entity.ot.EntitySettingsResource.gen		EntitySettings/Character_Common/Character_Common.entity.ot.EntitySettingsResource.gen -> 					
Status Effects	Core	Regeneration	none	none	none	healing_formula		unknown		Only the stated decoded owner/default and condition; active-version selection unconfirmed	unresolved	Global/configured coefficients do not establish this consuming code formula, tick scheduler, comparator or override rule. Evidence ID: status.Regeneration.healing_formula	EntitySettings/Character_Common/Character_Common.entity.ot.EntitySettingsResource.gen		EntitySettings/Character_Common/Character_Common.entity.ot.EntitySettingsResource.gen -> 					
Status Effects	Core	Life on Hit	none	none	none	healing_formula		unknown		Only the stated decoded owner/default and condition; active-version selection unconfirmed	unresolved	Global/configured coefficients do not establish this consuming code formula, tick scheduler, comparator or override rule. Evidence ID: status.Life on Hit.healing_formula	EntitySettings/Character_Common/Character_Common.entity.ot.EntitySettingsResource.gen		EntitySettings/Character_Common/Character_Common.entity.ot.EntitySettingsResource.gen -> 					
Status Effects	Core	Lifesteal	none	none	none	healing_formula		unknown		Only the stated decoded owner/default and condition; active-version selection unconfirmed	unresolved	Global/configured coefficients do not establish this consuming code formula, tick scheduler, comparator or override rule. Evidence ID: status.Lifesteal.healing_formula	EntitySettings/Character_Common/Character_Common.entity.ot.EntitySettingsResource.gen		EntitySettings/Character_Common/Character_Common.entity.ot.EntitySettingsResource.gen -> 					
Resources	Decoded owner default	Death's Door	none	none	none	starting_duration	30	seconds	30	Only the stated decoded owner/default and condition; active-version selection unconfirmed	decoded-baseline	Explicit literal; active owner selection and other runtime overrides remain unconfirmed. Evidence ID: deathdoor.starting_duration	EntitySettings/Heroes/Hero_Common!Hero_Common.entity.ot.EntitySettingsResource.gen	Deathdoor Starting Duration	EntitySettings/Heroes/Hero_Common!Hero_Common.entity.ot.EntitySettingsResource.gen -> Deathdoor Starting Duration					
Resources	Decoded owner default	Death's Door	none	none	none	duration_reduction_per_ally_revive	5	seconds	5	Only the stated decoded owner/default and condition; active-version selection unconfirmed	decoded-baseline	Explicit literal; active owner selection and other runtime overrides remain unconfirmed. Evidence ID: deathdoor.ally_duration_decrement	EntitySettings/Heroes/Hero_Common!Hero_Common.entity.ot.EntitySettingsResource.gen	Deathdoor Decrease Duration Per Ally Revive	EntitySettings/Heroes/Hero_Common!Hero_Common.entity.ot.EntitySettingsResource.gen -> Deathdoor Decrease Duration Per Ally Revive					
Resources	Core	Dream Shards	Common.LangEN.tsv	Menu_DreamShards_Desc	319	starting_count		unknown		Only the stated decoded owner/default and condition; active-version selection unconfirmed	unresolved	Controller/ingredient runtime rule remains unresolved. Reference fallback counters are not starting counts; revival operation graph retained without guessing operator semantics. Evidence ID: resources.Dream Shards.starting_count	EntitySettings/Heroes/Hero_Common!Hero_Common.entity.ot.EntitySettingsResource.gen		EntitySettings/Heroes/Hero_Common!Hero_Common.entity.ot.EntitySettingsResource.gen -> 					
Resources	Core	Dream Shards	Common.LangEN.tsv	Menu_DreamShards_Desc	319	paid_activity_cost_scaling		unknown		Only the stated decoded owner/default and condition; active-version selection unconfirmed	unresolved	Controller/ingredient runtime rule remains unresolved. Reference fallback counters are not starting counts; revival operation graph retained without guessing operator semantics. Evidence ID: resources.Dream Shards.paid_activity_cost_scaling	EntitySettings/Heroes/Hero_Common!Hero_Common.entity.ot.EntitySettingsResource.gen		EntitySettings/Heroes/Hero_Common!Hero_Common.entity.ot.EntitySettingsResource.gen -> 					
Resources	Core	Stars of Fate	Common.LangEN.tsv	Menu_Rerolls_Desc	321	starting_count		unknown		Only the stated decoded owner/default and condition; active-version selection unconfirmed	unresolved	Controller/ingredient runtime rule remains unresolved. Reference fallback counters are not starting counts; revival operation graph retained without guessing operator semantics. Evidence ID: resources.Stars of Fate.starting_count	EntitySettings/Heroes/Hero_Common!Hero_Common.entity.ot.EntitySettingsResource.gen		EntitySettings/Heroes/Hero_Common!Hero_Common.entity.ot.EntitySettingsResource.gen -> 					
Resources	Core	Stars of Fate	Common.LangEN.tsv	Menu_Rerolls_Desc	321	talent_reroll_cost		unknown		Only the stated decoded owner/default and condition; active-version selection unconfirmed	unresolved	Controller/ingredient runtime rule remains unresolved. Reference fallback counters are not starting counts; revival operation graph retained without guessing operator semantics. Evidence ID: resources.Stars of Fate.talent_reroll_cost	EntitySettings/Heroes/Hero_Common!Hero_Common.entity.ot.EntitySettingsResource.gen		EntitySettings/Heroes/Hero_Common!Hero_Common.entity.ot.EntitySettingsResource.gen -> 					
Resources	Core	Stars of Fate	Common.LangEN.tsv	Menu_Rerolls_Desc	321	talent_choice_count		unknown		Only the stated decoded owner/default and condition; active-version selection unconfirmed	unresolved	Controller/ingredient runtime rule remains unresolved. Reference fallback counters are not starting counts; revival operation graph retained without guessing operator semantics. Evidence ID: resources.Stars of Fate.talent_choice_count	EntitySettings/Heroes/Hero_Common!Hero_Common.entity.ot.EntitySettingsResource.gen		EntitySettings/Heroes/Hero_Common!Hero_Common.entity.ot.EntitySettingsResource.gen -> 					
Resources	Core	Stars of Fate	Common.LangEN.tsv	Menu_Rerolls_Desc	321	object_choice_count		unknown		Only the stated decoded owner/default and condition; active-version selection unconfirmed	unresolved	Controller/ingredient runtime rule remains unresolved. Reference fallback counters are not starting counts; revival operation graph retained without guessing operator semantics. Evidence ID: resources.Stars of Fate.object_choice_count	EntitySettings/Heroes/Hero_Common!Hero_Common.entity.ot.EntitySettingsResource.gen		EntitySettings/Heroes/Hero_Common!Hero_Common.entity.ot.EntitySettingsResource.gen -> 					
Resources	Core	Stars of Fate	Common.LangEN.tsv	Menu_Rerolls_Desc	321	reroll_modifiers		unknown		Only the stated decoded owner/default and condition; active-version selection unconfirmed	unresolved	Controller/ingredient runtime rule remains unresolved. Reference fallback counters are not starting counts; revival operation graph retained without guessing operator semantics. Evidence ID: resources.Stars of Fate.reroll_modifiers	EntitySettings/Heroes/Hero_Common!Hero_Common.entity.ot.EntitySettingsResource.gen		EntitySettings/Heroes/Hero_Common!Hero_Common.entity.ot.EntitySettingsResource.gen -> 					
Resources	Core	Raven Feather	Common.LangEN.tsv	Menu_Feathers_Desc	323	starting_count		unknown		Only the stated decoded owner/default and condition; active-version selection unconfirmed	unresolved	Controller/ingredient runtime rule remains unresolved. Reference fallback counters are not starting counts; revival operation graph retained without guessing operator semantics. Evidence ID: resources.Raven Feather.starting_count	EntitySettings/Heroes/Hero_Common!Hero_Common.entity.ot.EntitySettingsResource.gen		EntitySettings/Heroes/Hero_Common!Hero_Common.entity.ot.EntitySettingsResource.gen -> 					
Resources	Core	Raven Feather	Common.LangEN.tsv	Menu_Feathers_Desc	323	shared_or_per_player_count		unknown		Only the stated decoded owner/default and condition; active-version selection unconfirmed	unresolved	Controller/ingredient runtime rule remains unresolved. Reference fallback counters are not starting counts; revival operation graph retained without guessing operator semantics. Evidence ID: resources.Raven Feather.shared_or_per_player_count	EntitySettings/Heroes/Hero_Common!Hero_Common.entity.ot.EntitySettingsResource.gen		EntitySettings/Heroes/Hero_Common!Hero_Common.entity.ot.EntitySettingsResource.gen -> 					
Resources	Core	Raven Feather	Common.LangEN.tsv	Menu_Feathers_Desc	323	consumption_per_recovery		unknown		Only the stated decoded owner/default and condition; active-version selection unconfirmed	unresolved	Controller/ingredient runtime rule remains unresolved. Reference fallback counters are not starting counts; revival operation graph retained without guessing operator semantics. Evidence ID: resources.Raven Feather.consumption_per_recovery	EntitySettings/Heroes/Hero_Common!Hero_Common.entity.ot.EntitySettingsResource.gen		EntitySettings/Heroes/Hero_Common!Hero_Common.entity.ot.EntitySettingsResource.gen -> 					
Resources	Core	Raven Feather	Common.LangEN.tsv	Menu_Feathers_Desc	323	revive_channel_duration		unknown		Only the stated decoded owner/default and condition; active-version selection unconfirmed	unresolved	Controller/ingredient runtime rule remains unresolved. Reference fallback counters are not starting counts; revival operation graph retained without guessing operator semantics. Evidence ID: resources.Raven Feather.revive_channel_duration	EntitySettings/Heroes/Hero_Common!Hero_Common.entity.ot.EntitySettingsResource.gen		EntitySettings/Heroes/Hero_Common!Hero_Common.entity.ot.EntitySettingsResource.gen -> 					
Resources	Core	Raven Feather	Common.LangEN.tsv	Menu_Feathers_Desc	323	revived_health_ratio		unknown		Only the stated decoded owner/default and condition; active-version selection unconfirmed	unresolved	Controller/ingredient runtime rule remains unresolved. Reference fallback counters are not starting counts; revival operation graph retained without guessing operator semantics. Evidence ID: resources.Raven Feather.revived_health_ratio	EntitySettings/Heroes/Hero_Common!Hero_Common.entity.ot.EntitySettingsResource.gen		EntitySettings/Heroes/Hero_Common!Hero_Common.entity.ot.EntitySettingsResource.gen -> 					
Resources	Core	Nightmare Key	Common.LangEN.tsv	Menu_Keys_Desc	325	starting_count		unknown		Only the stated decoded owner/default and condition; active-version selection unconfirmed	unresolved	Controller/ingredient runtime rule remains unresolved. Reference fallback counters are not starting counts; revival operation graph retained without guessing operator semantics. Evidence ID: resources.Nightmare Key.starting_count	EntitySettings/Heroes/Hero_Common!Hero_Common.entity.ot.EntitySettingsResource.gen		EntitySettings/Heroes/Hero_Common!Hero_Common.entity.ot.EntitySettingsResource.gen -> 					
Resources	Core	Nightmare Key	Common.LangEN.tsv	Menu_Keys_Desc	325	keys_per_lock		unknown		Only the stated decoded owner/default and condition; active-version selection unconfirmed	unresolved	Controller/ingredient runtime rule remains unresolved. Reference fallback counters are not starting counts; revival operation graph retained without guessing operator semantics. Evidence ID: resources.Nightmare Key.keys_per_lock	EntitySettings/Heroes/Hero_Common!Hero_Common.entity.ot.EntitySettingsResource.gen		EntitySettings/Heroes/Hero_Common!Hero_Common.entity.ot.EntitySettingsResource.gen -> 					
Resources	Chest Starts Locked Value true	Stars of Fate	none	none	none	chest_reroll_cost	2	stars_of_fate	2	Only the stated decoded owner/default and condition; active-version selection unconfirmed	decoded-baseline	Conditional selector cost; general talent/object reroll costs and other modifiers unresolved. Evidence ID: resources.chest_reroll.0	EntitySettings/Objects_Common/Chest_Model.entity.ot.EntitySettingsResource.gen	Reroll Price Value Selector	EntitySettings/Objects_Common/Chest_Model.entity.ot.EntitySettingsResource.gen -> Reroll Price Value Selector					
Resources	Default branch otherwise	Stars of Fate	none	none	none	chest_reroll_cost	1	stars_of_fate	1	Only the stated decoded owner/default and condition; active-version selection unconfirmed	decoded-baseline	Conditional selector cost; general talent/object reroll costs and other modifiers unresolved. Evidence ID: resources.chest_reroll.1	EntitySettings/Objects_Common/Chest_Model.entity.ot.EntitySettingsResource.gen	Reroll Price Value Selector	EntitySettings/Objects_Common/Chest_Model.entity.ot.EntitySettingsResource.gen -> Reroll Price Value Selector					
Sources / Prices	Decoded owner default	Wishing Well	none	none	none	configured_max_reward_count	3	objects	3	Only the stated decoded owner/default and condition; active-version selection unconfirmed	decoded-baseline	Explicit literal; active owner selection and other runtime overrides remain unconfirmed. Evidence ID: well.max_purchases	EntitySettings/Objects_Common/Wishing_Well_Model.entity.ot.EntitySettingsResource.gen	Max Reward Drop Count Value	EntitySettings/Objects_Common/Wishing_Well_Model.entity.ot.EntitySettingsResource.gen -> Max Reward Drop Count Value					
Sources / Prices	Reward Tier selects T1; Dropped Objects Counter == 0	Wishing Well	none	none	none	base_purchase_price	50	dream_shards	50	Only the stated decoded owner/default and condition; active-version selection unconfirmed	decoded-baseline	Base switch amount; Price Operation references hero DS price ratio. Final price and rounding require code/operator semantics. Evidence ID: well.price.1.0	EntitySettings/Objects_Common/Wishing_Well_Model.entity.ot.EntitySettingsResource.gen	Price Switch Selector T1	EntitySettings/Objects_Common/Wishing_Well_Model.entity.ot.EntitySettingsResource.gen -> Price Switch Selector T1					
Sources / Prices	Reward Tier selects T1; Dropped Objects Counter == 1	Wishing Well	none	none	none	base_purchase_price	100	dream_shards	100	Only the stated decoded owner/default and condition; active-version selection unconfirmed	decoded-baseline	Base switch amount; Price Operation references hero DS price ratio. Final price and rounding require code/operator semantics. Evidence ID: well.price.1.1	EntitySettings/Objects_Common/Wishing_Well_Model.entity.ot.EntitySettingsResource.gen	Price Switch Selector T1	EntitySettings/Objects_Common/Wishing_Well_Model.entity.ot.EntitySettingsResource.gen -> Price Switch Selector T1					
Sources / Prices	Reward Tier selects T1; Dropped Objects Counter == 2	Wishing Well	none	none	none	base_purchase_price	150	dream_shards	150	Only the stated decoded owner/default and condition; active-version selection unconfirmed	decoded-baseline	Base switch amount; Price Operation references hero DS price ratio. Final price and rounding require code/operator semantics. Evidence ID: well.price.1.2	EntitySettings/Objects_Common/Wishing_Well_Model.entity.ot.EntitySettingsResource.gen	Price Switch Selector T1	EntitySettings/Objects_Common/Wishing_Well_Model.entity.ot.EntitySettingsResource.gen -> Price Switch Selector T1					
Sources / Prices	Reward Tier selects T2; Dropped Objects Counter == 0	Wishing Well	none	none	none	base_purchase_price	100	dream_shards	100	Only the stated decoded owner/default and condition; active-version selection unconfirmed	decoded-baseline	Base switch amount; Price Operation references hero DS price ratio. Final price and rounding require code/operator semantics. Evidence ID: well.price.2.0	EntitySettings/Objects_Common/Wishing_Well_Model.entity.ot.EntitySettingsResource.gen	Price Switch Selector T2	EntitySettings/Objects_Common/Wishing_Well_Model.entity.ot.EntitySettingsResource.gen -> Price Switch Selector T2					
Sources / Prices	Reward Tier selects T2; Dropped Objects Counter == 1	Wishing Well	none	none	none	base_purchase_price	150	dream_shards	150	Only the stated decoded owner/default and condition; active-version selection unconfirmed	decoded-baseline	Base switch amount; Price Operation references hero DS price ratio. Final price and rounding require code/operator semantics. Evidence ID: well.price.2.1	EntitySettings/Objects_Common/Wishing_Well_Model.entity.ot.EntitySettingsResource.gen	Price Switch Selector T2	EntitySettings/Objects_Common/Wishing_Well_Model.entity.ot.EntitySettingsResource.gen -> Price Switch Selector T2					
Sources / Prices	Reward Tier selects T2; Dropped Objects Counter == 2	Wishing Well	none	none	none	base_purchase_price	250	dream_shards	250	Only the stated decoded owner/default and condition; active-version selection unconfirmed	decoded-baseline	Base switch amount; Price Operation references hero DS price ratio. Final price and rounding require code/operator semantics. Evidence ID: well.price.2.2	EntitySettings/Objects_Common/Wishing_Well_Model.entity.ot.EntitySettingsResource.gen	Price Switch Selector T2	EntitySettings/Objects_Common/Wishing_Well_Model.entity.ot.EntitySettingsResource.gen -> Price Switch Selector T2					
Sources / Prices	Reward Tier selects T3; Dropped Objects Counter == 0	Wishing Well	none	none	none	base_purchase_price	150	dream_shards	150	Only the stated decoded owner/default and condition; active-version selection unconfirmed	decoded-baseline	Base switch amount; Price Operation references hero DS price ratio. Final price and rounding require code/operator semantics. Evidence ID: well.price.3.0	EntitySettings/Objects_Common/Wishing_Well_Model.entity.ot.EntitySettingsResource.gen	Price Switch Selector T3	EntitySettings/Objects_Common/Wishing_Well_Model.entity.ot.EntitySettingsResource.gen -> Price Switch Selector T3					
Sources / Prices	Reward Tier selects T3; Dropped Objects Counter == 1	Wishing Well	none	none	none	base_purchase_price	250	dream_shards	250	Only the stated decoded owner/default and condition; active-version selection unconfirmed	decoded-baseline	Base switch amount; Price Operation references hero DS price ratio. Final price and rounding require code/operator semantics. Evidence ID: well.price.3.1	EntitySettings/Objects_Common/Wishing_Well_Model.entity.ot.EntitySettingsResource.gen	Price Switch Selector T3	EntitySettings/Objects_Common/Wishing_Well_Model.entity.ot.EntitySettingsResource.gen -> Price Switch Selector T3					
Sources / Prices	Reward Tier selects T3; Dropped Objects Counter == 2	Wishing Well	none	none	none	base_purchase_price	350	dream_shards	350	Only the stated decoded owner/default and condition; active-version selection unconfirmed	decoded-baseline	Base switch amount; Price Operation references hero DS price ratio. Final price and rounding require code/operator semantics. Evidence ID: well.price.3.2	EntitySettings/Objects_Common/Wishing_Well_Model.entity.ot.EntitySettingsResource.gen	Price Switch Selector T3	EntitySettings/Objects_Common/Wishing_Well_Model.entity.ot.EntitySettingsResource.gen -> Price Switch Selector T3					
Sources / Prices	Core	Wishing Well	none	none	none	final_price_formula		unknown		Only the stated decoded owner/default and condition; active-version selection unconfirmed	unresolved	Base switch prices decoded; hero DS price ratio and operation semantics/rounding unresolved. Evidence ID: well.final_price	EntitySettings/Objects_Common/Wishing_Well_Model.entity.ot.EntitySettingsResource.gen	Price Operation	EntitySettings/Objects_Common/Wishing_Well_Model.entity.ot.EntitySettingsResource.gen -> Price Operation					
Sources / Rewards	Prior canonical explicit entity setting; active reward mapping unresolved	Avalon/Objects_Tree_Quest!Morgan_Tree_Quest_Reward_Spawner	none	none	none	common_entity_set_chance	0	percent	0 * 100	Only the stated decoded owner/default and condition; active-version selection unconfirmed	existing-table	No new raw active spawn mapping asserted. Template and live-map/display identity must be traced separately. Evidence ID: existing.Avalon/Objects_Tree_Quest!Morgan_Tree_Quest_Reward_Spawner.common	ravenswatch-wiki-data/data/Magical_Objects_Sources.tsv	Avalon/Objects_Tree_Quest!Morgan_Tree_Quest_Reward_Spawner / common	ravenswatch-wiki-data/data/Magical_Objects_Sources.tsv -> Avalon/Objects_Tree_Quest!Morgan_Tree_Quest_Reward_Spawner / common					
Sources / Rewards	Prior canonical explicit entity setting; active reward mapping unresolved	Avalon/Objects_Tree_Quest!Morgan_Tree_Quest_Reward_Spawner	none	none	none	rare_entity_set_chance	0	percent	0 * 100	Only the stated decoded owner/default and condition; active-version selection unconfirmed	existing-table	No new raw active spawn mapping asserted. Template and live-map/display identity must be traced separately. Evidence ID: existing.Avalon/Objects_Tree_Quest!Morgan_Tree_Quest_Reward_Spawner.rare	ravenswatch-wiki-data/data/Magical_Objects_Sources.tsv	Avalon/Objects_Tree_Quest!Morgan_Tree_Quest_Reward_Spawner / rare	ravenswatch-wiki-data/data/Magical_Objects_Sources.tsv -> Avalon/Objects_Tree_Quest!Morgan_Tree_Quest_Reward_Spawner / rare					
Sources / Rewards	Prior canonical explicit entity setting; active reward mapping unresolved	Avalon/Objects_Tree_Quest!Morgan_Tree_Quest_Reward_Spawner	none	none	none	epic_entity_set_chance	0	percent	0 * 100	Only the stated decoded owner/default and condition; active-version selection unconfirmed	existing-table	No new raw active spawn mapping asserted. Template and live-map/display identity must be traced separately. Evidence ID: existing.Avalon/Objects_Tree_Quest!Morgan_Tree_Quest_Reward_Spawner.epic	ravenswatch-wiki-data/data/Magical_Objects_Sources.tsv	Avalon/Objects_Tree_Quest!Morgan_Tree_Quest_Reward_Spawner / epic	ravenswatch-wiki-data/data/Magical_Objects_Sources.tsv -> Avalon/Objects_Tree_Quest!Morgan_Tree_Quest_Reward_Spawner / epic					
Sources / Rewards	Prior canonical explicit entity setting; active reward mapping unresolved	Avalon/Objects_Tree_Quest!Morgan_Tree_Quest_Reward_Spawner	none	none	none	legendary_entity_set_chance	100	percent	1 * 100	Only the stated decoded owner/default and condition; active-version selection unconfirmed	existing-table	No new raw active spawn mapping asserted. Template and live-map/display identity must be traced separately. Evidence ID: existing.Avalon/Objects_Tree_Quest!Morgan_Tree_Quest_Reward_Spawner.legendary	ravenswatch-wiki-data/data/Magical_Objects_Sources.tsv	Avalon/Objects_Tree_Quest!Morgan_Tree_Quest_Reward_Spawner / legendary	ravenswatch-wiki-data/data/Magical_Objects_Sources.tsv -> Avalon/Objects_Tree_Quest!Morgan_Tree_Quest_Reward_Spawner / legendary					
Sources / Rewards	Prior canonical explicit entity setting; active reward mapping unresolved	Avalon/Objects_Tree_Quest!Morgan_Tree_Quest_Reward_Spawner	none	none	none	cursed_entity_set_chance	0	percent	0 * 100	Only the stated decoded owner/default and condition; active-version selection unconfirmed	existing-table	No new raw active spawn mapping asserted. Template and live-map/display identity must be traced separately. Evidence ID: existing.Avalon/Objects_Tree_Quest!Morgan_Tree_Quest_Reward_Spawner.cursed	ravenswatch-wiki-data/data/Magical_Objects_Sources.tsv	Avalon/Objects_Tree_Quest!Morgan_Tree_Quest_Reward_Spawner / cursed	ravenswatch-wiki-data/data/Magical_Objects_Sources.tsv -> Avalon/Objects_Tree_Quest!Morgan_Tree_Quest_Reward_Spawner / cursed					
Sources / Rewards	Core	Avalon/Objects_Tree_Quest!Morgan_Tree_Quest_Reward_Spawner	none	none	none	active_reward_mapping_and_display_name		unknown		Only the stated decoded owner/default and condition; active-version selection unconfirmed	unresolved	Canonical source entity-set odds do not establish active-version ownership, tier display name or consumer. No arbitrary gameplay attribution. Evidence ID: existing.Avalon/Objects_Tree_Quest!Morgan_Tree_Quest_Reward_Spawner.active	ravenswatch-wiki-data/data/Magical_Objects_Sources.tsv	Avalon/Objects_Tree_Quest!Morgan_Tree_Quest_Reward_Spawner	ravenswatch-wiki-data/data/Magical_Objects_Sources.tsv -> Avalon/Objects_Tree_Quest!Morgan_Tree_Quest_Reward_Spawner					
Sources / Rewards	Prior canonical explicit entity setting; active reward mapping unresolved	DarkHills/Houses_3Pigs!Pig_House_Reward_Spawner	none	none	none	common_entity_set_chance	0	percent	0 * 100	Only the stated decoded owner/default and condition; active-version selection unconfirmed	existing-table	No new raw active spawn mapping asserted. Template and live-map/display identity must be traced separately. Evidence ID: existing.DarkHills/Houses_3Pigs!Pig_House_Reward_Spawner.common	ravenswatch-wiki-data/data/Magical_Objects_Sources.tsv	DarkHills/Houses_3Pigs!Pig_House_Reward_Spawner / common	ravenswatch-wiki-data/data/Magical_Objects_Sources.tsv -> DarkHills/Houses_3Pigs!Pig_House_Reward_Spawner / common					
Sources / Rewards	Prior canonical explicit entity setting; active reward mapping unresolved	DarkHills/Houses_3Pigs!Pig_House_Reward_Spawner	none	none	none	rare_entity_set_chance	0	percent	0 * 100	Only the stated decoded owner/default and condition; active-version selection unconfirmed	existing-table	No new raw active spawn mapping asserted. Template and live-map/display identity must be traced separately. Evidence ID: existing.DarkHills/Houses_3Pigs!Pig_House_Reward_Spawner.rare	ravenswatch-wiki-data/data/Magical_Objects_Sources.tsv	DarkHills/Houses_3Pigs!Pig_House_Reward_Spawner / rare	ravenswatch-wiki-data/data/Magical_Objects_Sources.tsv -> DarkHills/Houses_3Pigs!Pig_House_Reward_Spawner / rare					
Sources / Rewards	Prior canonical explicit entity setting; active reward mapping unresolved	DarkHills/Houses_3Pigs!Pig_House_Reward_Spawner	none	none	none	epic_entity_set_chance	0	percent	0 * 100	Only the stated decoded owner/default and condition; active-version selection unconfirmed	existing-table	No new raw active spawn mapping asserted. Template and live-map/display identity must be traced separately. Evidence ID: existing.DarkHills/Houses_3Pigs!Pig_House_Reward_Spawner.epic	ravenswatch-wiki-data/data/Magical_Objects_Sources.tsv	DarkHills/Houses_3Pigs!Pig_House_Reward_Spawner / epic	ravenswatch-wiki-data/data/Magical_Objects_Sources.tsv -> DarkHills/Houses_3Pigs!Pig_House_Reward_Spawner / epic					
Sources / Rewards	Prior canonical explicit entity setting; active reward mapping unresolved	DarkHills/Houses_3Pigs!Pig_House_Reward_Spawner	none	none	none	legendary_entity_set_chance	100	percent	1 * 100	Only the stated decoded owner/default and condition; active-version selection unconfirmed	existing-table	No new raw active spawn mapping asserted. Template and live-map/display identity must be traced separately. Evidence ID: existing.DarkHills/Houses_3Pigs!Pig_House_Reward_Spawner.legendary	ravenswatch-wiki-data/data/Magical_Objects_Sources.tsv	DarkHills/Houses_3Pigs!Pig_House_Reward_Spawner / legendary	ravenswatch-wiki-data/data/Magical_Objects_Sources.tsv -> DarkHills/Houses_3Pigs!Pig_House_Reward_Spawner / legendary					
Sources / Rewards	Prior canonical explicit entity setting; active reward mapping unresolved	DarkHills/Houses_3Pigs!Pig_House_Reward_Spawner	none	none	none	cursed_entity_set_chance	0	percent	0 * 100	Only the stated decoded owner/default and condition; active-version selection unconfirmed	existing-table	No new raw active spawn mapping asserted. Template and live-map/display identity must be traced separately. Evidence ID: existing.DarkHills/Houses_3Pigs!Pig_House_Reward_Spawner.cursed	ravenswatch-wiki-data/data/Magical_Objects_Sources.tsv	DarkHills/Houses_3Pigs!Pig_House_Reward_Spawner / cursed	ravenswatch-wiki-data/data/Magical_Objects_Sources.tsv -> DarkHills/Houses_3Pigs!Pig_House_Reward_Spawner / cursed					
Sources / Rewards	Core	DarkHills/Houses_3Pigs!Pig_House_Reward_Spawner	none	none	none	active_reward_mapping_and_display_name		unknown		Only the stated decoded owner/default and condition; active-version selection unconfirmed	unresolved	Canonical source entity-set odds do not establish active-version ownership, tier display name or consumer. No arbitrary gameplay attribution. Evidence ID: existing.DarkHills/Houses_3Pigs!Pig_House_Reward_Spawner.active	ravenswatch-wiki-data/data/Magical_Objects_Sources.tsv	DarkHills/Houses_3Pigs!Pig_House_Reward_Spawner	ravenswatch-wiki-data/data/Magical_Objects_Sources.tsv -> DarkHills/Houses_3Pigs!Pig_House_Reward_Spawner					
Sources / Rewards	Prior canonical explicit entity setting; active reward mapping unresolved	DarkHills/Jack!Jack_Reward_Spawner	none	none	none	common_entity_set_chance	0	percent	0 * 100	Only the stated decoded owner/default and condition; active-version selection unconfirmed	existing-table	No new raw active spawn mapping asserted. Template and live-map/display identity must be traced separately. Evidence ID: existing.DarkHills/Jack!Jack_Reward_Spawner.common	ravenswatch-wiki-data/data/Magical_Objects_Sources.tsv	DarkHills/Jack!Jack_Reward_Spawner / common	ravenswatch-wiki-data/data/Magical_Objects_Sources.tsv -> DarkHills/Jack!Jack_Reward_Spawner / common					
Sources / Rewards	Prior canonical explicit entity setting; active reward mapping unresolved	DarkHills/Jack!Jack_Reward_Spawner	none	none	none	rare_entity_set_chance	0	percent	0 * 100	Only the stated decoded owner/default and condition; active-version selection unconfirmed	existing-table	No new raw active spawn mapping asserted. Template and live-map/display identity must be traced separately. Evidence ID: existing.DarkHills/Jack!Jack_Reward_Spawner.rare	ravenswatch-wiki-data/data/Magical_Objects_Sources.tsv	DarkHills/Jack!Jack_Reward_Spawner / rare	ravenswatch-wiki-data/data/Magical_Objects_Sources.tsv -> DarkHills/Jack!Jack_Reward_Spawner / rare					
Sources / Rewards	Prior canonical explicit entity setting; active reward mapping unresolved	DarkHills/Jack!Jack_Reward_Spawner	none	none	none	epic_entity_set_chance	0	percent	0 * 100	Only the stated decoded owner/default and condition; active-version selection unconfirmed	existing-table	No new raw active spawn mapping asserted. Template and live-map/display identity must be traced separately. Evidence ID: existing.DarkHills/Jack!Jack_Reward_Spawner.epic	ravenswatch-wiki-data/data/Magical_Objects_Sources.tsv	DarkHills/Jack!Jack_Reward_Spawner / epic	ravenswatch-wiki-data/data/Magical_Objects_Sources.tsv -> DarkHills/Jack!Jack_Reward_Spawner / epic					
Sources / Rewards	Prior canonical explicit entity setting; active reward mapping unresolved	DarkHills/Jack!Jack_Reward_Spawner	none	none	none	legendary_entity_set_chance	100	percent	1 * 100	Only the stated decoded owner/default and condition; active-version selection unconfirmed	existing-table	No new raw active spawn mapping asserted. Template and live-map/display identity must be traced separately. Evidence ID: existing.DarkHills/Jack!Jack_Reward_Spawner.legendary	ravenswatch-wiki-data/data/Magical_Objects_Sources.tsv	DarkHills/Jack!Jack_Reward_Spawner / legendary	ravenswatch-wiki-data/data/Magical_Objects_Sources.tsv -> DarkHills/Jack!Jack_Reward_Spawner / legendary					
Sources / Rewards	Prior canonical explicit entity setting; active reward mapping unresolved	DarkHills/Jack!Jack_Reward_Spawner	none	none	none	cursed_entity_set_chance	0	percent	0 * 100	Only the stated decoded owner/default and condition; active-version selection unconfirmed	existing-table	No new raw active spawn mapping asserted. Template and live-map/display identity must be traced separately. Evidence ID: existing.DarkHills/Jack!Jack_Reward_Spawner.cursed	ravenswatch-wiki-data/data/Magical_Objects_Sources.tsv	DarkHills/Jack!Jack_Reward_Spawner / cursed	ravenswatch-wiki-data/data/Magical_Objects_Sources.tsv -> DarkHills/Jack!Jack_Reward_Spawner / cursed					
Sources / Rewards	Core	DarkHills/Jack!Jack_Reward_Spawner	none	none	none	active_reward_mapping_and_display_name		unknown		Only the stated decoded owner/default and condition; active-version selection unconfirmed	unresolved	Canonical source entity-set odds do not establish active-version ownership, tier display name or consumer. No arbitrary gameplay attribution. Evidence ID: existing.DarkHills/Jack!Jack_Reward_Spawner.active	ravenswatch-wiki-data/data/Magical_Objects_Sources.tsv	DarkHills/Jack!Jack_Reward_Spawner	ravenswatch-wiki-data/data/Magical_Objects_Sources.tsv -> DarkHills/Jack!Jack_Reward_Spawner					
Sources / Rewards	Prior canonical explicit entity setting; active reward mapping unresolved	DarkHills/Objects_DarkHills!Boss_Shrine_White_Lady_Reward	none	none	none	common_entity_set_chance	0	percent	0 * 100	Only the stated decoded owner/default and condition; active-version selection unconfirmed	existing-table	No new raw active spawn mapping asserted. Template and live-map/display identity must be traced separately. Evidence ID: existing.DarkHills/Objects_DarkHills!Boss_Shrine_White_Lady_Reward.common	ravenswatch-wiki-data/data/Magical_Objects_Sources.tsv	DarkHills/Objects_DarkHills!Boss_Shrine_White_Lady_Reward / common	ravenswatch-wiki-data/data/Magical_Objects_Sources.tsv -> DarkHills/Objects_DarkHills!Boss_Shrine_White_Lady_Reward / common					
Sources / Rewards	Prior canonical explicit entity setting; active reward mapping unresolved	DarkHills/Objects_DarkHills!Boss_Shrine_White_Lady_Reward	none	none	none	rare_entity_set_chance	0	percent	0 * 100	Only the stated decoded owner/default and condition; active-version selection unconfirmed	existing-table	No new raw active spawn mapping asserted. Template and live-map/display identity must be traced separately. Evidence ID: existing.DarkHills/Objects_DarkHills!Boss_Shrine_White_Lady_Reward.rare	ravenswatch-wiki-data/data/Magical_Objects_Sources.tsv	DarkHills/Objects_DarkHills!Boss_Shrine_White_Lady_Reward / rare	ravenswatch-wiki-data/data/Magical_Objects_Sources.tsv -> DarkHills/Objects_DarkHills!Boss_Shrine_White_Lady_Reward / rare					
Sources / Rewards	Prior canonical explicit entity setting; active reward mapping unresolved	DarkHills/Objects_DarkHills!Boss_Shrine_White_Lady_Reward	none	none	none	epic_entity_set_chance	0	percent	0 * 100	Only the stated decoded owner/default and condition; active-version selection unconfirmed	existing-table	No new raw active spawn mapping asserted. Template and live-map/display identity must be traced separately. Evidence ID: existing.DarkHills/Objects_DarkHills!Boss_Shrine_White_Lady_Reward.epic	ravenswatch-wiki-data/data/Magical_Objects_Sources.tsv	DarkHills/Objects_DarkHills!Boss_Shrine_White_Lady_Reward / epic	ravenswatch-wiki-data/data/Magical_Objects_Sources.tsv -> DarkHills/Objects_DarkHills!Boss_Shrine_White_Lady_Reward / epic					
Sources / Rewards	Prior canonical explicit entity setting; active reward mapping unresolved	DarkHills/Objects_DarkHills!Boss_Shrine_White_Lady_Reward	none	none	none	legendary_entity_set_chance	0	percent	0 * 100	Only the stated decoded owner/default and condition; active-version selection unconfirmed	existing-table	No new raw active spawn mapping asserted. Template and live-map/display identity must be traced separately. Evidence ID: existing.DarkHills/Objects_DarkHills!Boss_Shrine_White_Lady_Reward.legendary	ravenswatch-wiki-data/data/Magical_Objects_Sources.tsv	DarkHills/Objects_DarkHills!Boss_Shrine_White_Lady_Reward / legendary	ravenswatch-wiki-data/data/Magical_Objects_Sources.tsv -> DarkHills/Objects_DarkHills!Boss_Shrine_White_Lady_Reward / legendary					
Sources / Rewards	Prior canonical explicit entity setting; active reward mapping unresolved	DarkHills/Objects_DarkHills!Boss_Shrine_White_Lady_Reward	none	none	none	cursed_entity_set_chance	100	percent	1 * 100	Only the stated decoded owner/default and condition; active-version selection unconfirmed	existing-table	No new raw active spawn mapping asserted. Template and live-map/display identity must be traced separately. Evidence ID: existing.DarkHills/Objects_DarkHills!Boss_Shrine_White_Lady_Reward.cursed	ravenswatch-wiki-data/data/Magical_Objects_Sources.tsv	DarkHills/Objects_DarkHills!Boss_Shrine_White_Lady_Reward / cursed	ravenswatch-wiki-data/data/Magical_Objects_Sources.tsv -> DarkHills/Objects_DarkHills!Boss_Shrine_White_Lady_Reward / cursed					
Sources / Rewards	Core	DarkHills/Objects_DarkHills!Boss_Shrine_White_Lady_Reward	none	none	none	active_reward_mapping_and_display_name		unknown		Only the stated decoded owner/default and condition; active-version selection unconfirmed	unresolved	Canonical source entity-set odds do not establish active-version ownership, tier display name or consumer. No arbitrary gameplay attribution. Evidence ID: existing.DarkHills/Objects_DarkHills!Boss_Shrine_White_Lady_Reward.active	ravenswatch-wiki-data/data/Magical_Objects_Sources.tsv	DarkHills/Objects_DarkHills!Boss_Shrine_White_Lady_Reward	ravenswatch-wiki-data/data/Magical_Objects_Sources.tsv -> DarkHills/Objects_DarkHills!Boss_Shrine_White_Lady_Reward					
Sources / Rewards	Prior canonical explicit entity setting; active reward mapping unresolved	Enemies/Stingy_Jack!Stingy_Jack_Reward_Avalon_T1	none	none	none	common_entity_set_chance	60	percent	0.6 * 100	Only the stated decoded owner/default and condition; active-version selection unconfirmed	existing-table	No new raw active spawn mapping asserted. Template and live-map/display identity must be traced separately. Evidence ID: existing.Enemies/Stingy_Jack!Stingy_Jack_Reward_Avalon_T1.common	ravenswatch-wiki-data/data/Magical_Objects_Sources.tsv	Enemies/Stingy_Jack!Stingy_Jack_Reward_Avalon_T1 / common	ravenswatch-wiki-data/data/Magical_Objects_Sources.tsv -> Enemies/Stingy_Jack!Stingy_Jack_Reward_Avalon_T1 / common					
Sources / Rewards	Prior canonical explicit entity setting; active reward mapping unresolved	Enemies/Stingy_Jack!Stingy_Jack_Reward_Avalon_T1	none	none	none	rare_entity_set_chance	40	percent	0.4 * 100	Only the stated decoded owner/default and condition; active-version selection unconfirmed	existing-table	No new raw active spawn mapping asserted. Template and live-map/display identity must be traced separately. Evidence ID: existing.Enemies/Stingy_Jack!Stingy_Jack_Reward_Avalon_T1.rare	ravenswatch-wiki-data/data/Magical_Objects_Sources.tsv	Enemies/Stingy_Jack!Stingy_Jack_Reward_Avalon_T1 / rare	ravenswatch-wiki-data/data/Magical_Objects_Sources.tsv -> Enemies/Stingy_Jack!Stingy_Jack_Reward_Avalon_T1 / rare					
Sources / Rewards	Prior canonical explicit entity setting; active reward mapping unresolved	Enemies/Stingy_Jack!Stingy_Jack_Reward_Avalon_T1	none	none	none	epic_entity_set_chance	0	percent	0 * 100	Only the stated decoded owner/default and condition; active-version selection unconfirmed	existing-table	No new raw active spawn mapping asserted. Template and live-map/display identity must be traced separately. Evidence ID: existing.Enemies/Stingy_Jack!Stingy_Jack_Reward_Avalon_T1.epic	ravenswatch-wiki-data/data/Magical_Objects_Sources.tsv	Enemies/Stingy_Jack!Stingy_Jack_Reward_Avalon_T1 / epic	ravenswatch-wiki-data/data/Magical_Objects_Sources.tsv -> Enemies/Stingy_Jack!Stingy_Jack_Reward_Avalon_T1 / epic					
Sources / Rewards	Core	Enemies/Stingy_Jack!Stingy_Jack_Reward_Avalon_T1	none	none	none	active_reward_mapping_and_display_name		unknown		Only the stated decoded owner/default and condition; active-version selection unconfirmed	unresolved	Canonical source entity-set odds do not establish active-version ownership, tier display name or consumer. No arbitrary gameplay attribution. Evidence ID: existing.Enemies/Stingy_Jack!Stingy_Jack_Reward_Avalon_T1.active	ravenswatch-wiki-data/data/Magical_Objects_Sources.tsv	Enemies/Stingy_Jack!Stingy_Jack_Reward_Avalon_T1	ravenswatch-wiki-data/data/Magical_Objects_Sources.tsv -> Enemies/Stingy_Jack!Stingy_Jack_Reward_Avalon_T1					
Sources / Rewards	Prior canonical explicit entity setting; active reward mapping unresolved	Enemies/Stingy_Jack!Stingy_Jack_Reward_Avalon_T2	none	none	none	common_entity_set_chance	20	percent	0.2 * 100	Only the stated decoded owner/default and condition; active-version selection unconfirmed	existing-table	No new raw active spawn mapping asserted. Template and live-map/display identity must be traced separately. Evidence ID: existing.Enemies/Stingy_Jack!Stingy_Jack_Reward_Avalon_T2.common	ravenswatch-wiki-data/data/Magical_Objects_Sources.tsv	Enemies/Stingy_Jack!Stingy_Jack_Reward_Avalon_T2 / common	ravenswatch-wiki-data/data/Magical_Objects_Sources.tsv -> Enemies/Stingy_Jack!Stingy_Jack_Reward_Avalon_T2 / common					
Sources / Rewards	Prior canonical explicit entity setting; active reward mapping unresolved	Enemies/Stingy_Jack!Stingy_Jack_Reward_Avalon_T2	none	none	none	rare_entity_set_chance	50	percent	0.5 * 100	Only the stated decoded owner/default and condition; active-version selection unconfirmed	existing-table	No new raw active spawn mapping asserted. Template and live-map/display identity must be traced separately. Evidence ID: existing.Enemies/Stingy_Jack!Stingy_Jack_Reward_Avalon_T2.rare	ravenswatch-wiki-data/data/Magical_Objects_Sources.tsv	Enemies/Stingy_Jack!Stingy_Jack_Reward_Avalon_T2 / rare	ravenswatch-wiki-data/data/Magical_Objects_Sources.tsv -> Enemies/Stingy_Jack!Stingy_Jack_Reward_Avalon_T2 / rare					
Sources / Rewards	Prior canonical explicit entity setting; active reward mapping unresolved	Enemies/Stingy_Jack!Stingy_Jack_Reward_Avalon_T2	none	none	none	epic_entity_set_chance	30	percent	0.3 * 100	Only the stated decoded owner/default and condition; active-version selection unconfirmed	existing-table	No new raw active spawn mapping asserted. Template and live-map/display identity must be traced separately. Evidence ID: existing.Enemies/Stingy_Jack!Stingy_Jack_Reward_Avalon_T2.epic	ravenswatch-wiki-data/data/Magical_Objects_Sources.tsv	Enemies/Stingy_Jack!Stingy_Jack_Reward_Avalon_T2 / epic	ravenswatch-wiki-data/data/Magical_Objects_Sources.tsv -> Enemies/Stingy_Jack!Stingy_Jack_Reward_Avalon_T2 / epic					
Sources / Rewards	Core	Enemies/Stingy_Jack!Stingy_Jack_Reward_Avalon_T2	none	none	none	active_reward_mapping_and_display_name		unknown		Only the stated decoded owner/default and condition; active-version selection unconfirmed	unresolved	Canonical source entity-set odds do not establish active-version ownership, tier display name or consumer. No arbitrary gameplay attribution. Evidence ID: existing.Enemies/Stingy_Jack!Stingy_Jack_Reward_Avalon_T2.active	ravenswatch-wiki-data/data/Magical_Objects_Sources.tsv	Enemies/Stingy_Jack!Stingy_Jack_Reward_Avalon_T2	ravenswatch-wiki-data/data/Magical_Objects_Sources.tsv -> Enemies/Stingy_Jack!Stingy_Jack_Reward_Avalon_T2					
Sources / Rewards	Prior canonical explicit entity setting; active reward mapping unresolved	Enemies/Stingy_Jack!Stingy_Jack_Reward_Avalon_T3	none	none	none	common_entity_set_chance	0	percent	0 * 100	Only the stated decoded owner/default and condition; active-version selection unconfirmed	existing-table	No new raw active spawn mapping asserted. Template and live-map/display identity must be traced separately. Evidence ID: existing.Enemies/Stingy_Jack!Stingy_Jack_Reward_Avalon_T3.common	ravenswatch-wiki-data/data/Magical_Objects_Sources.tsv	Enemies/Stingy_Jack!Stingy_Jack_Reward_Avalon_T3 / common	ravenswatch-wiki-data/data/Magical_Objects_Sources.tsv -> Enemies/Stingy_Jack!Stingy_Jack_Reward_Avalon_T3 / common					
Sources / Rewards	Prior canonical explicit entity setting; active reward mapping unresolved	Enemies/Stingy_Jack!Stingy_Jack_Reward_Avalon_T3	none	none	none	rare_entity_set_chance	20	percent	0.2 * 100	Only the stated decoded owner/default and condition; active-version selection unconfirmed	existing-table	No new raw active spawn mapping asserted. Template and live-map/display identity must be traced separately. Evidence ID: existing.Enemies/Stingy_Jack!Stingy_Jack_Reward_Avalon_T3.rare	ravenswatch-wiki-data/data/Magical_Objects_Sources.tsv	Enemies/Stingy_Jack!Stingy_Jack_Reward_Avalon_T3 / rare	ravenswatch-wiki-data/data/Magical_Objects_Sources.tsv -> Enemies/Stingy_Jack!Stingy_Jack_Reward_Avalon_T3 / rare					
Sources / Rewards	Prior canonical explicit entity setting; active reward mapping unresolved	Enemies/Stingy_Jack!Stingy_Jack_Reward_Avalon_T3	none	none	none	epic_entity_set_chance	80	percent	0.8 * 100	Only the stated decoded owner/default and condition; active-version selection unconfirmed	existing-table	No new raw active spawn mapping asserted. Template and live-map/display identity must be traced separately. Evidence ID: existing.Enemies/Stingy_Jack!Stingy_Jack_Reward_Avalon_T3.epic	ravenswatch-wiki-data/data/Magical_Objects_Sources.tsv	Enemies/Stingy_Jack!Stingy_Jack_Reward_Avalon_T3 / epic	ravenswatch-wiki-data/data/Magical_Objects_Sources.tsv -> Enemies/Stingy_Jack!Stingy_Jack_Reward_Avalon_T3 / epic					
Sources / Rewards	Core	Enemies/Stingy_Jack!Stingy_Jack_Reward_Avalon_T3	none	none	none	active_reward_mapping_and_display_name		unknown		Only the stated decoded owner/default and condition; active-version selection unconfirmed	unresolved	Canonical source entity-set odds do not establish active-version ownership, tier display name or consumer. No arbitrary gameplay attribution. Evidence ID: existing.Enemies/Stingy_Jack!Stingy_Jack_Reward_Avalon_T3.active	ravenswatch-wiki-data/data/Magical_Objects_Sources.tsv	Enemies/Stingy_Jack!Stingy_Jack_Reward_Avalon_T3	ravenswatch-wiki-data/data/Magical_Objects_Sources.tsv -> Enemies/Stingy_Jack!Stingy_Jack_Reward_Avalon_T3					
Sources / Rewards	Prior canonical explicit entity setting; active reward mapping unresolved	Enemies/Stingy_Jack!Stingy_Jack_Reward_Dark_Hills_T2	none	none	none	common_entity_set_chance	40	percent	0.4 * 100	Only the stated decoded owner/default and condition; active-version selection unconfirmed	existing-table	No new raw active spawn mapping asserted. Template and live-map/display identity must be traced separately. Evidence ID: existing.Enemies/Stingy_Jack!Stingy_Jack_Reward_Dark_Hills_T2.common	ravenswatch-wiki-data/data/Magical_Objects_Sources.tsv	Enemies/Stingy_Jack!Stingy_Jack_Reward_Dark_Hills_T2 / common	ravenswatch-wiki-data/data/Magical_Objects_Sources.tsv -> Enemies/Stingy_Jack!Stingy_Jack_Reward_Dark_Hills_T2 / common					
Sources / Rewards	Prior canonical explicit entity setting; active reward mapping unresolved	Enemies/Stingy_Jack!Stingy_Jack_Reward_Dark_Hills_T2	none	none	none	rare_entity_set_chance	50	percent	0.5 * 100	Only the stated decoded owner/default and condition; active-version selection unconfirmed	existing-table	No new raw active spawn mapping asserted. Template and live-map/display identity must be traced separately. Evidence ID: existing.Enemies/Stingy_Jack!Stingy_Jack_Reward_Dark_Hills_T2.rare	ravenswatch-wiki-data/data/Magical_Objects_Sources.tsv	Enemies/Stingy_Jack!Stingy_Jack_Reward_Dark_Hills_T2 / rare	ravenswatch-wiki-data/data/Magical_Objects_Sources.tsv -> Enemies/Stingy_Jack!Stingy_Jack_Reward_Dark_Hills_T2 / rare					
Sources / Rewards	Prior canonical explicit entity setting; active reward mapping unresolved	Enemies/Stingy_Jack!Stingy_Jack_Reward_Dark_Hills_T2	none	none	none	epic_entity_set_chance	10	percent	0.1 * 100	Only the stated decoded owner/default and condition; active-version selection unconfirmed	existing-table	No new raw active spawn mapping asserted. Template and live-map/display identity must be traced separately. Evidence ID: existing.Enemies/Stingy_Jack!Stingy_Jack_Reward_Dark_Hills_T2.epic	ravenswatch-wiki-data/data/Magical_Objects_Sources.tsv	Enemies/Stingy_Jack!Stingy_Jack_Reward_Dark_Hills_T2 / epic	ravenswatch-wiki-data/data/Magical_Objects_Sources.tsv -> Enemies/Stingy_Jack!Stingy_Jack_Reward_Dark_Hills_T2 / epic					
Sources / Rewards	Core	Enemies/Stingy_Jack!Stingy_Jack_Reward_Dark_Hills_T2	none	none	none	active_reward_mapping_and_display_name		unknown		Only the stated decoded owner/default and condition; active-version selection unconfirmed	unresolved	Canonical source entity-set odds do not establish active-version ownership, tier display name or consumer. No arbitrary gameplay attribution. Evidence ID: existing.Enemies/Stingy_Jack!Stingy_Jack_Reward_Dark_Hills_T2.active	ravenswatch-wiki-data/data/Magical_Objects_Sources.tsv	Enemies/Stingy_Jack!Stingy_Jack_Reward_Dark_Hills_T2	ravenswatch-wiki-data/data/Magical_Objects_Sources.tsv -> Enemies/Stingy_Jack!Stingy_Jack_Reward_Dark_Hills_T2					
Sources / Rewards	Prior canonical explicit entity setting; active reward mapping unresolved	Enemies/Stingy_Jack!Stingy_Jack_Reward_Dark_Hills_T3	none	none	none	common_entity_set_chance	20	percent	0.2 * 100	Only the stated decoded owner/default and condition; active-version selection unconfirmed	existing-table	No new raw active spawn mapping asserted. Template and live-map/display identity must be traced separately. Evidence ID: existing.Enemies/Stingy_Jack!Stingy_Jack_Reward_Dark_Hills_T3.common	ravenswatch-wiki-data/data/Magical_Objects_Sources.tsv	Enemies/Stingy_Jack!Stingy_Jack_Reward_Dark_Hills_T3 / common	ravenswatch-wiki-data/data/Magical_Objects_Sources.tsv -> Enemies/Stingy_Jack!Stingy_Jack_Reward_Dark_Hills_T3 / common					
Sources / Rewards	Prior canonical explicit entity setting; active reward mapping unresolved	Enemies/Stingy_Jack!Stingy_Jack_Reward_Dark_Hills_T3	none	none	none	rare_entity_set_chance	30	percent	0.3 * 100	Only the stated decoded owner/default and condition; active-version selection unconfirmed	existing-table	No new raw active spawn mapping asserted. Template and live-map/display identity must be traced separately. Evidence ID: existing.Enemies/Stingy_Jack!Stingy_Jack_Reward_Dark_Hills_T3.rare	ravenswatch-wiki-data/data/Magical_Objects_Sources.tsv	Enemies/Stingy_Jack!Stingy_Jack_Reward_Dark_Hills_T3 / rare	ravenswatch-wiki-data/data/Magical_Objects_Sources.tsv -> Enemies/Stingy_Jack!Stingy_Jack_Reward_Dark_Hills_T3 / rare					
Sources / Rewards	Prior canonical explicit entity setting; active reward mapping unresolved	Enemies/Stingy_Jack!Stingy_Jack_Reward_Dark_Hills_T3	none	none	none	epic_entity_set_chance	50	percent	0.5 * 100	Only the stated decoded owner/default and condition; active-version selection unconfirmed	existing-table	No new raw active spawn mapping asserted. Template and live-map/display identity must be traced separately. Evidence ID: existing.Enemies/Stingy_Jack!Stingy_Jack_Reward_Dark_Hills_T3.epic	ravenswatch-wiki-data/data/Magical_Objects_Sources.tsv	Enemies/Stingy_Jack!Stingy_Jack_Reward_Dark_Hills_T3 / epic	ravenswatch-wiki-data/data/Magical_Objects_Sources.tsv -> Enemies/Stingy_Jack!Stingy_Jack_Reward_Dark_Hills_T3 / epic					
Sources / Rewards	Core	Enemies/Stingy_Jack!Stingy_Jack_Reward_Dark_Hills_T3	none	none	none	active_reward_mapping_and_display_name		unknown		Only the stated decoded owner/default and condition; active-version selection unconfirmed	unresolved	Canonical source entity-set odds do not establish active-version ownership, tier display name or consumer. No arbitrary gameplay attribution. Evidence ID: existing.Enemies/Stingy_Jack!Stingy_Jack_Reward_Dark_Hills_T3.active	ravenswatch-wiki-data/data/Magical_Objects_Sources.tsv	Enemies/Stingy_Jack!Stingy_Jack_Reward_Dark_Hills_T3	ravenswatch-wiki-data/data/Magical_Objects_Sources.tsv -> Enemies/Stingy_Jack!Stingy_Jack_Reward_Dark_Hills_T3					
Sources / Rewards	Prior canonical explicit entity setting; active reward mapping unresolved	Enemies/Stingy_Jack!Stingy_Jack_Reward_Storm_Island_T1	none	none	none	common_entity_set_chance	70	percent	0.7 * 100	Only the stated decoded owner/default and condition; active-version selection unconfirmed	existing-table	No new raw active spawn mapping asserted. Template and live-map/display identity must be traced separately. Evidence ID: existing.Enemies/Stingy_Jack!Stingy_Jack_Reward_Storm_Island_T1.common	ravenswatch-wiki-data/data/Magical_Objects_Sources.tsv	Enemies/Stingy_Jack!Stingy_Jack_Reward_Storm_Island_T1 / common	ravenswatch-wiki-data/data/Magical_Objects_Sources.tsv -> Enemies/Stingy_Jack!Stingy_Jack_Reward_Storm_Island_T1 / common					
Sources / Rewards	Prior canonical explicit entity setting; active reward mapping unresolved	Enemies/Stingy_Jack!Stingy_Jack_Reward_Storm_Island_T1	none	none	none	rare_entity_set_chance	30	percent	0.3 * 100	Only the stated decoded owner/default and condition; active-version selection unconfirmed	existing-table	No new raw active spawn mapping asserted. Template and live-map/display identity must be traced separately. Evidence ID: existing.Enemies/Stingy_Jack!Stingy_Jack_Reward_Storm_Island_T1.rare	ravenswatch-wiki-data/data/Magical_Objects_Sources.tsv	Enemies/Stingy_Jack!Stingy_Jack_Reward_Storm_Island_T1 / rare	ravenswatch-wiki-data/data/Magical_Objects_Sources.tsv -> Enemies/Stingy_Jack!Stingy_Jack_Reward_Storm_Island_T1 / rare					
Sources / Rewards	Prior canonical explicit entity setting; active reward mapping unresolved	Enemies/Stingy_Jack!Stingy_Jack_Reward_Storm_Island_T1	none	none	none	epic_entity_set_chance	0	percent	0 * 100	Only the stated decoded owner/default and condition; active-version selection unconfirmed	existing-table	No new raw active spawn mapping asserted. Template and live-map/display identity must be traced separately. Evidence ID: existing.Enemies/Stingy_Jack!Stingy_Jack_Reward_Storm_Island_T1.epic	ravenswatch-wiki-data/data/Magical_Objects_Sources.tsv	Enemies/Stingy_Jack!Stingy_Jack_Reward_Storm_Island_T1 / epic	ravenswatch-wiki-data/data/Magical_Objects_Sources.tsv -> Enemies/Stingy_Jack!Stingy_Jack_Reward_Storm_Island_T1 / epic					
Sources / Rewards	Core	Enemies/Stingy_Jack!Stingy_Jack_Reward_Storm_Island_T1	none	none	none	active_reward_mapping_and_display_name		unknown		Only the stated decoded owner/default and condition; active-version selection unconfirmed	unresolved	Canonical source entity-set odds do not establish active-version ownership, tier display name or consumer. No arbitrary gameplay attribution. Evidence ID: existing.Enemies/Stingy_Jack!Stingy_Jack_Reward_Storm_Island_T1.active	ravenswatch-wiki-data/data/Magical_Objects_Sources.tsv	Enemies/Stingy_Jack!Stingy_Jack_Reward_Storm_Island_T1	ravenswatch-wiki-data/data/Magical_Objects_Sources.tsv -> Enemies/Stingy_Jack!Stingy_Jack_Reward_Storm_Island_T1					
Sources / Rewards	Prior canonical explicit entity setting; active reward mapping unresolved	Enemies/Stingy_Jack!Stingy_Jack_Reward_Storm_Island_T2	none	none	none	common_entity_set_chance	30	percent	0.3 * 100	Only the stated decoded owner/default and condition; active-version selection unconfirmed	existing-table	No new raw active spawn mapping asserted. Template and live-map/display identity must be traced separately. Evidence ID: existing.Enemies/Stingy_Jack!Stingy_Jack_Reward_Storm_Island_T2.common	ravenswatch-wiki-data/data/Magical_Objects_Sources.tsv	Enemies/Stingy_Jack!Stingy_Jack_Reward_Storm_Island_T2 / common	ravenswatch-wiki-data/data/Magical_Objects_Sources.tsv -> Enemies/Stingy_Jack!Stingy_Jack_Reward_Storm_Island_T2 / common					
Sources / Rewards	Prior canonical explicit entity setting; active reward mapping unresolved	Enemies/Stingy_Jack!Stingy_Jack_Reward_Storm_Island_T2	none	none	none	rare_entity_set_chance	50	percent	0.5 * 100	Only the stated decoded owner/default and condition; active-version selection unconfirmed	existing-table	No new raw active spawn mapping asserted. Template and live-map/display identity must be traced separately. Evidence ID: existing.Enemies/Stingy_Jack!Stingy_Jack_Reward_Storm_Island_T2.rare	ravenswatch-wiki-data/data/Magical_Objects_Sources.tsv	Enemies/Stingy_Jack!Stingy_Jack_Reward_Storm_Island_T2 / rare	ravenswatch-wiki-data/data/Magical_Objects_Sources.tsv -> Enemies/Stingy_Jack!Stingy_Jack_Reward_Storm_Island_T2 / rare					
Sources / Rewards	Prior canonical explicit entity setting; active reward mapping unresolved	Enemies/Stingy_Jack!Stingy_Jack_Reward_Storm_Island_T2	none	none	none	epic_entity_set_chance	20	percent	0.2 * 100	Only the stated decoded owner/default and condition; active-version selection unconfirmed	existing-table	No new raw active spawn mapping asserted. Template and live-map/display identity must be traced separately. Evidence ID: existing.Enemies/Stingy_Jack!Stingy_Jack_Reward_Storm_Island_T2.epic	ravenswatch-wiki-data/data/Magical_Objects_Sources.tsv	Enemies/Stingy_Jack!Stingy_Jack_Reward_Storm_Island_T2 / epic	ravenswatch-wiki-data/data/Magical_Objects_Sources.tsv -> Enemies/Stingy_Jack!Stingy_Jack_Reward_Storm_Island_T2 / epic					
Sources / Rewards	Core	Enemies/Stingy_Jack!Stingy_Jack_Reward_Storm_Island_T2	none	none	none	active_reward_mapping_and_display_name		unknown		Only the stated decoded owner/default and condition; active-version selection unconfirmed	unresolved	Canonical source entity-set odds do not establish active-version ownership, tier display name or consumer. No arbitrary gameplay attribution. Evidence ID: existing.Enemies/Stingy_Jack!Stingy_Jack_Reward_Storm_Island_T2.active	ravenswatch-wiki-data/data/Magical_Objects_Sources.tsv	Enemies/Stingy_Jack!Stingy_Jack_Reward_Storm_Island_T2	ravenswatch-wiki-data/data/Magical_Objects_Sources.tsv -> Enemies/Stingy_Jack!Stingy_Jack_Reward_Storm_Island_T2					
Sources / Rewards	Prior canonical explicit entity setting; active reward mapping unresolved	Enemies/Stingy_Jack!Stingy_Jack_Reward_Storm_Island_T3	none	none	none	common_entity_set_chance	10	percent	0.1 * 100	Only the stated decoded owner/default and condition; active-version selection unconfirmed	existing-table	No new raw active spawn mapping asserted. Template and live-map/display identity must be traced separately. Evidence ID: existing.Enemies/Stingy_Jack!Stingy_Jack_Reward_Storm_Island_T3.common	ravenswatch-wiki-data/data/Magical_Objects_Sources.tsv	Enemies/Stingy_Jack!Stingy_Jack_Reward_Storm_Island_T3 / common	ravenswatch-wiki-data/data/Magical_Objects_Sources.tsv -> Enemies/Stingy_Jack!Stingy_Jack_Reward_Storm_Island_T3 / common					
Sources / Rewards	Prior canonical explicit entity setting; active reward mapping unresolved	Enemies/Stingy_Jack!Stingy_Jack_Reward_Storm_Island_T3	none	none	none	rare_entity_set_chance	25	percent	0.25 * 100	Only the stated decoded owner/default and condition; active-version selection unconfirmed	existing-table	No new raw active spawn mapping asserted. Template and live-map/display identity must be traced separately. Evidence ID: existing.Enemies/Stingy_Jack!Stingy_Jack_Reward_Storm_Island_T3.rare	ravenswatch-wiki-data/data/Magical_Objects_Sources.tsv	Enemies/Stingy_Jack!Stingy_Jack_Reward_Storm_Island_T3 / rare	ravenswatch-wiki-data/data/Magical_Objects_Sources.tsv -> Enemies/Stingy_Jack!Stingy_Jack_Reward_Storm_Island_T3 / rare					
Sources / Rewards	Prior canonical explicit entity setting; active reward mapping unresolved	Enemies/Stingy_Jack!Stingy_Jack_Reward_Storm_Island_T3	none	none	none	epic_entity_set_chance	65	percent	0.65 * 100	Only the stated decoded owner/default and condition; active-version selection unconfirmed	existing-table	No new raw active spawn mapping asserted. Template and live-map/display identity must be traced separately. Evidence ID: existing.Enemies/Stingy_Jack!Stingy_Jack_Reward_Storm_Island_T3.epic	ravenswatch-wiki-data/data/Magical_Objects_Sources.tsv	Enemies/Stingy_Jack!Stingy_Jack_Reward_Storm_Island_T3 / epic	ravenswatch-wiki-data/data/Magical_Objects_Sources.tsv -> Enemies/Stingy_Jack!Stingy_Jack_Reward_Storm_Island_T3 / epic					
Sources / Rewards	Core	Enemies/Stingy_Jack!Stingy_Jack_Reward_Storm_Island_T3	none	none	none	active_reward_mapping_and_display_name		unknown		Only the stated decoded owner/default and condition; active-version selection unconfirmed	unresolved	Canonical source entity-set odds do not establish active-version ownership, tier display name or consumer. No arbitrary gameplay attribution. Evidence ID: existing.Enemies/Stingy_Jack!Stingy_Jack_Reward_Storm_Island_T3.active	ravenswatch-wiki-data/data/Magical_Objects_Sources.tsv	Enemies/Stingy_Jack!Stingy_Jack_Reward_Storm_Island_T3	ravenswatch-wiki-data/data/Magical_Objects_Sources.tsv -> Enemies/Stingy_Jack!Stingy_Jack_Reward_Storm_Island_T3					
Sources / Rewards	Prior canonical explicit entity setting; active reward mapping unresolved	Objects_Common/Rare_Chest	none	none	none	common_entity_set_chance	0	percent	0 * 100	Only the stated decoded owner/default and condition; active-version selection unconfirmed	existing-table	No new raw active spawn mapping asserted. Template and live-map/display identity must be traced separately. Evidence ID: existing.Objects_Common/Rare_Chest.common	ravenswatch-wiki-data/data/Magical_Objects_Sources.tsv	Objects_Common/Rare_Chest / common	ravenswatch-wiki-data/data/Magical_Objects_Sources.tsv -> Objects_Common/Rare_Chest / common					
Sources / Rewards	Prior canonical explicit entity setting; active reward mapping unresolved	Objects_Common/Rare_Chest	none	none	none	rare_entity_set_chance	0	percent	0 * 100	Only the stated decoded owner/default and condition; active-version selection unconfirmed	existing-table	No new raw active spawn mapping asserted. Template and live-map/display identity must be traced separately. Evidence ID: existing.Objects_Common/Rare_Chest.rare	ravenswatch-wiki-data/data/Magical_Objects_Sources.tsv	Objects_Common/Rare_Chest / rare	ravenswatch-wiki-data/data/Magical_Objects_Sources.tsv -> Objects_Common/Rare_Chest / rare					
Sources / Rewards	Prior canonical explicit entity setting; active reward mapping unresolved	Objects_Common/Rare_Chest	none	none	none	epic_entity_set_chance	0	percent	0 * 100	Only the stated decoded owner/default and condition; active-version selection unconfirmed	existing-table	No new raw active spawn mapping asserted. Template and live-map/display identity must be traced separately. Evidence ID: existing.Objects_Common/Rare_Chest.epic	ravenswatch-wiki-data/data/Magical_Objects_Sources.tsv	Objects_Common/Rare_Chest / epic	ravenswatch-wiki-data/data/Magical_Objects_Sources.tsv -> Objects_Common/Rare_Chest / epic					
Sources / Rewards	Prior canonical explicit entity setting; active reward mapping unresolved	Objects_Common/Rare_Chest	none	none	none	legendary_entity_set_chance	50	percent	0.5 * 100	Only the stated decoded owner/default and condition; active-version selection unconfirmed	existing-table	No new raw active spawn mapping asserted. Template and live-map/display identity must be traced separately. Evidence ID: existing.Objects_Common/Rare_Chest.legendary	ravenswatch-wiki-data/data/Magical_Objects_Sources.tsv	Objects_Common/Rare_Chest / legendary	ravenswatch-wiki-data/data/Magical_Objects_Sources.tsv -> Objects_Common/Rare_Chest / legendary					
Sources / Rewards	Prior canonical explicit entity setting; active reward mapping unresolved	Objects_Common/Rare_Chest	none	none	none	cursed_entity_set_chance	50	percent	0.5 * 100	Only the stated decoded owner/default and condition; active-version selection unconfirmed	existing-table	No new raw active spawn mapping asserted. Template and live-map/display identity must be traced separately. Evidence ID: existing.Objects_Common/Rare_Chest.cursed	ravenswatch-wiki-data/data/Magical_Objects_Sources.tsv	Objects_Common/Rare_Chest / cursed	ravenswatch-wiki-data/data/Magical_Objects_Sources.tsv -> Objects_Common/Rare_Chest / cursed					
Sources / Rewards	Core	Objects_Common/Rare_Chest	none	none	none	active_reward_mapping_and_display_name		unknown		Only the stated decoded owner/default and condition; active-version selection unconfirmed	unresolved	Canonical source entity-set odds do not establish active-version ownership, tier display name or consumer. No arbitrary gameplay attribution. Evidence ID: existing.Objects_Common/Rare_Chest.active	ravenswatch-wiki-data/data/Magical_Objects_Sources.tsv	Objects_Common/Rare_Chest	ravenswatch-wiki-data/data/Magical_Objects_Sources.tsv -> Objects_Common/Rare_Chest					
Sources / Rewards	Prior canonical explicit entity setting; active reward mapping unresolved	Storm_Island/Objects_Storm_Island!Boss_Shrine_Jinn_Reward	none	none	none	common_entity_set_chance	0	percent	0 * 100	Only the stated decoded owner/default and condition; active-version selection unconfirmed	existing-table	No new raw active spawn mapping asserted. Template and live-map/display identity must be traced separately. Evidence ID: existing.Storm_Island/Objects_Storm_Island!Boss_Shrine_Jinn_Reward.common	ravenswatch-wiki-data/data/Magical_Objects_Sources.tsv	Storm_Island/Objects_Storm_Island!Boss_Shrine_Jinn_Reward / common	ravenswatch-wiki-data/data/Magical_Objects_Sources.tsv -> Storm_Island/Objects_Storm_Island!Boss_Shrine_Jinn_Reward / common					
Sources / Rewards	Prior canonical explicit entity setting; active reward mapping unresolved	Storm_Island/Objects_Storm_Island!Boss_Shrine_Jinn_Reward	none	none	none	rare_entity_set_chance	0	percent	0 * 100	Only the stated decoded owner/default and condition; active-version selection unconfirmed	existing-table	No new raw active spawn mapping asserted. Template and live-map/display identity must be traced separately. Evidence ID: existing.Storm_Island/Objects_Storm_Island!Boss_Shrine_Jinn_Reward.rare	ravenswatch-wiki-data/data/Magical_Objects_Sources.tsv	Storm_Island/Objects_Storm_Island!Boss_Shrine_Jinn_Reward / rare	ravenswatch-wiki-data/data/Magical_Objects_Sources.tsv -> Storm_Island/Objects_Storm_Island!Boss_Shrine_Jinn_Reward / rare					
Sources / Rewards	Prior canonical explicit entity setting; active reward mapping unresolved	Storm_Island/Objects_Storm_Island!Boss_Shrine_Jinn_Reward	none	none	none	epic_entity_set_chance	0	percent	0 * 100	Only the stated decoded owner/default and condition; active-version selection unconfirmed	existing-table	No new raw active spawn mapping asserted. Template and live-map/display identity must be traced separately. Evidence ID: existing.Storm_Island/Objects_Storm_Island!Boss_Shrine_Jinn_Reward.epic	ravenswatch-wiki-data/data/Magical_Objects_Sources.tsv	Storm_Island/Objects_Storm_Island!Boss_Shrine_Jinn_Reward / epic	ravenswatch-wiki-data/data/Magical_Objects_Sources.tsv -> Storm_Island/Objects_Storm_Island!Boss_Shrine_Jinn_Reward / epic					
Sources / Rewards	Prior canonical explicit entity setting; active reward mapping unresolved	Storm_Island/Objects_Storm_Island!Boss_Shrine_Jinn_Reward	none	none	none	legendary_entity_set_chance	0	percent	0 * 100	Only the stated decoded owner/default and condition; active-version selection unconfirmed	existing-table	No new raw active spawn mapping asserted. Template and live-map/display identity must be traced separately. Evidence ID: existing.Storm_Island/Objects_Storm_Island!Boss_Shrine_Jinn_Reward.legendary	ravenswatch-wiki-data/data/Magical_Objects_Sources.tsv	Storm_Island/Objects_Storm_Island!Boss_Shrine_Jinn_Reward / legendary	ravenswatch-wiki-data/data/Magical_Objects_Sources.tsv -> Storm_Island/Objects_Storm_Island!Boss_Shrine_Jinn_Reward / legendary					
Sources / Rewards	Prior canonical explicit entity setting; active reward mapping unresolved	Storm_Island/Objects_Storm_Island!Boss_Shrine_Jinn_Reward	none	none	none	cursed_entity_set_chance	100	percent	1 * 100	Only the stated decoded owner/default and condition; active-version selection unconfirmed	existing-table	No new raw active spawn mapping asserted. Template and live-map/display identity must be traced separately. Evidence ID: existing.Storm_Island/Objects_Storm_Island!Boss_Shrine_Jinn_Reward.cursed	ravenswatch-wiki-data/data/Magical_Objects_Sources.tsv	Storm_Island/Objects_Storm_Island!Boss_Shrine_Jinn_Reward / cursed	ravenswatch-wiki-data/data/Magical_Objects_Sources.tsv -> Storm_Island/Objects_Storm_Island!Boss_Shrine_Jinn_Reward / cursed					
Sources / Rewards	Core	Storm_Island/Objects_Storm_Island!Boss_Shrine_Jinn_Reward	none	none	none	active_reward_mapping_and_display_name		unknown		Only the stated decoded owner/default and condition; active-version selection unconfirmed	unresolved	Canonical source entity-set odds do not establish active-version ownership, tier display name or consumer. No arbitrary gameplay attribution. Evidence ID: existing.Storm_Island/Objects_Storm_Island!Boss_Shrine_Jinn_Reward.active	ravenswatch-wiki-data/data/Magical_Objects_Sources.tsv	Storm_Island/Objects_Storm_Island!Boss_Shrine_Jinn_Reward	ravenswatch-wiki-data/data/Magical_Objects_Sources.tsv -> Storm_Island/Objects_Storm_Island!Boss_Shrine_Jinn_Reward					
Sources / Rewards	Prior canonical explicit entity setting; active reward mapping unresolved	Storm_Island/Quest_Sinbad!Quest_Cyclop!Sinbad_Cyclop_Quest_Reward_Spawner	none	none	none	common_entity_set_chance	0	percent	0 * 100	Only the stated decoded owner/default and condition; active-version selection unconfirmed	existing-table	No new raw active spawn mapping asserted. Template and live-map/display identity must be traced separately. Evidence ID: existing.Storm_Island/Quest_Sinbad!Quest_Cyclop!Sinbad_Cyclop_Quest_Reward_Spawner.common	ravenswatch-wiki-data/data/Magical_Objects_Sources.tsv	Storm_Island/Quest_Sinbad!Quest_Cyclop!Sinbad_Cyclop_Quest_Reward_Spawner / common	ravenswatch-wiki-data/data/Magical_Objects_Sources.tsv -> Storm_Island/Quest_Sinbad!Quest_Cyclop!Sinbad_Cyclop_Quest_Reward_Spawner / common					
Sources / Rewards	Prior canonical explicit entity setting; active reward mapping unresolved	Storm_Island/Quest_Sinbad!Quest_Cyclop!Sinbad_Cyclop_Quest_Reward_Spawner	none	none	none	rare_entity_set_chance	0	percent	0 * 100	Only the stated decoded owner/default and condition; active-version selection unconfirmed	existing-table	No new raw active spawn mapping asserted. Template and live-map/display identity must be traced separately. Evidence ID: existing.Storm_Island/Quest_Sinbad!Quest_Cyclop!Sinbad_Cyclop_Quest_Reward_Spawner.rare	ravenswatch-wiki-data/data/Magical_Objects_Sources.tsv	Storm_Island/Quest_Sinbad!Quest_Cyclop!Sinbad_Cyclop_Quest_Reward_Spawner / rare	ravenswatch-wiki-data/data/Magical_Objects_Sources.tsv -> Storm_Island/Quest_Sinbad!Quest_Cyclop!Sinbad_Cyclop_Quest_Reward_Spawner / rare					
Sources / Rewards	Prior canonical explicit entity setting; active reward mapping unresolved	Storm_Island/Quest_Sinbad!Quest_Cyclop!Sinbad_Cyclop_Quest_Reward_Spawner	none	none	none	epic_entity_set_chance	0	percent	0 * 100	Only the stated decoded owner/default and condition; active-version selection unconfirmed	existing-table	No new raw active spawn mapping asserted. Template and live-map/display identity must be traced separately. Evidence ID: existing.Storm_Island/Quest_Sinbad!Quest_Cyclop!Sinbad_Cyclop_Quest_Reward_Spawner.epic	ravenswatch-wiki-data/data/Magical_Objects_Sources.tsv	Storm_Island/Quest_Sinbad!Quest_Cyclop!Sinbad_Cyclop_Quest_Reward_Spawner / epic	ravenswatch-wiki-data/data/Magical_Objects_Sources.tsv -> Storm_Island/Quest_Sinbad!Quest_Cyclop!Sinbad_Cyclop_Quest_Reward_Spawner / epic					
Sources / Rewards	Prior canonical explicit entity setting; active reward mapping unresolved	Storm_Island/Quest_Sinbad!Quest_Cyclop!Sinbad_Cyclop_Quest_Reward_Spawner	none	none	none	legendary_entity_set_chance	100	percent	1 * 100	Only the stated decoded owner/default and condition; active-version selection unconfirmed	existing-table	No new raw active spawn mapping asserted. Template and live-map/display identity must be traced separately. Evidence ID: existing.Storm_Island/Quest_Sinbad!Quest_Cyclop!Sinbad_Cyclop_Quest_Reward_Spawner.legendary	ravenswatch-wiki-data/data/Magical_Objects_Sources.tsv	Storm_Island/Quest_Sinbad!Quest_Cyclop!Sinbad_Cyclop_Quest_Reward_Spawner / legendary	ravenswatch-wiki-data/data/Magical_Objects_Sources.tsv -> Storm_Island/Quest_Sinbad!Quest_Cyclop!Sinbad_Cyclop_Quest_Reward_Spawner / legendary					
Sources / Rewards	Prior canonical explicit entity setting; active reward mapping unresolved	Storm_Island/Quest_Sinbad!Quest_Cyclop!Sinbad_Cyclop_Quest_Reward_Spawner	none	none	none	cursed_entity_set_chance	0	percent	0 * 100	Only the stated decoded owner/default and condition; active-version selection unconfirmed	existing-table	No new raw active spawn mapping asserted. Template and live-map/display identity must be traced separately. Evidence ID: existing.Storm_Island/Quest_Sinbad!Quest_Cyclop!Sinbad_Cyclop_Quest_Reward_Spawner.cursed	ravenswatch-wiki-data/data/Magical_Objects_Sources.tsv	Storm_Island/Quest_Sinbad!Quest_Cyclop!Sinbad_Cyclop_Quest_Reward_Spawner / cursed	ravenswatch-wiki-data/data/Magical_Objects_Sources.tsv -> Storm_Island/Quest_Sinbad!Quest_Cyclop!Sinbad_Cyclop_Quest_Reward_Spawner / cursed					
Sources / Rewards	Core	Storm_Island/Quest_Sinbad!Quest_Cyclop!Sinbad_Cyclop_Quest_Reward_Spawner	none	none	none	active_reward_mapping_and_display_name		unknown		Only the stated decoded owner/default and condition; active-version selection unconfirmed	unresolved	Canonical source entity-set odds do not establish active-version ownership, tier display name or consumer. No arbitrary gameplay attribution. Evidence ID: existing.Storm_Island/Quest_Sinbad!Quest_Cyclop!Sinbad_Cyclop_Quest_Reward_Spawner.active	ravenswatch-wiki-data/data/Magical_Objects_Sources.tsv	Storm_Island/Quest_Sinbad!Quest_Cyclop!Sinbad_Cyclop_Quest_Reward_Spawner	ravenswatch-wiki-data/data/Magical_Objects_Sources.tsv -> Storm_Island/Quest_Sinbad!Quest_Cyclop!Sinbad_Cyclop_Quest_Reward_Spawner					
Sources / Rewards	Prior canonical explicit entity setting; active reward mapping unresolved	Storm_Island/Quest_Sinbad!Quest_Roc!Roc_Quest_Reward_Spawner	none	none	none	common_entity_set_chance	0	percent	0 * 100	Only the stated decoded owner/default and condition; active-version selection unconfirmed	existing-table	No new raw active spawn mapping asserted. Template and live-map/display identity must be traced separately. Evidence ID: existing.Storm_Island/Quest_Sinbad!Quest_Roc!Roc_Quest_Reward_Spawner.common	ravenswatch-wiki-data/data/Magical_Objects_Sources.tsv	Storm_Island/Quest_Sinbad!Quest_Roc!Roc_Quest_Reward_Spawner / common	ravenswatch-wiki-data/data/Magical_Objects_Sources.tsv -> Storm_Island/Quest_Sinbad!Quest_Roc!Roc_Quest_Reward_Spawner / common					
Sources / Rewards	Prior canonical explicit entity setting; active reward mapping unresolved	Storm_Island/Quest_Sinbad!Quest_Roc!Roc_Quest_Reward_Spawner	none	none	none	rare_entity_set_chance	0	percent	0 * 100	Only the stated decoded owner/default and condition; active-version selection unconfirmed	existing-table	No new raw active spawn mapping asserted. Template and live-map/display identity must be traced separately. Evidence ID: existing.Storm_Island/Quest_Sinbad!Quest_Roc!Roc_Quest_Reward_Spawner.rare	ravenswatch-wiki-data/data/Magical_Objects_Sources.tsv	Storm_Island/Quest_Sinbad!Quest_Roc!Roc_Quest_Reward_Spawner / rare	ravenswatch-wiki-data/data/Magical_Objects_Sources.tsv -> Storm_Island/Quest_Sinbad!Quest_Roc!Roc_Quest_Reward_Spawner / rare					
Sources / Rewards	Prior canonical explicit entity setting; active reward mapping unresolved	Storm_Island/Quest_Sinbad!Quest_Roc!Roc_Quest_Reward_Spawner	none	none	none	epic_entity_set_chance	0	percent	0 * 100	Only the stated decoded owner/default and condition; active-version selection unconfirmed	existing-table	No new raw active spawn mapping asserted. Template and live-map/display identity must be traced separately. Evidence ID: existing.Storm_Island/Quest_Sinbad!Quest_Roc!Roc_Quest_Reward_Spawner.epic	ravenswatch-wiki-data/data/Magical_Objects_Sources.tsv	Storm_Island/Quest_Sinbad!Quest_Roc!Roc_Quest_Reward_Spawner / epic	ravenswatch-wiki-data/data/Magical_Objects_Sources.tsv -> Storm_Island/Quest_Sinbad!Quest_Roc!Roc_Quest_Reward_Spawner / epic					
Sources / Rewards	Prior canonical explicit entity setting; active reward mapping unresolved	Storm_Island/Quest_Sinbad!Quest_Roc!Roc_Quest_Reward_Spawner	none	none	none	legendary_entity_set_chance	100	percent	1 * 100	Only the stated decoded owner/default and condition; active-version selection unconfirmed	existing-table	No new raw active spawn mapping asserted. Template and live-map/display identity must be traced separately. Evidence ID: existing.Storm_Island/Quest_Sinbad!Quest_Roc!Roc_Quest_Reward_Spawner.legendary	ravenswatch-wiki-data/data/Magical_Objects_Sources.tsv	Storm_Island/Quest_Sinbad!Quest_Roc!Roc_Quest_Reward_Spawner / legendary	ravenswatch-wiki-data/data/Magical_Objects_Sources.tsv -> Storm_Island/Quest_Sinbad!Quest_Roc!Roc_Quest_Reward_Spawner / legendary					
Sources / Rewards	Prior canonical explicit entity setting; active reward mapping unresolved	Storm_Island/Quest_Sinbad!Quest_Roc!Roc_Quest_Reward_Spawner	none	none	none	cursed_entity_set_chance	0	percent	0 * 100	Only the stated decoded owner/default and condition; active-version selection unconfirmed	existing-table	No new raw active spawn mapping asserted. Template and live-map/display identity must be traced separately. Evidence ID: existing.Storm_Island/Quest_Sinbad!Quest_Roc!Roc_Quest_Reward_Spawner.cursed	ravenswatch-wiki-data/data/Magical_Objects_Sources.tsv	Storm_Island/Quest_Sinbad!Quest_Roc!Roc_Quest_Reward_Spawner / cursed	ravenswatch-wiki-data/data/Magical_Objects_Sources.tsv -> Storm_Island/Quest_Sinbad!Quest_Roc!Roc_Quest_Reward_Spawner / cursed					
Sources / Rewards	Core	Storm_Island/Quest_Sinbad!Quest_Roc!Roc_Quest_Reward_Spawner	none	none	none	active_reward_mapping_and_display_name		unknown		Only the stated decoded owner/default and condition; active-version selection unconfirmed	unresolved	Canonical source entity-set odds do not establish active-version ownership, tier display name or consumer. No arbitrary gameplay attribution. Evidence ID: existing.Storm_Island/Quest_Sinbad!Quest_Roc!Roc_Quest_Reward_Spawner.active	ravenswatch-wiki-data/data/Magical_Objects_Sources.tsv	Storm_Island/Quest_Sinbad!Quest_Roc!Roc_Quest_Reward_Spawner	ravenswatch-wiki-data/data/Magical_Objects_Sources.tsv -> Storm_Island/Quest_Sinbad!Quest_Roc!Roc_Quest_Reward_Spawner					
Sources / Prices	Core	Sandman	none	none	none	price_or_reward_rule		unknown		Only the stated decoded owner/default and condition; active-version selection unconfirmed	unresolved	No corresponding typed owner/definition operation reachable in this bounded repair. Not covered by canonical source odds export. Evidence ID: sources.Sandman.price_or_reward_rule			blocked: source/code-owned rule not established					
Sources / Prices	Core	Sandman	none	none	none	rarity_selection_rule		unknown		Only the stated decoded owner/default and condition; active-version selection unconfirmed	unresolved	No corresponding typed owner/definition operation reachable in this bounded repair. Not covered by canonical source odds export. Evidence ID: sources.Sandman.rarity_selection_rule			blocked: source/code-owned rule not established					
Sources / Prices	Core	Sandman	none	none	none	region_difficulty_modifiers		unknown		Only the stated decoded owner/default and condition; active-version selection unconfirmed	unresolved	No corresponding typed owner/definition operation reachable in this bounded repair. Not covered by canonical source odds export. Evidence ID: sources.Sandman.region_difficulty_modifiers			blocked: source/code-owned rule not established					
Sources / Prices	Core	Shops	none	none	none	price_or_reward_rule		unknown		Only the stated decoded owner/default and condition; active-version selection unconfirmed	unresolved	No corresponding typed owner/definition operation reachable in this bounded repair. Not covered by canonical source odds export. Evidence ID: sources.Shops.price_or_reward_rule			blocked: source/code-owned rule not established					
Sources / Prices	Core	Shops	none	none	none	rarity_selection_rule		unknown		Only the stated decoded owner/default and condition; active-version selection unconfirmed	unresolved	No corresponding typed owner/definition operation reachable in this bounded repair. Not covered by canonical source odds export. Evidence ID: sources.Shops.rarity_selection_rule			blocked: source/code-owned rule not established					
Sources / Prices	Core	Shops	none	none	none	region_difficulty_modifiers		unknown		Only the stated decoded owner/default and condition; active-version selection unconfirmed	unresolved	No corresponding typed owner/definition operation reachable in this bounded repair. Not covered by canonical source odds export. Evidence ID: sources.Shops.region_difficulty_modifiers			blocked: source/code-owned rule not established					
Sources / Prices	Core	Camp rewards	none	none	none	price_or_reward_rule		unknown		Only the stated decoded owner/default and condition; active-version selection unconfirmed	unresolved	No corresponding typed owner/definition operation reachable in this bounded repair. Not covered by canonical source odds export. Evidence ID: sources.Camp rewards.price_or_reward_rule			blocked: source/code-owned rule not established					
Sources / Prices	Core	Camp rewards	none	none	none	rarity_selection_rule		unknown		Only the stated decoded owner/default and condition; active-version selection unconfirmed	unresolved	No corresponding typed owner/definition operation reachable in this bounded repair. Not covered by canonical source odds export. Evidence ID: sources.Camp rewards.rarity_selection_rule			blocked: source/code-owned rule not established					
Sources / Prices	Core	Camp rewards	none	none	none	region_difficulty_modifiers		unknown		Only the stated decoded owner/default and condition; active-version selection unconfirmed	unresolved	No corresponding typed owner/definition operation reachable in this bounded repair. Not covered by canonical source odds export. Evidence ID: sources.Camp rewards.region_difficulty_modifiers			blocked: source/code-owned rule not established					
Difficulties	Adventure	Adventure	Common.LangEN.tsv	Difficulty_Normal_Desc	242	game_rule_description	Game rules set by default	text		Only the stated decoded owner/default and condition; active-version selection unconfirmed	static-text	Canonical qualitative text only; not numeric modifier evidence. Evidence ID: difficulty.Adventure.description			blocked: source/code-owned rule not established					
Difficulties	Adventure	Adventure	Common.LangEN.tsv	Difficulty_Normal_Title	240	enemy_health_modifier		unknown		Only the stated decoded owner/default and condition; active-version selection unconfirmed	unresolved	Mode->runtime modifier properties/code unavailable to typed Entity parser; generic camp difficulty ratings are not global difficulty rules. Evidence ID: difficulty.Adventure.enemy_health_modifier			blocked: source/code-owned rule not established					
Difficulties	Adventure	Adventure	Common.LangEN.tsv	Difficulty_Normal_Title	240	enemy_damage_modifier		unknown		Only the stated decoded owner/default and condition; active-version selection unconfirmed	unresolved	Mode->runtime modifier properties/code unavailable to typed Entity parser; generic camp difficulty ratings are not global difficulty rules. Evidence ID: difficulty.Adventure.enemy_damage_modifier			blocked: source/code-owned rule not established					
Difficulties	Adventure	Adventure	Common.LangEN.tsv	Difficulty_Normal_Title	240	enemy_stagger_resistance_modifier		unknown		Only the stated decoded owner/default and condition; active-version selection unconfirmed	unresolved	Mode->runtime modifier properties/code unavailable to typed Entity parser; generic camp difficulty ratings are not global difficulty rules. Evidence ID: difficulty.Adventure.enemy_stagger_resistance_modifier			blocked: source/code-owned rule not established					
Difficulties	Adventure	Adventure	Common.LangEN.tsv	Difficulty_Normal_Title	240	master_nightmare_health_modifier		unknown		Only the stated decoded owner/default and condition; active-version selection unconfirmed	unresolved	Mode->runtime modifier properties/code unavailable to typed Entity parser; generic camp difficulty ratings are not global difficulty rules. Evidence ID: difficulty.Adventure.master_nightmare_health_modifier			blocked: source/code-owned rule not established					
Difficulties	Adventure	Adventure	Common.LangEN.tsv	Difficulty_Normal_Title	240	master_nightmare_damage_modifier		unknown		Only the stated decoded owner/default and condition; active-version selection unconfirmed	unresolved	Mode->runtime modifier properties/code unavailable to typed Entity parser; generic camp difficulty ratings are not global difficulty rules. Evidence ID: difficulty.Adventure.master_nightmare_damage_modifier			blocked: source/code-owned rule not established					
Difficulties	Adventure	Adventure	Common.LangEN.tsv	Difficulty_Normal_Title	240	master_nightmare_stagger_resistance_modifier		unknown		Only the stated decoded owner/default and condition; active-version selection unconfirmed	unresolved	Mode->runtime modifier properties/code unavailable to typed Entity parser; generic camp difficulty ratings are not global difficulty rules. Evidence ID: difficulty.Adventure.master_nightmare_stagger_resistance_modifier			blocked: source/code-owned rule not established					
Difficulties	Adventure	Adventure	Common.LangEN.tsv	Difficulty_Normal_Title	240	healing_orb_modifier		unknown		Only the stated decoded owner/default and condition; active-version selection unconfirmed	unresolved	Mode->runtime modifier properties/code unavailable to typed Entity parser; generic camp difficulty ratings are not global difficulty rules. Evidence ID: difficulty.Adventure.healing_orb_modifier			blocked: source/code-owned rule not established					
Difficulties	Adventure	Adventure	Common.LangEN.tsv	Difficulty_Normal_Title	240	corrupted_spawn_rule_probability		unknown		Only the stated decoded owner/default and condition; active-version selection unconfirmed	unresolved	Mode->runtime modifier properties/code unavailable to typed Entity parser; generic camp difficulty ratings are not global difficulty rules. Evidence ID: difficulty.Adventure.corrupted_spawn_rule_probability			blocked: source/code-owned rule not established					
Difficulties	Adventure	Adventure	Common.LangEN.tsv	Difficulty_Normal_Title	240	high_rank_spawn_rule_probability		unknown		Only the stated decoded owner/default and condition; active-version selection unconfirmed	unresolved	Mode->runtime modifier properties/code unavailable to typed Entity parser; generic camp difficulty ratings are not global difficulty rules. Evidence ID: difficulty.Adventure.high_rank_spawn_rule_probability			blocked: source/code-owned rule not established					
Difficulties	Adventure	Adventure	Common.LangEN.tsv	Difficulty_Normal_Title	240	inherited_modifier_rules		unknown		Only the stated decoded owner/default and condition; active-version selection unconfirmed	unresolved	Mode->runtime modifier properties/code unavailable to typed Entity parser; generic camp difficulty ratings are not global difficulty rules. Evidence ID: difficulty.Adventure.inherited_modifier_rules			blocked: source/code-owned rule not established					
Difficulties	Twilight	Twilight	Common.LangEN.tsv	Difficulty_Hard_Desc	245	game_rule_description	Corrupted enemies can appear\nMaster Nightmares are stronger	text		Only the stated decoded owner/default and condition; active-version selection unconfirmed	static-text	Canonical qualitative text only; not numeric modifier evidence. Evidence ID: difficulty.Twilight.description			blocked: source/code-owned rule not established					
Difficulties	Twilight	Twilight	Common.LangEN.tsv	Difficulty_Hard_Title	243	enemy_health_modifier		unknown		Only the stated decoded owner/default and condition; active-version selection unconfirmed	unresolved	Mode->runtime modifier properties/code unavailable to typed Entity parser; generic camp difficulty ratings are not global difficulty rules. Evidence ID: difficulty.Twilight.enemy_health_modifier			blocked: source/code-owned rule not established					
Difficulties	Twilight	Twilight	Common.LangEN.tsv	Difficulty_Hard_Title	243	enemy_damage_modifier		unknown		Only the stated decoded owner/default and condition; active-version selection unconfirmed	unresolved	Mode->runtime modifier properties/code unavailable to typed Entity parser; generic camp difficulty ratings are not global difficulty rules. Evidence ID: difficulty.Twilight.enemy_damage_modifier			blocked: source/code-owned rule not established					
Difficulties	Twilight	Twilight	Common.LangEN.tsv	Difficulty_Hard_Title	243	enemy_stagger_resistance_modifier		unknown		Only the stated decoded owner/default and condition; active-version selection unconfirmed	unresolved	Mode->runtime modifier properties/code unavailable to typed Entity parser; generic camp difficulty ratings are not global difficulty rules. Evidence ID: difficulty.Twilight.enemy_stagger_resistance_modifier			blocked: source/code-owned rule not established					
Difficulties	Twilight	Twilight	Common.LangEN.tsv	Difficulty_Hard_Title	243	master_nightmare_health_modifier		unknown		Only the stated decoded owner/default and condition; active-version selection unconfirmed	unresolved	Mode->runtime modifier properties/code unavailable to typed Entity parser; generic camp difficulty ratings are not global difficulty rules. Evidence ID: difficulty.Twilight.master_nightmare_health_modifier			blocked: source/code-owned rule not established					
Difficulties	Twilight	Twilight	Common.LangEN.tsv	Difficulty_Hard_Title	243	master_nightmare_damage_modifier		unknown		Only the stated decoded owner/default and condition; active-version selection unconfirmed	unresolved	Mode->runtime modifier properties/code unavailable to typed Entity parser; generic camp difficulty ratings are not global difficulty rules. Evidence ID: difficulty.Twilight.master_nightmare_damage_modifier			blocked: source/code-owned rule not established					
Difficulties	Twilight	Twilight	Common.LangEN.tsv	Difficulty_Hard_Title	243	master_nightmare_stagger_resistance_modifier		unknown		Only the stated decoded owner/default and condition; active-version selection unconfirmed	unresolved	Mode->runtime modifier properties/code unavailable to typed Entity parser; generic camp difficulty ratings are not global difficulty rules. Evidence ID: difficulty.Twilight.master_nightmare_stagger_resistance_modifier			blocked: source/code-owned rule not established					
Difficulties	Twilight	Twilight	Common.LangEN.tsv	Difficulty_Hard_Title	243	healing_orb_modifier		unknown		Only the stated decoded owner/default and condition; active-version selection unconfirmed	unresolved	Mode->runtime modifier properties/code unavailable to typed Entity parser; generic camp difficulty ratings are not global difficulty rules. Evidence ID: difficulty.Twilight.healing_orb_modifier			blocked: source/code-owned rule not established					
Difficulties	Twilight	Twilight	Common.LangEN.tsv	Difficulty_Hard_Title	243	corrupted_spawn_rule_probability		unknown		Only the stated decoded owner/default and condition; active-version selection unconfirmed	unresolved	Mode->runtime modifier properties/code unavailable to typed Entity parser; generic camp difficulty ratings are not global difficulty rules. Evidence ID: difficulty.Twilight.corrupted_spawn_rule_probability			blocked: source/code-owned rule not established					
Difficulties	Twilight	Twilight	Common.LangEN.tsv	Difficulty_Hard_Title	243	high_rank_spawn_rule_probability		unknown		Only the stated decoded owner/default and condition; active-version selection unconfirmed	unresolved	Mode->runtime modifier properties/code unavailable to typed Entity parser; generic camp difficulty ratings are not global difficulty rules. Evidence ID: difficulty.Twilight.high_rank_spawn_rule_probability			blocked: source/code-owned rule not established					
Difficulties	Twilight	Twilight	Common.LangEN.tsv	Difficulty_Hard_Title	243	inherited_modifier_rules		unknown		Only the stated decoded owner/default and condition; active-version selection unconfirmed	unresolved	Mode->runtime modifier properties/code unavailable to typed Entity parser; generic camp difficulty ratings are not global difficulty rules. Evidence ID: difficulty.Twilight.inherited_modifier_rules			blocked: source/code-owned rule not established					
Difficulties	Darkness	Darkness	Common.LangEN.tsv	Difficulty_VeryHard_Desc	248	game_rule_description	Healing orbs heal less\nMaster Nightmares are even stronger!	text		Only the stated decoded owner/default and condition; active-version selection unconfirmed	static-text	Canonical qualitative text only; not numeric modifier evidence. Evidence ID: difficulty.Darkness.description			blocked: source/code-owned rule not established					
Difficulties	Darkness	Darkness	Common.LangEN.tsv	Difficulty_VeryHard_Title	246	enemy_health_modifier		unknown		Only the stated decoded owner/default and condition; active-version selection unconfirmed	unresolved	Mode->runtime modifier properties/code unavailable to typed Entity parser; generic camp difficulty ratings are not global difficulty rules. Evidence ID: difficulty.Darkness.enemy_health_modifier			blocked: source/code-owned rule not established					
Difficulties	Darkness	Darkness	Common.LangEN.tsv	Difficulty_VeryHard_Title	246	enemy_damage_modifier		unknown		Only the stated decoded owner/default and condition; active-version selection unconfirmed	unresolved	Mode->runtime modifier properties/code unavailable to typed Entity parser; generic camp difficulty ratings are not global difficulty rules. Evidence ID: difficulty.Darkness.enemy_damage_modifier			blocked: source/code-owned rule not established					
Difficulties	Darkness	Darkness	Common.LangEN.tsv	Difficulty_VeryHard_Title	246	enemy_stagger_resistance_modifier		unknown		Only the stated decoded owner/default and condition; active-version selection unconfirmed	unresolved	Mode->runtime modifier properties/code unavailable to typed Entity parser; generic camp difficulty ratings are not global difficulty rules. Evidence ID: difficulty.Darkness.enemy_stagger_resistance_modifier			blocked: source/code-owned rule not established					
Difficulties	Darkness	Darkness	Common.LangEN.tsv	Difficulty_VeryHard_Title	246	master_nightmare_health_modifier		unknown		Only the stated decoded owner/default and condition; active-version selection unconfirmed	unresolved	Mode->runtime modifier properties/code unavailable to typed Entity parser; generic camp difficulty ratings are not global difficulty rules. Evidence ID: difficulty.Darkness.master_nightmare_health_modifier			blocked: source/code-owned rule not established					
Difficulties	Darkness	Darkness	Common.LangEN.tsv	Difficulty_VeryHard_Title	246	master_nightmare_damage_modifier		unknown		Only the stated decoded owner/default and condition; active-version selection unconfirmed	unresolved	Mode->runtime modifier properties/code unavailable to typed Entity parser; generic camp difficulty ratings are not global difficulty rules. Evidence ID: difficulty.Darkness.master_nightmare_damage_modifier			blocked: source/code-owned rule not established					
Difficulties	Darkness	Darkness	Common.LangEN.tsv	Difficulty_VeryHard_Title	246	master_nightmare_stagger_resistance_modifier		unknown		Only the stated decoded owner/default and condition; active-version selection unconfirmed	unresolved	Mode->runtime modifier properties/code unavailable to typed Entity parser; generic camp difficulty ratings are not global difficulty rules. Evidence ID: difficulty.Darkness.master_nightmare_stagger_resistance_modifier			blocked: source/code-owned rule not established					
Difficulties	Darkness	Darkness	Common.LangEN.tsv	Difficulty_VeryHard_Title	246	healing_orb_modifier		unknown		Only the stated decoded owner/default and condition; active-version selection unconfirmed	unresolved	Mode->runtime modifier properties/code unavailable to typed Entity parser; generic camp difficulty ratings are not global difficulty rules. Evidence ID: difficulty.Darkness.healing_orb_modifier			blocked: source/code-owned rule not established					
Difficulties	Darkness	Darkness	Common.LangEN.tsv	Difficulty_VeryHard_Title	246	corrupted_spawn_rule_probability		unknown		Only the stated decoded owner/default and condition; active-version selection unconfirmed	unresolved	Mode->runtime modifier properties/code unavailable to typed Entity parser; generic camp difficulty ratings are not global difficulty rules. Evidence ID: difficulty.Darkness.corrupted_spawn_rule_probability			blocked: source/code-owned rule not established					
Difficulties	Darkness	Darkness	Common.LangEN.tsv	Difficulty_VeryHard_Title	246	high_rank_spawn_rule_probability		unknown		Only the stated decoded owner/default and condition; active-version selection unconfirmed	unresolved	Mode->runtime modifier properties/code unavailable to typed Entity parser; generic camp difficulty ratings are not global difficulty rules. Evidence ID: difficulty.Darkness.high_rank_spawn_rule_probability			blocked: source/code-owned rule not established					
Difficulties	Darkness	Darkness	Common.LangEN.tsv	Difficulty_VeryHard_Title	246	inherited_modifier_rules		unknown		Only the stated decoded owner/default and condition; active-version selection unconfirmed	unresolved	Mode->runtime modifier properties/code unavailable to typed Entity parser; generic camp difficulty ratings are not global difficulty rules. Evidence ID: difficulty.Darkness.inherited_modifier_rules			blocked: source/code-owned rule not established					
Difficulties	Nightmare	Nightmare	Common.LangEN.tsv	Difficulty_Nightmare_Desc	251	game_rule_description	More high-rank enemies\nAll enemies are stronger!	text		Only the stated decoded owner/default and condition; active-version selection unconfirmed	static-text	Canonical qualitative text only; not numeric modifier evidence. Evidence ID: difficulty.Nightmare.description			blocked: source/code-owned rule not established					
Difficulties	Nightmare	Nightmare	Common.LangEN.tsv	Difficulty_Nightmare_Title	249	enemy_health_modifier		unknown		Only the stated decoded owner/default and condition; active-version selection unconfirmed	unresolved	Mode->runtime modifier properties/code unavailable to typed Entity parser; generic camp difficulty ratings are not global difficulty rules. Evidence ID: difficulty.Nightmare.enemy_health_modifier			blocked: source/code-owned rule not established					
Difficulties	Nightmare	Nightmare	Common.LangEN.tsv	Difficulty_Nightmare_Title	249	enemy_damage_modifier		unknown		Only the stated decoded owner/default and condition; active-version selection unconfirmed	unresolved	Mode->runtime modifier properties/code unavailable to typed Entity parser; generic camp difficulty ratings are not global difficulty rules. Evidence ID: difficulty.Nightmare.enemy_damage_modifier			blocked: source/code-owned rule not established					
Difficulties	Nightmare	Nightmare	Common.LangEN.tsv	Difficulty_Nightmare_Title	249	enemy_stagger_resistance_modifier		unknown		Only the stated decoded owner/default and condition; active-version selection unconfirmed	unresolved	Mode->runtime modifier properties/code unavailable to typed Entity parser; generic camp difficulty ratings are not global difficulty rules. Evidence ID: difficulty.Nightmare.enemy_stagger_resistance_modifier			blocked: source/code-owned rule not established					
Difficulties	Nightmare	Nightmare	Common.LangEN.tsv	Difficulty_Nightmare_Title	249	master_nightmare_health_modifier		unknown		Only the stated decoded owner/default and condition; active-version selection unconfirmed	unresolved	Mode->runtime modifier properties/code unavailable to typed Entity parser; generic camp difficulty ratings are not global difficulty rules. Evidence ID: difficulty.Nightmare.master_nightmare_health_modifier			blocked: source/code-owned rule not established					
Difficulties	Nightmare	Nightmare	Common.LangEN.tsv	Difficulty_Nightmare_Title	249	master_nightmare_damage_modifier		unknown		Only the stated decoded owner/default and condition; active-version selection unconfirmed	unresolved	Mode->runtime modifier properties/code unavailable to typed Entity parser; generic camp difficulty ratings are not global difficulty rules. Evidence ID: difficulty.Nightmare.master_nightmare_damage_modifier			blocked: source/code-owned rule not established					
Difficulties	Nightmare	Nightmare	Common.LangEN.tsv	Difficulty_Nightmare_Title	249	master_nightmare_stagger_resistance_modifier		unknown		Only the stated decoded owner/default and condition; active-version selection unconfirmed	unresolved	Mode->runtime modifier properties/code unavailable to typed Entity parser; generic camp difficulty ratings are not global difficulty rules. Evidence ID: difficulty.Nightmare.master_nightmare_stagger_resistance_modifier			blocked: source/code-owned rule not established					
Difficulties	Nightmare	Nightmare	Common.LangEN.tsv	Difficulty_Nightmare_Title	249	healing_orb_modifier		unknown		Only the stated decoded owner/default and condition; active-version selection unconfirmed	unresolved	Mode->runtime modifier properties/code unavailable to typed Entity parser; generic camp difficulty ratings are not global difficulty rules. Evidence ID: difficulty.Nightmare.healing_orb_modifier			blocked: source/code-owned rule not established					
Difficulties	Nightmare	Nightmare	Common.LangEN.tsv	Difficulty_Nightmare_Title	249	corrupted_spawn_rule_probability		unknown		Only the stated decoded owner/default and condition; active-version selection unconfirmed	unresolved	Mode->runtime modifier properties/code unavailable to typed Entity parser; generic camp difficulty ratings are not global difficulty rules. Evidence ID: difficulty.Nightmare.corrupted_spawn_rule_probability			blocked: source/code-owned rule not established					
Difficulties	Nightmare	Nightmare	Common.LangEN.tsv	Difficulty_Nightmare_Title	249	high_rank_spawn_rule_probability		unknown		Only the stated decoded owner/default and condition; active-version selection unconfirmed	unresolved	Mode->runtime modifier properties/code unavailable to typed Entity parser; generic camp difficulty ratings are not global difficulty rules. Evidence ID: difficulty.Nightmare.high_rank_spawn_rule_probability			blocked: source/code-owned rule not established					
Difficulties	Nightmare	Nightmare	Common.LangEN.tsv	Difficulty_Nightmare_Title	249	inherited_modifier_rules		unknown		Only the stated decoded owner/default and condition; active-version selection unconfirmed	unresolved	Mode->runtime modifier properties/code unavailable to typed Entity parser; generic camp difficulty ratings are not global difficulty rules. Evidence ID: difficulty.Nightmare.inherited_modifier_rules			blocked: source/code-owned rule not established					
Timers	Core	Chapter Duration	none	none	none	total_chapter_time		unknown		Only the stated decoded owner/default and condition; active-version selection unconfirmed	unresolved	Hourglass_Model is reward/UI owner, not proof of18min/135s schedule. Ot/Common_Settings.level.ot.GameStream.gen requires unsupported stream parser; no byte/string guessing used. Evidence ID: timers.total_chapter_time			blocked: source/code-owned rule not established					
Timers	Core	Chapter Duration	none	none	none	awakening_to_showdown_interval		unknown		Only the stated decoded owner/default and condition; active-version selection unconfirmed	unresolved	Hourglass_Model is reward/UI owner, not proof of18min/135s schedule. Ot/Common_Settings.level.ot.GameStream.gen requires unsupported stream parser; no byte/string guessing used. Evidence ID: timers.awakening_to_showdown_interval			blocked: source/code-owned rule not established					
Timers	Core	Chapter Duration	none	none	none	Otohime_timer_formula		unknown		Only the stated decoded owner/default and condition; active-version selection unconfirmed	unresolved	Hourglass_Model is reward/UI owner, not proof of18min/135s schedule. Ot/Common_Settings.level.ot.GameStream.gen requires unsupported stream parser; no byte/string guessing used. Evidence ID: timers.Otohime_timer_formula			blocked: source/code-owned rule not established					
Timers	Core	Day/Night Cycle	none	none	none	phase_duration		unknown		Only the stated decoded owner/default and condition; active-version selection unconfirmed	unresolved	Hourglass_Model is reward/UI owner, not proof of18min/135s schedule. Ot/Common_Settings.level.ot.GameStream.gen requires unsupported stream parser; no byte/string guessing used. Evidence ID: timers.phase_duration			blocked: source/code-owned rule not established					
Timers	Core	Day/Night Cycle	none	none	none	initial_phase		unknown		Only the stated decoded owner/default and condition; active-version selection unconfirmed	unresolved	Hourglass_Model is reward/UI owner, not proof of18min/135s schedule. Ot/Common_Settings.level.ot.GameStream.gen requires unsupported stream parser; no byte/string guessing used. Evidence ID: timers.initial_phase			blocked: source/code-owned rule not established					
Timers	Core	Day/Night Cycle	none	none	none	transition_schedule		unknown		Only the stated decoded owner/default and condition; active-version selection unconfirmed	unresolved	Hourglass_Model is reward/UI owner, not proof of18min/135s schedule. Ot/Common_Settings.level.ot.GameStream.gen requires unsupported stream parser; no byte/string guessing used. Evidence ID: timers.transition_schedule			blocked: source/code-owned rule not established					
